paipaiworld_config,Unnamed: 1,Unnamed: 2,Unnamed: 3,Unnamed: 4
INT_K,INT_S_C,LONG_S_C,LONG_C_S,MAP<INT:LONG>_C_S
order,drop_type,kongfu_min,kongfu_max,extra_drop_num
序号,产出类型（1-银币 2-装备分 3-经验）,武力值区间，下限,武力值区间，上限,冒险等级:额外掉落数量
10001,1,0,714,1:0_2:0_3:0_4:0_5:0_6:0_7:0_8:0_9:0_10:0_11:0_12:0_13:0_14:0_15:0_16:0_17:0_18:0_19:0_20:0_21:0_22:0_23:0_24:0_25:0_26:0_27:0_28:0_29:0_30:0_31:0_32:0_33:0_34:0_35:0_36:0_37:0_38:0_39:0_40:0_41:0_42:0_43:0_44:0_45:0_46:0_47:0_48:0_49:0_50:0_51:0_52:0_53:0_54:0_55:0_56:0_57:0_58:0_59:0_60:0_61:0_62:0_63:0_64:0_65:0_66:0_67:0_68:0_69:0_70:0_71:0_72:0_73:0_74:0_75:0_76:0_77:0_78:0_79:0_80:0_81:0_82:0_83:0_84:0_85:0_86:0_87:0_88:0_89:0_90:0_91:0_92:0_93:0_94:0_95:0_96:0_97:0_98:0_99:0_100:0_101:0_102:0_103:0_104:0_105:0_106:0_107:0_108:0_109:0_110:0_111:0_112:0_113:0_114:0_115:0_116:0_117:0_118:0_119:0_120:0_121:0_122:0_123:0_124:0_125:0_126:0_127:0_128:0_129:0_130:0_131:0_132:0_133:0_134:0_135:0_136:0_137:0_138:0_139:0_140:0_141:0_142:0_143:0_144:0_145:0_146:0_147:0_148:0_149:0_150:0_151:0_152:0_153:0_154:0_155:0_156:0_157:0_158:0_159:0_160:0
10002,1,715,879,1:0_2:0_3:0_4:0_5:0_6:0_7:0_8:0_9:0_10:0_11:0_12:0_13:0_14:0_15:0_16:0_17:0_18:0_19:0_20:0_21:0_22:0_23:0_24:0_25:0_26:0_27:0_28:0_29:0_30:0_31:0_32:0_33:0_34:0_35:0_36:0_37:0_38:0_39:0_40:0_41:0_42:0_43:0_44:0_45:0_46:0_47:0_48:0_49:0_50:0_51:0_52:0_53:0_54:0_55:0_56:0_57:0_58:0_59:0_60:0_61:0_62:0_63:0_64:0_65:0_66:0_67:0_68:0_69:0_70:0_71:0_72:0_73:0_74:0_75:0_76:0_77:0_78:0_79:0_80:0_81:0_82:0_83:0_84:0_85:0_86:0_87:0_88:0_89:0_90:0_91:0_92:0_93:0_94:0_95:0_96:0_97:0_98:0_99:0_100:0_101:0_102:0_103:0_104:0_105:0_106:0_107:0_108:0_109:0_110:0_111:0_112:0_113:0_114:0_115:0_116:0_117:0_118:0_119:0_120:0_121:0_122:0_123:0_124:0_125:0_126:0_127:0_128:0_129:0_130:0_131:0_132:0_133:0_134:0_135:0_136:0_137:0_138:0_139:0_140:0_141:0_142:0_143:0_144:0_145:0_146:0_147:0_148:0_149:0_150:0_151:0_152:0_153:0_154:0_155:0_156:0_157:0_158:0_159:0_160:0
10003,1,880,1319,1:0_2:0_3:0_4:0_5:0_6:0_7:0_8:0_9:0_10:0_11:0_12:0_13:0_14:0_15:0_16:0_17:0_18:0_19:0_20:0_21:0_22:0_23:0_24:0_25:0_26:0_27:0_28:0_29:0_30:0_31:0_32:0_33:0_34:0_35:0_36:0_37:0_38:0_39:0_40:0_41:0_42:0_43:0_44:0_45:0_46:0_47:0_48:0_49:0_50:0_51:0_52:0_53:0_54:0_55:0_56:0_57:0_58:0_59:0_60:0_61:0_62:0_63:0_64:0_65:0_66:0_67:0_68:0_69:0_70:0_71:0_72:0_73:0_74:0_75:0_76:0_77:0_78:0_79:0_80:0_81:0_82:0_83:0_84:0_85:0_86:0_87:0_88:0_89:0_90:0_91:0_92:0_93:0_94:0_95:0_96:0_97:0_98:0_99:0_100:0_101:0_102:0_103:0_104:0_105:0_106:0_107:0_108:0_109:0_110:0_111:0_112:0_113:0_114:0_115:0_116:0_117:0_118:0_119:0_120:0_121:0_122:0_123:0_124:0_125:0_126:0_127:0_128:0_129:0_130:0_131:0_132:0_133:0_134:0_135:0_136:0_137:0_138:0_139:0_140:0_141:0_142:0_143:0_144:0_145:0_146:0_147:0_148:0_149:0_150:0_151:0_152:0_153:0_154:0_155:0_156:0_157:0_158:0_159:0_160:0
10004,1,1320,1799,1:0_2:0_3:0_4:0_5:0_6:0_7:0_8:0_9:0_10:0_11:0_12:0_13:0_14:0_15:0_16:0_17:0_18:0_19:0_20:0_21:0_22:0_23:0_24:0_25:0_26:0_27:0_28:0_29:0_30:0_31:0_32:0_33:0_34:0_35:0_36:0_37:0_38:0_39:0_40:0_41:0_42:0_43:0_44:0_45:0_46:0_47:0_48:0_49:0_50:0_51:0_52:0_53:0_54:0_55:0_56:0_57:0_58:0_59:0_60:0_61:0_62:0_63:0_64:0_65:0_66:0_67:0_68:0_69:0_70:0_71:0_72:0_73:0_74:0_75:0_76:0_77:0_78:0_79:0_80:0_81:0_82:0_83:0_84:0_85:0_86:0_87:0_88:0_89:0_90:0_91:0_92:0_93:0_94:0_95:0_96:0_97:0_98:0_99:0_100:0_101:0_102:0_103:0_104:0_105:0_106:0_107:0_108:0_109:0_110:0_111:0_112:0_113:0_114:0_115:0_116:0_117:0_118:0_119:0_120:0_121:0_122:0_123:0_124:0_125:0_126:0_127:0_128:0_129:0_130:0_131:0_132:0_133:0_134:0_135:0_136:0_137:0_138:0_139:0_140:0_141:0_142:0_143:0_144:0_145:0_146:0_147:0_148:0_149:0_150:0_151:0_152:0_153:0_154:0_155:0_156:0_157:0_158:0_159:0_160:0
10005,1,1800,2199,1:0_2:0_3:0_4:0_5:0_6:0_7:0_8:0_9:0_10:0_11:0_12:0_13:0_14:0_15:0_16:0_17:0_18:0_19:0_20:0_21:0_22:0_23:0_24:0_25:0_26:0_27:0_28:0_29:0_30:0_31:0_32:0_33:0_34:0_35:0_36:0_37:0_38:0_39:0_40:0_41:0_42:0_43:0_44:0_45:0_46:0_47:0_48:0_49:0_50:0_51:0_52:0_53:0_54:0_55:0_56:0_57:0_58:0_59:0_60:0_61:0_62:0_63:0_64:0_65:0_66:0_67:0_68:0_69:0_70:0_71:0_72:0_73:0_74:0_75:0_76:0_77:0_78:0_79:0_80:0_81:0_82:0_83:0_84:0_85:0_86:0_87:0_88:0_89:0_90:0_91:0_92:0_93:0_94:0_95:0_96:0_97:0_98:0_99:0_100:0_101:0_102:0_103:0_104:0_105:0_106:0_107:0_108:0_109:0_110:0_111:0_112:0_113:0_114:0_115:0_116:0_117:0_118:0_119:0_120:0_121:0_122:0_123:0_124:0_125:0_126:0_127:0_128:0_129:0_130:0_131:0_132:0_133:0_134:0_135:0_136:0_137:0_138:0_139:0_140:0_141:0_142:0_143:0_144:0_145:0_146:0_147:0_148:0_149:0_150:0_151:0_152:0_153:0_154:0_155:0_156:0_157:0_158:0_159:0_160:0
10006,1,2200,3049,1:0_2:0_3:0_4:0_5:0_6:0_7:0_8:0_9:0_10:0_11:0_12:0_13:0_14:0_15:0_16:0_17:0_18:0_19:0_20:0_21:0_22:0_23:0_24:0_25:0_26:0_27:0_28:0_29:0_30:0_31:0_32:0_33:0_34:0_35:0_36:0_37:0_38:0_39:0_40:0_41:0_42:0_43:0_44:0_45:0_46:0_47:0_48:0_49:0_50:0_51:0_52:0_53:0_54:0_55:0_56:0_57:0_58:0_59:0_60:0_61:0_62:0_63:0_64:0_65:0_66:0_67:0_68:0_69:0_70:0_71:0_72:0_73:0_74:0_75:0_76:0_77:0_78:0_79:0_80:0_81:0_82:0_83:0_84:0_85:0_86:0_87:0_88:0_89:0_90:0_91:0_92:0_93:0_94:0_95:0_96:0_97:0_98:0_99:0_100:0_101:0_102:0_103:0_104:0_105:0_106:0_107:0_108:0_109:0_110:0_111:0_112:0_113:0_114:0_115:0_116:0_117:0_118:0_119:0_120:0_121:0_122:0_123:0_124:0_125:0_126:0_127:0_128:0_129:0_130:0_131:0_132:0_133:0_134:0_135:0_136:0_137:0_138:0_139:0_140:0_141:0_142:0_143:0_144:0_145:0_146:0_147:0_148:0_149:0_150:0_151:0_152:0_153:0_154:0_155:0_156:0_157:0_158:0_159:0_160:0
10007,1,3050,3999,1:0_2:0_3:0_4:0_5:0_6:0_7:0_8:0_9:0_10:0_11:0_12:0_13:0_14:0_15:0_16:0_17:0_18:0_19:0_20:0_21:0_22:0_23:0_24:0_25:0_26:0_27:0_28:0_29:0_30:0_31:0_32:0_33:0_34:0_35:0_36:0_37:0_38:0_39:0_40:0_41:0_42:0_43:0_44:0_45:0_46:0_47:0_48:0_49:0_50:0_51:0_52:0_53:0_54:0_55:0_56:0_57:0_58:0_59:0_60:0_61:0_62:0_63:0_64:0_65:0_66:0_67:0_68:0_69:0_70:0_71:0_72:0_73:0_74:0_75:0_76:0_77:0_78:0_79:0_80:0_81:0_82:0_83:0_84:0_85:0_86:0_87:0_88:0_89:0_90:0_91:0_92:0_93:0_94:0_95:0_96:0_97:0_98:0_99:0_100:0_101:0_102:0_103:0_104:0_105:0_106:0_107:0_108:0_109:0_110:0_111:0_112:0_113:0_114:0_115:0_116:0_117:0_118:0_119:0_120:0_121:0_122:0_123:0_124:0_125:0_126:0_127:0_128:0_129:0_130:0_131:0_132:0_133:0_134:0_135:0_136:0_137:0_138:0_139:0_140:0_141:0_142:0_143:0_144:0_145:0_146:0_147:0_148:0_149:0_150:0_151:0_152:0_153:0_154:0_155:0_156:0_157:0_158:0_159:0_160:0
10008,1,4000,4899,1:0_2:0_3:0_4:0_5:0_6:0_7:0_8:0_9:0_10:0_11:0_12:0_13:0_14:0_15:0_16:0_17:0_18:0_19:0_20:0_21:0_22:0_23:0_24:0_25:0_26:0_27:0_28:0_29:0_30:0_31:0_32:0_33:0_34:0_35:0_36:0_37:0_38:0_39:0_40:0_41:0_42:0_43:0_44:0_45:0_46:0_47:0_48:0_49:0_50:0_51:0_52:0_53:0_54:0_55:0_56:0_57:0_58:0_59:0_60:0_61:0_62:0_63:0_64:0_65:0_66:0_67:0_68:0_69:0_70:0_71:0_72:0_73:0_74:0_75:0_76:0_77:0_78:0_79:0_80:0_81:0_82:0_83:0_84:0_85:0_86:0_87:0_88:0_89:0_90:0_91:0_92:0_93:0_94:0_95:0_96:0_97:0_98:0_99:0_100:0_101:0_102:0_103:0_104:0_105:0_106:0_107:0_108:0_109:0_110:0_111:0_112:0_113:0_114:0_115:0_116:0_117:0_118:0_119:0_120:0_121:0_122:0_123:0_124:0_125:0_126:0_127:0_128:0_129:0_130:0_131:0_132:0_133:0_134:0_135:0_136:0_137:0_138:0_139:0_140:0_141:0_142:0_143:0_144:0_145:0_146:0_147:0_148:0_149:0_150:0_151:0_152:0_153:0_154:0_155:0_156:0_157:0_158:0_159:0_160:0
10010,1,4900,6099,1:0_2:0_3:0_4:0_5:0_6:0_7:0_8:0_9:0_10:0_11:0_12:0_13:0_14:0_15:0_16:0_17:0_18:0_19:0_20:0_21:0_22:0_23:0_24:0_25:0_26:0_27:0_28:0_29:0_30:0_31:0_32:0_33:0_34:0_35:0_36:0_37:0_38:0_39:0_40:0_41:0_42:0_43:0_44:0_45:0_46:0_47:0_48:0_49:0_50:0_51:0_52:0_53:0_54:0_55:0_56:0_57:0_58:0_59:0_60:0_61:0_62:0_63:0_64:0_65:0_66:0_67:0_68:0_69:0_70:0_71:0_72:0_73:0_74:0_75:0_76:0_77:0_78:0_79:0_80:0_81:0_82:0_83:0_84:0_85:0_86:0_87:0_88:0_89:0_90:0_91:0_92:0_93:0_94:0_95:0_96:0_97:0_98:0_99:0_100:0_101:0_102:0_103:0_104:0_105:0_106:0_107:0_108:0_109:0_110:0_111:0_112:0_113:0_114:0_115:0_116:0_117:0_118:0_119:0_120:0_121:0_122:0_123:0_124:0_125:0_126:0_127:0_128:0_129:0_130:0_131:0_132:0_133:0_134:0_135:0_136:0_137:0_138:0_139:0_140:0_141:0_142:0_143:0_144:0_145:0_146:0_147:0_148:0_149:0_150:0_151:0_152:0_153:0_154:0_155:0_156:0_157:0_158:0_159:0_160:0
10011,1,6100,7899,1:0_2:0_3:0_4:0_5:0_6:0_7:0_8:0_9:0_10:0_11:0_12:0_13:0_14:0_15:0_16:0_17:0_18:0_19:0_20:0_21:0_22:0_23:0_24:0_25:0_26:0_27:0_28:0_29:0_30:0_31:0_32:0_33:0_34:0_35:0_36:0_37:0_38:0_39:0_40:0_41:0_42:0_43:0_44:0_45:0_46:0_47:0_48:0_49:0_50:0_51:0_52:0_53:0_54:0_55:0_56:0_57:0_58:0_59:0_60:0_61:0_62:0_63:0_64:0_65:0_66:0_67:0_68:0_69:0_70:0_71:0_72:0_73:0_74:0_75:0_76:0_77:0_78:0_79:0_80:0_81:0_82:0_83:0_84:0_85:0_86:0_87:0_88:0_89:0_90:0_91:0_92:0_93:0_94:0_95:0_96:0_97:0_98:0_99:0_100:0_101:0_102:0_103:0_104:0_105:0_106:0_107:0_108:0_109:0_110:0_111:0_112:0_113:0_114:0_115:0_116:0_117:0_118:0_119:0_120:0_121:0_122:0_123:0_124:0_125:0_126:0_127:0_128:0_129:0_130:0_131:0_132:0_133:0_134:0_135:0_136:0_137:0_138:0_139:0_140:0_141:0_142:0_143:0_144:0_145:0_146:0_147:0_148:0_149:0_150:0_151:0_152:0_153:0_154:0_155:0_156:0_157:0_158:0_159:0_160:0
10012,1,7900,9649,1:0_2:0_3:0_4:0_5:0_6:0_7:0_8:0_9:0_10:0_11:0_12:0_13:0_14:0_15:0_16:0_17:0_18:0_19:0_20:0_21:0_22:0_23:0_24:0_25:0_26:0_27:0_28:0_29:0_30:0_31:0_32:0_33:0_34:0_35:0_36:0_37:0_38:0_39:0_40:0_41:0_42:0_43:0_44:0_45:0_46:0_47:0_48:0_49:0_50:0_51:0_52:0_53:0_54:0_55:0_56:0_57:0_58:0_59:0_60:0_61:0_62:0_63:0_64:0_65:0_66:0_67:0_68:0_69:0_70:0_71:0_72:0_73:0_74:0_75:0_76:0_77:0_78:0_79:0_80:0_81:0_82:0_83:0_84:0_85:0_86:0_87:0_88:0_89:0_90:0_91:0_92:0_93:0_94:0_95:0_96:0_97:0_98:0_99:0_100:0_101:0_102:0_103:0_104:0_105:0_106:0_107:0_108:0_109:0_110:0_111:0_112:0_113:0_114:0_115:0_116:0_117:0_118:0_119:0_120:0_121:0_122:0_123:0_124:0_125:0_126:0_127:0_128:0_129:0_130:0_131:0_132:0_133:0_134:0_135:0_136:0_137:0_138:0_139:0_140:0_141:0_142:0_143:0_144:0_145:0_146:0_147:0_148:0_149:0_150:0_151:0_152:0_153:0_154:0_155:0_156:0_157:0_158:0_159:0_160:0
10014,1,9650,13279,1:0_2:0_3:0_4:0_5:0_6:0_7:0_8:0_9:0_10:0_11:0_12:0_13:0_14:0_15:0_16:0_17:0_18:0_19:0_20:0_21:0_22:0_23:0_24:0_25:0_26:0_27:0_28:0_29:0_30:0_31:0_32:0_33:0_34:0_35:0_36:0_37:0_38:0_39:0_40:0_41:0_42:0_43:0_44:0_45:0_46:0_47:0_48:0_49:0_50:0_51:0_52:0_53:0_54:0_55:0_56:0_57:0_58:0_59:0_60:0_61:0_62:0_63:0_64:0_65:0_66:0_67:0_68:0_69:0_70:0_71:0_72:0_73:0_74:0_75:0_76:0_77:0_78:0_79:0_80:0_81:0_82:0_83:0_84:0_85:0_86:0_87:0_88:0_89:0_90:0_91:0_92:0_93:0_94:0_95:0_96:0_97:0_98:0_99:0_100:0_101:0_102:0_103:0_104:0_105:0_106:0_107:0_108:0_109:0_110:0_111:0_112:0_113:0_114:0_115:0_116:0_117:0_118:0_119:0_120:0_121:0_122:0_123:0_124:0_125:0_126:0_127:0_128:0_129:0_130:0_131:0_132:0_133:0_134:0_135:0_136:0_137:0_138:0_139:0_140:0_141:0_142:0_143:0_144:0_145:0_146:0_147:0_148:0_149:0_150:0_151:0_152:0_153:0_154:0_155:0_156:0_157:0_158:0_159:0_160:0
10015,1,13280,15999,1:0_2:0_3:0_4:0_5:0_6:0_7:0_8:0_9:0_10:0_11:0_12:0_13:0_14:0_15:0_16:0_17:0_18:0_19:0_20:0_21:0_22:0_23:0_24:0_25:0_26:0_27:0_28:0_29:0_30:0_31:0_32:0_33:0_34:0_35:0_36:0_37:0_38:0_39:0_40:0_41:0_42:0_43:0_44:0_45:0_46:0_47:0_48:0_49:0_50:0_51:0_52:0_53:0_54:0_55:0_56:0_57:0_58:0_59:0_60:0_61:0_62:0_63:0_64:0_65:0_66:0_67:0_68:0_69:0_70:0_71:0_72:0_73:0_74:0_75:0_76:0_77:0_78:0_79:0_80:0_81:0_82:0_83:0_84:0_85:0_86:0_87:0_88:0_89:0_90:0_91:0_92:0_93:0_94:0_95:0_96:0_97:0_98:0_99:0_100:0_101:0_102:0_103:0_104:0_105:0_106:0_107:0_108:0_109:0_110:0_111:0_112:0_113:0_114:0_115:0_116:0_117:0_118:0_119:0_120:0_121:0_122:0_123:0_124:0_125:0_126:0_127:0_128:0_129:0_130:0_131:0_132:0_133:0_134:0_135:0_136:0_137:0_138:0_139:0_140:0_141:0_142:0_143:0_144:0_145:0_146:0_147:0_148:0_149:0_150:0_151:0_152:0_153:0_154:0_155:0_156:0_157:0_158:0_159:0_160:0
10016,1,16000,22499,1:0_2:0_3:0_4:0_5:0_6:0_7:0_8:0_9:0_10:0_11:0_12:0_13:0_14:0_15:0_16:0_17:0_18:0_19:0_20:0_21:0_22:0_23:0_24:0_25:0_26:0_27:0_28:0_29:0_30:0_31:0_32:0_33:0_34:0_35:0_36:0_37:0_38:0_39:0_40:0_41:0_42:0_43:0_44:0_45:0_46:0_47:0_48:0_49:0_50:0_51:0_52:0_53:0_54:0_55:0_56:0_57:0_58:0_59:0_60:0_61:0_62:0_63:0_64:0_65:0_66:0_67:0_68:0_69:0_70:0_71:0_72:0_73:0_74:0_75:0_76:0_77:0_78:0_79:0_80:0_81:0_82:0_83:0_84:0_85:0_86:0_87:0_88:0_89:0_90:0_91:0_92:0_93:0_94:0_95:0_96:0_97:0_98:0_99:0_100:0_101:0_102:0_103:0_104:0_105:0_106:0_107:0_108:0_109:0_110:0_111:0_112:0_113:0_114:0_115:0_116:0_117:0_118:0_119:0_120:0_121:0_122:0_123:0_124:0_125:0_126:0_127:0_128:0_129:0_130:0_131:0_132:0_133:0_134:0_135:0_136:0_137:0_138:0_139:0_140:0_141:0_142:0_143:0_144:0_145:0_146:0_147:0_148:0_149:0_150:0_151:0_152:0_153:0_154:0_155:0_156:0_157:0_158:0_159:0_160:0
10018,1,22500,25999,1:0_2:0_3:0_4:0_5:0_6:0_7:0_8:0_9:0_10:0_11:0_12:0_13:0_14:0_15:0_16:0_17:0_18:0_19:0_20:0_21:0_22:0_23:0_24:0_25:0_26:0_27:0_28:0_29:0_30:0_31:0_32:0_33:0_34:0_35:0_36:0_37:0_38:0_39:0_40:0_41:0_42:0_43:0_44:0_45:0_46:0_47:0_48:0_49:0_50:0_51:0_52:0_53:0_54:0_55:0_56:0_57:0_58:0_59:0_60:0_61:0_62:0_63:0_64:0_65:0_66:0_67:0_68:0_69:0_70:0_71:0_72:0_73:0_74:0_75:0_76:0_77:0_78:0_79:0_80:0_81:0_82:0_83:0_84:0_85:0_86:0_87:0_88:0_89:0_90:0_91:0_92:0_93:0_94:0_95:0_96:0_97:0_98:0_99:0_100:0_101:0_102:0_103:0_104:0_105:0_106:0_107:0_108:0_109:0_110:0_111:0_112:0_113:0_114:0_115:0_116:0_117:0_118:0_119:0_120:0_121:0_122:0_123:0_124:0_125:0_126:0_127:0_128:0_129:0_130:0_131:0_132:0_133:0_134:0_135:0_136:0_137:0_138:0_139:0_140:0_141:0_142:0_143:0_144:0_145:0_146:0_147:0_148:0_149:0_150:0_151:0_152:0_153:0_154:0_155:0_156:0_157:0_158:0_159:0_160:0
10019,1,26000,39999,1:0_2:0_3:0_4:0_5:0_6:0_7:0_8:0_9:0_10:0_11:0_12:0_13:0_14:0_15:0_16:0_17:0_18:0_19:0_20:0_21:0_22:0_23:0_24:0_25:0_26:0_27:0_28:0_29:0_30:0_31:0_32:0_33:0_34:0_35:0_36:0_37:0_38:0_39:0_40:0_41:0_42:0_43:0_44:0_45:0_46:0_47:0_48:0_49:0_50:0_51:0_52:0_53:0_54:0_55:0_56:0_57:0_58:0_59:0_60:0_61:0_62:0_63:0_64:0_65:0_66:0_67:0_68:0_69:0_70:0_71:0_72:0_73:0_74:0_75:0_76:0_77:0_78:0_79:0_80:0_81:0_82:0_83:0_84:0_85:0_86:0_87:0_88:0_89:0_90:0_91:0_92:0_93:0_94:0_95:0_96:0_97:0_98:0_99:0_100:0_101:0_102:0_103:0_104:0_105:0_106:0_107:0_108:0_109:0_110:0_111:0_112:0_113:0_114:0_115:0_116:0_117:0_118:0_119:0_120:0_121:0_122:0_123:0_124:0_125:0_126:0_127:0_128:0_129:0_130:0_131:0_132:0_133:0_134:0_135:0_136:0_137:0_138:0_139:0_140:0_141:0_142:0_143:0_144:0_145:0_146:0_147:0_148:0_149:0_150:0_151:0_152:0_153:0_154:0_155:0_156:0_157:0_158:0_159:0_160:0
10021,1,40000,46999,1:0_2:0_3:0_4:0_5:0_6:0_7:0_8:0_9:0_10:0_11:0_12:0_13:0_14:0_15:0_16:0_17:0_18:0_19:0_20:0_21:0_22:0_23:0_24:0_25:0_26:0_27:0_28:0_29:0_30:0_31:0_32:0_33:0_34:0_35:0_36:0_37:0_38:0_39:0_40:0_41:0_42:0_43:0_44:0_45:0_46:0_47:0_48:0_49:0_50:0_51:0_52:0_53:0_54:0_55:0_56:0_57:0_58:0_59:0_60:0_61:0_62:0_63:0_64:0_65:0_66:0_67:0_68:0_69:0_70:0_71:0_72:0_73:0_74:0_75:0_76:0_77:0_78:0_79:0_80:0_81:0_82:0_83:0_84:0_85:0_86:0_87:0_88:0_89:0_90:0_91:0_92:0_93:0_94:0_95:0_96:0_97:0_98:0_99:0_100:0_101:0_102:0_103:0_104:0_105:0_106:0_107:0_108:0_109:0_110:0_111:0_112:0_113:0_114:0_115:0_116:0_117:0_118:0_119:0_120:0_121:0_122:0_123:0_124:0_125:0_126:0_127:0_128:0_129:0_130:0_131:0_132:0_133:0_134:0_135:0_136:0_137:0_138:0_139:0_140:0_141:0_142:0_143:0_144:0_145:0_146:0_147:0_148:0_149:0_150:0_151:0_152:0_153:0_154:0_155:0_156:0_157:0_158:0_159:0_160:0
10022,1,47000,53999,1:0_2:0_3:0_4:0_5:0_6:0_7:0_8:0_9:0_10:0_11:0_12:0_13:0_14:0_15:0_16:0_17:0_18:0_19:0_20:0_21:0_22:0_23:0_24:0_25:0_26:0_27:0_28:0_29:0_30:0_31:0_32:0_33:0_34:0_35:0_36:0_37:0_38:0_39:0_40:0_41:0_42:0_43:0_44:0_45:0_46:0_47:0_48:0_49:0_50:0_51:0_52:0_53:0_54:0_55:0_56:0_57:0_58:0_59:0_60:0_61:0_62:0_63:0_64:0_65:0_66:0_67:0_68:0_69:0_70:0_71:0_72:0_73:0_74:0_75:0_76:0_77:0_78:0_79:0_80:0_81:0_82:0_83:0_84:0_85:0_86:0_87:0_88:0_89:0_90:0_91:0_92:0_93:0_94:0_95:0_96:0_97:0_98:0_99:0_100:0_101:0_102:0_103:0_104:0_105:0_106:0_107:0_108:0_109:0_110:0_111:0_112:0_113:0_114:0_115:0_116:0_117:0_118:0_119:0_120:0_121:0_122:0_123:0_124:0_125:0_126:0_127:0_128:0_129:0_130:0_131:0_132:0_133:0_134:0_135:0_136:0_137:0_138:0_139:0_140:0_141:0_142:0_143:0_144:0_145:0_146:0_147:0_148:0_149:0_150:0_151:0_152:0_153:0_154:0_155:0_156:0_157:0_158:0_159:0_160:0
10023,1,54000,89999,1:0_2:0_3:0_4:0_5:0_6:0_7:0_8:0_9:0_10:0_11:0_12:0_13:0_14:0_15:0_16:0_17:0_18:0_19:0_20:0_21:0_22:0_23:0_24:0_25:0_26:0_27:0_28:0_29:0_30:0_31:0_32:0_33:0_34:0_35:0_36:0_37:0_38:0_39:0_40:0_41:0_42:0_43:0_44:0_45:0_46:0_47:0_48:0_49:0_50:0_51:0_52:0_53:0_54:0_55:0_56:0_57:0_58:0_59:0_60:0_61:0_62:0_63:0_64:0_65:0_66:0_67:0_68:0_69:0_70:0_71:0_72:0_73:0_74:0_75:0_76:0_77:0_78:0_79:0_80:0_81:0_82:0_83:0_84:0_85:0_86:0_87:0_88:0_89:0_90:0_91:0_92:0_93:0_94:0_95:0_96:0_97:0_98:0_99:0_100:0_101:0_102:0_103:0_104:0_105:0_106:0_107:0_108:0_109:0_110:0_111:0_112:0_113:0_114:0_115:0_116:0_117:0_118:0_119:0_120:0_121:0_122:0_123:0_124:0_125:0_126:0_127:0_128:0_129:0_130:0_131:0_132:0_133:0_134:0_135:0_136:0_137:0_138:0_139:0_140:0_141:0_142:0_143:0_144:0_145:0_146:0_147:0_148:0_149:0_150:0_151:0_152:0_153:0_154:0_155:0_156:0_157:0_158:0_159:0_160:0
10025,1,90000,107999,1:0_2:0_3:0_4:0_5:0_6:0_7:0_8:0_9:0_10:0_11:0_12:0_13:0_14:0_15:0_16:0_17:0_18:0_19:0_20:0_21:0_22:0_23:0_24:0_25:0_26:0_27:0_28:0_29:0_30:0_31:0_32:0_33:0_34:0_35:0_36:0_37:0_38:0_39:0_40:0_41:0_42:0_43:0_44:0_45:0_46:0_47:0_48:0_49:0_50:0_51:0_52:0_53:0_54:0_55:0_56:0_57:0_58:0_59:0_60:0_61:0_62:0_63:0_64:0_65:0_66:0_67:0_68:0_69:0_70:0_71:0_72:0_73:0_74:0_75:0_76:0_77:0_78:0_79:0_80:0_81:0_82:0_83:0_84:0_85:0_86:0_87:0_88:0_89:0_90:0_91:0_92:0_93:0_94:0_95:0_96:0_97:0_98:0_99:0_100:0_101:0_102:0_103:0_104:0_105:0_106:0_107:0_108:0_109:0_110:0_111:0_112:0_113:0_114:0_115:0_116:0_117:0_118:0_119:0_120:0_121:0_122:0_123:0_124:0_125:0_126:0_127:0_128:0_129:0_130:0_131:0_132:0_133:0_134:0_135:0_136:0_137:0_138:0_139:0_140:0_141:0_142:0_143:0_144:0_145:0_146:0_147:0_148:0_149:0_150:0_151:0_152:0_153:0_154:0_155:0_156:0_157:0_158:0_159:0_160:0
10026,1,108000,126999,1:0_2:0_3:0_4:0_5:0_6:0_7:0_8:0_9:0_10:0_11:0_12:0_13:0_14:0_15:0_16:0_17:0_18:0_19:0_20:0_21:0_22:0_23:0_24:0_25:0_26:0_27:0_28:0_29:0_30:0_31:0_32:0_33:0_34:0_35:0_36:0_37:0_38:0_39:0_40:0_41:0_42:0_43:0_44:0_45:0_46:0_47:0_48:0_49:0_50:0_51:0_52:0_53:0_54:0_55:0_56:0_57:0_58:0_59:0_60:0_61:0_62:0_63:0_64:0_65:0_66:0_67:0_68:0_69:0_70:0_71:0_72:0_73:0_74:0_75:0_76:0_77:0_78:0_79:0_80:0_81:0_82:0_83:0_84:0_85:0_86:0_87:0_88:0_89:0_90:0_91:0_92:0_93:0_94:0_95:0_96:0_97:0_98:0_99:0_100:0_101:0_102:0_103:0_104:0_105:0_106:0_107:0_108:0_109:0_110:0_111:0_112:0_113:0_114:0_115:0_116:0_117:0_118:0_119:0_120:0_121:0_122:0_123:0_124:0_125:0_126:0_127:0_128:0_129:0_130:0_131:0_132:0_133:0_134:0_135:0_136:0_137:0_138:0_139:0_140:0_141:0_142:0_143:0_144:0_145:0_146:0_147:0_148:0_149:0_150:0_151:0_152:0_153:0_154:0_155:0_156:0_157:0_158:0_159:0_160:0
10027,1,127000,193999,1:0_2:0_3:0_4:0_5:0_6:0_7:0_8:0_9:0_10:0_11:0_12:0_13:0_14:0_15:0_16:0_17:0_18:0_19:0_20:0_21:0_22:0_23:0_24:0_25:0_26:0_27:0_28:0_29:0_30:0_31:0_32:0_33:0_34:0_35:0_36:0_37:0_38:0_39:0_40:0_41:0_42:0_43:0_44:0_45:0_46:0_47:0_48:0_49:0_50:0_51:0_52:0_53:0_54:0_55:0_56:0_57:0_58:0_59:0_60:0_61:0_62:0_63:0_64:0_65:0_66:0_67:0_68:0_69:0_70:0_71:0_72:0_73:0_74:0_75:0_76:0_77:0_78:0_79:0_80:0_81:0_82:0_83:0_84:0_85:0_86:0_87:0_88:0_89:0_90:0_91:0_92:0_93:0_94:0_95:0_96:0_97:0_98:0_99:0_100:0_101:0_102:0_103:0_104:0_105:0_106:0_107:0_108:0_109:0_110:0_111:0_112:0_113:0_114:0_115:0_116:0_117:0_118:0_119:0_120:0_121:0_122:0_123:0_124:0_125:0_126:0_127:0_128:0_129:0_130:0_131:0_132:0_133:0_134:0_135:0_136:0_137:0_138:0_139:0_140:0_141:0_142:0_143:0_144:0_145:0_146:0_147:0_148:0_149:0_150:0_151:0_152:0_153:0_154:0_155:0_156:0_157:0_158:0_159:0_160:0
10029,1,194000,227999,1:0_2:0_3:0_4:0_5:0_6:0_7:0_8:0_9:0_10:0_11:0_12:0_13:0_14:0_15:0_16:0_17:0_18:0_19:0_20:0_21:0_22:0_23:0_24:0_25:0_26:0_27:0_28:0_29:0_30:0_31:0_32:0_33:0_34:0_35:0_36:0_37:0_38:0_39:0_40:0_41:0_42:0_43:0_44:0_45:0_46:0_47:0_48:0_49:0_50:0_51:0_52:0_53:0_54:0_55:0_56:0_57:0_58:0_59:0_60:0_61:0_62:0_63:0_64:0_65:0_66:0_67:0_68:0_69:0_70:0_71:0_72:0_73:0_74:0_75:0_76:0_77:0_78:0_79:0_80:0_81:0_82:0_83:0_84:0_85:0_86:0_87:0_88:0_89:0_90:0_91:0_92:0_93:0_94:0_95:0_96:0_97:0_98:0_99:0_100:0_101:0_102:0_103:0_104:0_105:0_106:0_107:0_108:0_109:0_110:0_111:0_112:0_113:0_114:0_115:0_116:0_117:0_118:0_119:0_120:0_121:0_122:0_123:0_124:0_125:0_126:0_127:0_128:0_129:0_130:0_131:0_132:0_133:0_134:0_135:0_136:0_137:0_138:0_139:0_140:0_141:0_142:0_143:0_144:0_145:0_146:0_147:0_148:0_149:0_150:0_151:0_152:0_153:0_154:0_155:0_156:0_157:0_158:0_159:0_160:0
10030,1,228000,261999,1:0_2:0_3:0_4:0_5:0_6:0_7:0_8:0_9:0_10:0_11:0_12:0_13:0_14:0_15:0_16:0_17:0_18:0_19:0_20:0_21:0_22:0_23:0_24:0_25:0_26:0_27:0_28:0_29:0_30:0_31:0_32:0_33:0_34:0_35:0_36:0_37:0_38:0_39:0_40:0_41:0_42:0_43:0_44:0_45:0_46:0_47:0_48:0_49:0_50:0_51:0_52:0_53:0_54:0_55:0_56:0_57:0_58:0_59:0_60:0_61:0_62:0_63:0_64:0_65:0_66:0_67:0_68:0_69:0_70:0_71:0_72:0_73:0_74:0_75:0_76:0_77:0_78:0_79:0_80:0_81:0_82:0_83:0_84:0_85:0_86:0_87:0_88:0_89:0_90:0_91:0_92:0_93:0_94:0_95:0_96:0_97:0_98:0_99:0_100:0_101:0_102:0_103:0_104:0_105:0_106:0_107:0_108:0_109:0_110:0_111:0_112:0_113:0_114:0_115:0_116:0_117:0_118:0_119:0_120:0_121:0_122:0_123:0_124:0_125:0_126:0_127:0_128:0_129:0_130:0_131:0_132:0_133:0_134:0_135:0_136:0_137:0_138:0_139:0_140:0_141:0_142:0_143:0_144:0_145:0_146:0_147:0_148:0_149:0_150:0_151:0_152:0_153:0_154:0_155:0_156:0_157:0_158:0_159:0_160:0
10031,1,262000,99999999,1:0_2:0_3:0_4:0_5:0_6:0_7:0_8:0_9:0_10:0_11:0_12:0_13:0_14:0_15:0_16:0_17:0_18:0_19:0_20:0_21:0_22:0_23:0_24:0_25:0_26:0_27:0_28:0_29:0_30:0_31:0_32:0_33:0_34:0_35:0_36:0_37:0_38:0_39:0_40:0_41:0_42:0_43:0_44:0_45:0_46:0_47:0_48:0_49:0_50:0_51:0_52:0_53:0_54:0_55:0_56:0_57:0_58:0_59:0_60:0_61:0_62:0_63:0_64:0_65:0_66:0_67:0_68:0_69:0_70:0_71:0_72:0_73:0_74:0_75:0_76:0_77:0_78:0_79:0_80:0_81:0_82:0_83:0_84:0_85:0_86:0_87:0_88:0_89:0_90:0_91:0_92:0_93:0_94:0_95:0_96:0_97:0_98:0_99:0_100:0_101:0_102:0_103:0_104:0_105:0_106:0_107:0_108:0_109:0_110:0_111:0_112:0_113:0_114:0_115:0_116:0_117:0_118:0_119:0_120:0_121:0_122:0_123:0_124:0_125:0_126:0_127:0_128:0_129:0_130:0_131:0_132:0_133:0_134:0_135:0_136:0_137:0_138:0_139:0_140:0_141:0_142:0_143:0_144:0_145:0_146:0_147:0_148:0_149:0_150:0_151:0_152:0_153:0_154:0_155:0_156:0_157:0_158:0_159:0_160:0
20001,2,0,714,1:0_2:0_3:0_4:0_5:0_6:0_7:0_8:0_9:0_10:0_11:0_12:0_13:0_14:0_15:0_16:0_17:0_18:0_19:0_20:0_21:0_22:0_23:0_24:0_25:0_26:0_27:0_28:0_29:0_30:0_31:0_32:0_33:0_34:0_35:0_36:0_37:0_38:0_39:0_40:0_41:0_42:0_43:0_44:0_45:0_46:0_47:0_48:0_49:0_50:0_51:0_52:0_53:0_54:0_55:0_56:0_57:0_58:0_59:0_60:0_61:0_62:0_63:0_64:0_65:0_66:0_67:0_68:0_69:0_70:0_71:0_72:0_73:0_74:0_75:0_76:0_77:0_78:0_79:0_80:0_81:0_82:0_83:0_84:0_85:0_86:0_87:0_88:0_89:0_90:0_91:0_92:0_93:0_94:0_95:0_96:0_97:0_98:0_99:0_100:0_101:0_102:0_103:0_104:0_105:0_106:0_107:0_108:0_109:0_110:0_111:0_112:0_113:0_114:0_115:0_116:0_117:0_118:0_119:0_120:0_121:0_122:0_123:0_124:0_125:0_126:0_127:0_128:0_129:0_130:0_131:0_132:0_133:0_134:0_135:0_136:0_137:0_138:0_139:0_140:0_141:0_142:0_143:0_144:0_145:0_146:0_147:0_148:0_149:0_150:0_151:0_152:0_153:0_154:0_155:0_156:0_157:0_158:0_159:0_160:0
20002,2,715,879,1:0_2:0_3:0_4:0_5:0_6:0_7:0_8:0_9:0_10:0_11:0_12:0_13:0_14:0_15:0_16:0_17:0_18:0_19:0_20:0_21:0_22:0_23:0_24:0_25:0_26:0_27:0_28:0_29:0_30:0_31:0_32:0_33:0_34:0_35:0_36:0_37:0_38:0_39:0_40:0_41:0_42:0_43:0_44:0_45:0_46:0_47:0_48:0_49:0_50:0_51:0_52:0_53:0_54:0_55:0_56:0_57:0_58:0_59:0_60:0_61:0_62:0_63:0_64:0_65:0_66:0_67:0_68:0_69:0_70:0_71:0_72:0_73:0_74:0_75:0_76:0_77:0_78:0_79:0_80:0_81:0_82:0_83:0_84:0_85:0_86:0_87:0_88:0_89:0_90:0_91:0_92:0_93:0_94:0_95:0_96:0_97:0_98:0_99:0_100:0_101:0_102:0_103:0_104:0_105:0_106:0_107:0_108:0_109:0_110:0_111:0_112:0_113:0_114:0_115:0_116:0_117:0_118:0_119:0_120:0_121:0_122:0_123:0_124:0_125:0_126:0_127:0_128:0_129:0_130:0_131:0_132:0_133:0_134:0_135:0_136:0_137:0_138:0_139:0_140:0_141:0_142:0_143:0_144:0_145:0_146:0_147:0_148:0_149:0_150:0_151:0_152:0_153:0_154:0_155:0_156:0_157:0_158:0_159:0_160:0
20003,2,880,1319,1:0_2:0_3:0_4:0_5:0_6:0_7:0_8:0_9:0_10:0_11:0_12:0_13:0_14:0_15:0_16:0_17:0_18:0_19:0_20:0_21:0_22:0_23:0_24:0_25:0_26:0_27:0_28:0_29:0_30:0_31:0_32:0_33:0_34:0_35:0_36:0_37:0_38:0_39:0_40:0_41:0_42:0_43:0_44:0_45:0_46:0_47:0_48:0_49:0_50:0_51:0_52:0_53:0_54:0_55:0_56:0_57:0_58:0_59:0_60:0_61:0_62:0_63:0_64:0_65:0_66:0_67:0_68:0_69:0_70:0_71:0_72:0_73:0_74:0_75:0_76:0_77:0_78:0_79:0_80:0_81:0_82:0_83:0_84:0_85:0_86:0_87:0_88:0_89:0_90:0_91:0_92:0_93:0_94:0_95:0_96:0_97:0_98:0_99:0_100:0_101:0_102:0_103:0_104:0_105:0_106:0_107:0_108:0_109:0_110:0_111:0_112:0_113:0_114:0_115:0_116:0_117:0_118:0_119:0_120:0_121:0_122:0_123:0_124:0_125:0_126:0_127:0_128:0_129:0_130:0_131:0_132:0_133:0_134:0_135:0_136:0_137:0_138:0_139:0_140:0_141:0_142:0_143:0_144:0_145:0_146:0_147:0_148:0_149:0_150:0_151:0_152:0_153:0_154:0_155:0_156:0_157:0_158:0_159:0_160:0
20004,2,1320,1799,1:0_2:0_3:0_4:0_5:0_6:0_7:0_8:0_9:0_10:0_11:0_12:0_13:0_14:0_15:0_16:0_17:0_18:0_19:0_20:0_21:0_22:0_23:0_24:0_25:0_26:0_27:0_28:0_29:0_30:0_31:0_32:0_33:0_34:0_35:0_36:0_37:0_38:0_39:0_40:0_41:0_42:0_43:0_44:0_45:0_46:0_47:0_48:0_49:0_50:0_51:0_52:0_53:0_54:0_55:0_56:0_57:0_58:0_59:0_60:0_61:0_62:0_63:0_64:0_65:0_66:0_67:0_68:0_69:0_70:0_71:0_72:0_73:0_74:0_75:0_76:0_77:0_78:0_79:0_80:0_81:0_82:0_83:0_84:0_85:0_86:0_87:0_88:0_89:0_90:0_91:0_92:0_93:0_94:0_95:0_96:0_97:0_98:0_99:0_100:0_101:0_102:0_103:0_104:0_105:0_106:0_107:0_108:0_109:0_110:0_111:0_112:0_113:0_114:0_115:0_116:0_117:0_118:0_119:0_120:0_121:0_122:0_123:0_124:0_125:0_126:0_127:0_128:0_129:0_130:0_131:0_132:0_133:0_134:0_135:0_136:0_137:0_138:0_139:0_140:0_141:0_142:0_143:0_144:0_145:0_146:0_147:0_148:0_149:0_150:0_151:0_152:0_153:0_154:0_155:0_156:0_157:0_158:0_159:0_160:0
20005,2,1800,2199,1:0_2:0_3:0_4:0_5:0_6:0_7:0_8:0_9:0_10:0_11:0_12:0_13:0_14:0_15:0_16:0_17:0_18:0_19:0_20:0_21:0_22:0_23:0_24:0_25:0_26:0_27:0_28:0_29:0_30:0_31:0_32:0_33:0_34:0_35:0_36:0_37:0_38:0_39:0_40:0_41:0_42:0_43:0_44:0_45:0_46:0_47:0_48:0_49:0_50:0_51:0_52:0_53:0_54:0_55:0_56:0_57:0_58:0_59:0_60:0_61:0_62:0_63:0_64:0_65:0_66:0_67:0_68:0_69:0_70:0_71:0_72:0_73:0_74:0_75:0_76:0_77:0_78:0_79:0_80:0_81:0_82:0_83:0_84:0_85:0_86:0_87:0_88:0_89:0_90:0_91:0_92:0_93:0_94:0_95:0_96:0_97:0_98:0_99:0_100:0_101:0_102:0_103:0_104:0_105:0_106:0_107:0_108:0_109:0_110:0_111:0_112:0_113:0_114:0_115:0_116:0_117:0_118:0_119:0_120:0_121:0_122:0_123:0_124:0_125:0_126:0_127:0_128:0_129:0_130:0_131:0_132:0_133:0_134:0_135:0_136:0_137:0_138:0_139:0_140:0_141:0_142:0_143:0_144:0_145:0_146:0_147:0_148:0_149:0_150:0_151:0_152:0_153:0_154:0_155:0_156:0_157:0_158:0_159:0_160:0
20006,2,2200,3049,1:0_2:0_3:0_4:0_5:0_6:0_7:0_8:0_9:0_10:0_11:0_12:0_13:0_14:0_15:0_16:0_17:0_18:0_19:0_20:0_21:0_22:0_23:0_24:0_25:0_26:0_27:0_28:0_29:0_30:0_31:0_32:0_33:0_34:0_35:0_36:0_37:0_38:0_39:0_40:0_41:0_42:0_43:0_44:0_45:0_46:0_47:0_48:0_49:0_50:0_51:0_52:0_53:0_54:0_55:0_56:0_57:0_58:0_59:0_60:0_61:0_62:0_63:0_64:0_65:0_66:0_67:0_68:0_69:0_70:0_71:0_72:0_73:0_74:0_75:0_76:0_77:0_78:0_79:0_80:0_81:0_82:0_83:0_84:0_85:0_86:0_87:0_88:0_89:0_90:0_91:0_92:0_93:0_94:0_95:0_96:0_97:0_98:0_99:0_100:0_101:0_102:0_103:0_104:0_105:0_106:0_107:0_108:0_109:0_110:0_111:0_112:0_113:0_114:0_115:0_116:0_117:0_118:0_119:0_120:0_121:0_122:0_123:0_124:0_125:0_126:0_127:0_128:0_129:0_130:0_131:0_132:0_133:0_134:0_135:0_136:0_137:0_138:0_139:0_140:0_141:0_142:0_143:0_144:0_145:0_146:0_147:0_148:0_149:0_150:0_151:0_152:0_153:0_154:0_155:0_156:0_157:0_158:0_159:0_160:0
20007,2,3050,3999,1:0_2:0_3:0_4:0_5:0_6:0_7:0_8:0_9:0_10:0_11:0_12:0_13:0_14:0_15:0_16:0_17:0_18:0_19:0_20:0_21:0_22:0_23:0_24:0_25:0_26:0_27:0_28:0_29:0_30:0_31:0_32:0_33:0_34:0_35:0_36:0_37:0_38:0_39:0_40:0_41:0_42:0_43:0_44:0_45:0_46:0_47:0_48:0_49:0_50:0_51:0_52:0_53:0_54:0_55:0_56:0_57:0_58:0_59:0_60:0_61:0_62:0_63:0_64:0_65:0_66:0_67:0_68:0_69:0_70:0_71:0_72:0_73:0_74:0_75:0_76:0_77:0_78:0_79:0_80:0_81:0_82:0_83:0_84:0_85:0_86:0_87:0_88:0_89:0_90:0_91:0_92:0_93:0_94:0_95:0_96:0_97:0_98:0_99:0_100:0_101:0_102:0_103:0_104:0_105:0_106:0_107:0_108:0_109:0_110:0_111:0_112:0_113:0_114:0_115:0_116:0_117:0_118:0_119:0_120:0_121:0_122:0_123:0_124:0_125:0_126:0_127:0_128:0_129:0_130:0_131:0_132:0_133:0_134:0_135:0_136:0_137:0_138:0_139:0_140:0_141:0_142:0_143:0_144:0_145:0_146:0_147:0_148:0_149:0_150:0_151:0_152:0_153:0_154:0_155:0_156:0_157:0_158:0_159:0_160:0
20008,2,4000,4899,1:0_2:0_3:0_4:0_5:0_6:0_7:0_8:0_9:0_10:0_11:0_12:0_13:0_14:0_15:0_16:0_17:0_18:0_19:0_20:0_21:0_22:0_23:0_24:0_25:0_26:0_27:0_28:0_29:0_30:0_31:0_32:0_33:0_34:0_35:0_36:0_37:0_38:0_39:0_40:0_41:0_42:0_43:0_44:0_45:0_46:0_47:0_48:0_49:0_50:0_51:0_52:0_53:0_54:0_55:0_56:0_57:0_58:0_59:0_60:0_61:0_62:0_63:0_64:0_65:0_66:0_67:0_68:0_69:0_70:0_71:0_72:0_73:0_74:0_75:0_76:0_77:0_78:0_79:0_80:0_81:0_82:0_83:0_84:0_85:0_86:0_87:0_88:0_89:0_90:0_91:0_92:0_93:0_94:0_95:0_96:0_97:0_98:0_99:0_100:0_101:0_102:0_103:0_104:0_105:0_106:0_107:0_108:0_109:0_110:0_111:0_112:0_113:0_114:0_115:0_116:0_117:0_118:0_119:0_120:0_121:0_122:0_123:0_124:0_125:0_126:0_127:0_128:0_129:0_130:0_131:0_132:0_133:0_134:0_135:0_136:0_137:0_138:0_139:0_140:0_141:0_142:0_143:0_144:0_145:0_146:0_147:0_148:0_149:0_150:0_151:0_152:0_153:0_154:0_155:0_156:0_157:0_158:0_159:0_160:0
20010,2,4900,6099,1:0_2:0_3:0_4:0_5:0_6:0_7:0_8:0_9:0_10:0_11:0_12:0_13:0_14:0_15:0_16:0_17:0_18:0_19:0_20:0_21:0_22:0_23:0_24:0_25:0_26:0_27:0_28:0_29:0_30:0_31:0_32:0_33:0_34:0_35:0_36:0_37:0_38:0_39:0_40:0_41:0_42:0_43:0_44:0_45:0_46:0_47:0_48:0_49:0_50:0_51:0_52:0_53:0_54:0_55:0_56:0_57:0_58:0_59:0_60:0_61:0_62:0_63:0_64:0_65:0_66:0_67:0_68:0_69:0_70:0_71:0_72:0_73:0_74:0_75:0_76:0_77:0_78:0_79:0_80:0_81:0_82:0_83:0_84:0_85:0_86:0_87:0_88:0_89:0_90:0_91:0_92:0_93:0_94:0_95:0_96:0_97:0_98:0_99:0_100:0_101:0_102:0_103:0_104:0_105:0_106:0_107:0_108:0_109:0_110:0_111:0_112:0_113:0_114:0_115:0_116:0_117:0_118:0_119:0_120:0_121:0_122:0_123:0_124:0_125:0_126:0_127:0_128:0_129:0_130:0_131:0_132:0_133:0_134:0_135:0_136:0_137:0_138:0_139:0_140:0_141:0_142:0_143:0_144:0_145:0_146:0_147:0_148:0_149:0_150:0_151:0_152:0_153:0_154:0_155:0_156:0_157:0_158:0_159:0_160:0
20011,2,6100,7899,1:0_2:0_3:0_4:0_5:0_6:0_7:0_8:0_9:0_10:0_11:0_12:0_13:0_14:0_15:0_16:0_17:0_18:0_19:0_20:0_21:0_22:0_23:0_24:0_25:0_26:0_27:0_28:0_29:0_30:0_31:0_32:0_33:0_34:0_35:0_36:0_37:0_38:0_39:0_40:0_41:0_42:0_43:0_44:0_45:0_46:0_47:0_48:0_49:0_50:0_51:0_52:0_53:0_54:0_55:0_56:0_57:0_58:0_59:0_60:0_61:0_62:0_63:0_64:0_65:0_66:0_67:0_68:0_69:0_70:0_71:0_72:0_73:0_74:0_75:0_76:0_77:0_78:0_79:0_80:0_81:0_82:0_83:0_84:0_85:0_86:0_87:0_88:0_89:0_90:0_91:0_92:0_93:0_94:0_95:0_96:0_97:0_98:0_99:0_100:0_101:0_102:0_103:0_104:0_105:0_106:0_107:0_108:0_109:0_110:0_111:0_112:0_113:0_114:0_115:0_116:0_117:0_118:0_119:0_120:0_121:0_122:0_123:0_124:0_125:0_126:0_127:0_128:0_129:0_130:0_131:0_132:0_133:0_134:0_135:0_136:0_137:0_138:0_139:0_140:0_141:0_142:0_143:0_144:0_145:0_146:0_147:0_148:0_149:0_150:0_151:0_152:0_153:0_154:0_155:0_156:0_157:0_158:0_159:0_160:0
20012,2,7900,9649,1:0_2:0_3:0_4:0_5:0_6:0_7:0_8:0_9:0_10:0_11:0_12:0_13:0_14:0_15:0_16:0_17:0_18:0_19:0_20:0_21:0_22:0_23:0_24:0_25:0_26:0_27:0_28:0_29:0_30:0_31:0_32:0_33:0_34:0_35:0_36:0_37:0_38:0_39:0_40:0_41:0_42:0_43:0_44:0_45:0_46:0_47:0_48:0_49:0_50:0_51:0_52:0_53:0_54:0_55:0_56:0_57:0_58:0_59:0_60:0_61:0_62:0_63:0_64:0_65:0_66:0_67:0_68:0_69:0_70:0_71:0_72:0_73:0_74:0_75:0_76:0_77:0_78:0_79:0_80:0_81:0_82:0_83:0_84:0_85:0_86:0_87:0_88:0_89:0_90:0_91:0_92:0_93:0_94:0_95:0_96:0_97:0_98:0_99:0_100:0_101:0_102:0_103:0_104:0_105:0_106:0_107:0_108:0_109:0_110:0_111:0_112:0_113:0_114:0_115:0_116:0_117:0_118:0_119:0_120:0_121:0_122:0_123:0_124:0_125:0_126:0_127:0_128:0_129:0_130:0_131:0_132:0_133:0_134:0_135:0_136:0_137:0_138:0_139:0_140:0_141:0_142:0_143:0_144:0_145:0_146:0_147:0_148:0_149:0_150:0_151:0_152:0_153:0_154:0_155:0_156:0_157:0_158:0_159:0_160:0
20014,2,9650,13279,1:0_2:0_3:0_4:0_5:0_6:0_7:0_8:0_9:0_10:0_11:0_12:0_13:0_14:0_15:0_16:0_17:0_18:0_19:0_20:0_21:0_22:0_23:0_24:0_25:0_26:0_27:0_28:0_29:0_30:0_31:0_32:0_33:0_34:0_35:0_36:0_37:0_38:0_39:0_40:0_41:0_42:0_43:0_44:0_45:0_46:0_47:0_48:0_49:0_50:0_51:0_52:0_53:0_54:0_55:0_56:0_57:0_58:0_59:0_60:0_61:0_62:0_63:0_64:0_65:0_66:0_67:0_68:0_69:0_70:0_71:0_72:0_73:0_74:0_75:0_76:0_77:0_78:0_79:0_80:0_81:0_82:0_83:0_84:0_85:0_86:0_87:0_88:0_89:0_90:0_91:0_92:0_93:0_94:0_95:0_96:0_97:0_98:0_99:0_100:0_101:0_102:0_103:0_104:0_105:0_106:0_107:0_108:0_109:0_110:0_111:0_112:0_113:0_114:0_115:0_116:0_117:0_118:0_119:0_120:0_121:0_122:0_123:0_124:0_125:0_126:0_127:0_128:0_129:0_130:0_131:0_132:0_133:0_134:0_135:0_136:0_137:0_138:0_139:0_140:0_141:0_142:0_143:0_144:0_145:0_146:0_147:0_148:0_149:0_150:0_151:0_152:0_153:0_154:0_155:0_156:0_157:0_158:0_159:0_160:0
20015,2,13280,15999,1:0_2:0_3:0_4:0_5:0_6:0_7:0_8:0_9:0_10:0_11:0_12:0_13:0_14:0_15:0_16:0_17:0_18:0_19:0_20:0_21:0_22:0_23:0_24:0_25:0_26:0_27:0_28:0_29:0_30:0_31:0_32:0_33:0_34:0_35:0_36:0_37:0_38:0_39:0_40:0_41:0_42:0_43:0_44:0_45:0_46:0_47:0_48:0_49:0_50:0_51:0_52:0_53:0_54:0_55:0_56:0_57:0_58:0_59:0_60:0_61:0_62:0_63:0_64:0_65:0_66:0_67:0_68:0_69:0_70:0_71:0_72:0_73:0_74:0_75:0_76:0_77:0_78:0_79:0_80:0_81:0_82:0_83:0_84:0_85:0_86:0_87:0_88:0_89:0_90:0_91:0_92:0_93:0_94:0_95:0_96:0_97:0_98:0_99:0_100:0_101:0_102:0_103:0_104:0_105:0_106:0_107:0_108:0_109:0_110:0_111:0_112:0_113:0_114:0_115:0_116:0_117:0_118:0_119:0_120:0_121:0_122:0_123:0_124:0_125:0_126:0_127:0_128:0_129:0_130:0_131:0_132:0_133:0_134:0_135:0_136:0_137:0_138:0_139:0_140:0_141:0_142:0_143:0_144:0_145:0_146:0_147:0_148:0_149:0_150:0_151:0_152:0_153:0_154:0_155:0_156:0_157:0_158:0_159:0_160:0
20016,2,16000,22499,1:0_2:0_3:0_4:0_5:0_6:0_7:0_8:0_9:0_10:0_11:0_12:0_13:0_14:0_15:0_16:0_17:0_18:0_19:0_20:0_21:0_22:0_23:0_24:0_25:0_26:0_27:0_28:0_29:0_30:0_31:0_32:0_33:0_34:0_35:0_36:0_37:0_38:0_39:0_40:0_41:0_42:0_43:0_44:0_45:0_46:0_47:0_48:0_49:0_50:0_51:0_52:0_53:0_54:0_55:0_56:0_57:0_58:0_59:0_60:0_61:0_62:0_63:0_64:0_65:0_66:0_67:0_68:0_69:0_70:0_71:0_72:0_73:0_74:0_75:0_76:0_77:0_78:0_79:0_80:0_81:0_82:0_83:0_84:0_85:0_86:0_87:0_88:0_89:0_90:0_91:0_92:0_93:0_94:0_95:0_96:0_97:0_98:0_99:0_100:0_101:0_102:0_103:0_104:0_105:0_106:0_107:0_108:0_109:0_110:0_111:0_112:0_113:0_114:0_115:0_116:0_117:0_118:0_119:0_120:0_121:0_122:0_123:0_124:0_125:0_126:0_127:0_128:0_129:0_130:0_131:0_132:0_133:0_134:0_135:0_136:0_137:0_138:0_139:0_140:0_141:0_142:0_143:0_144:0_145:0_146:0_147:0_148:0_149:0_150:0_151:0_152:0_153:0_154:0_155:0_156:0_157:0_158:0_159:0_160:0
20018,2,22500,25999,1:0_2:0_3:0_4:0_5:0_6:0_7:0_8:0_9:0_10:0_11:0_12:0_13:0_14:0_15:0_16:0_17:0_18:0_19:0_20:0_21:0_22:0_23:0_24:0_25:0_26:0_27:0_28:0_29:0_30:0_31:0_32:0_33:0_34:0_35:0_36:0_37:0_38:0_39:0_40:0_41:0_42:0_43:0_44:0_45:0_46:0_47:0_48:0_49:0_50:0_51:0_52:0_53:0_54:0_55:0_56:0_57:0_58:0_59:0_60:0_61:0_62:0_63:0_64:0_65:0_66:0_67:0_68:0_69:0_70:0_71:0_72:0_73:0_74:0_75:0_76:0_77:0_78:0_79:0_80:0_81:0_82:0_83:0_84:0_85:0_86:0_87:0_88:0_89:0_90:0_91:0_92:0_93:0_94:0_95:0_96:0_97:0_98:0_99:0_100:0_101:0_102:0_103:0_104:0_105:0_106:0_107:0_108:0_109:0_110:0_111:0_112:0_113:0_114:0_115:0_116:0_117:0_118:0_119:0_120:0_121:0_122:0_123:0_124:0_125:0_126:0_127:0_128:0_129:0_130:0_131:0_132:0_133:0_134:0_135:0_136:0_137:0_138:0_139:0_140:0_141:0_142:0_143:0_144:0_145:0_146:0_147:0_148:0_149:0_150:0_151:0_152:0_153:0_154:0_155:0_156:0_157:0_158:0_159:0_160:0
20019,2,26000,39999,1:0_2:0_3:0_4:0_5:0_6:0_7:0_8:0_9:0_10:0_11:0_12:0_13:0_14:0_15:0_16:0_17:0_18:0_19:0_20:0_21:0_22:0_23:0_24:0_25:0_26:0_27:0_28:0_29:0_30:0_31:0_32:0_33:0_34:0_35:0_36:0_37:0_38:0_39:0_40:0_41:0_42:0_43:0_44:0_45:0_46:0_47:0_48:0_49:0_50:0_51:0_52:0_53:0_54:0_55:0_56:0_57:0_58:0_59:0_60:0_61:0_62:0_63:0_64:0_65:0_66:0_67:0_68:0_69:0_70:0_71:0_72:0_73:0_74:0_75:0_76:0_77:0_78:0_79:0_80:0_81:0_82:0_83:0_84:0_85:0_86:0_87:0_88:0_89:0_90:0_91:0_92:0_93:0_94:0_95:0_96:0_97:0_98:0_99:0_100:0_101:0_102:0_103:0_104:0_105:0_106:0_107:0_108:0_109:0_110:0_111:0_112:0_113:0_114:0_115:0_116:0_117:0_118:0_119:0_120:0_121:0_122:0_123:0_124:0_125:0_126:0_127:0_128:0_129:0_130:0_131:0_132:0_133:0_134:0_135:0_136:0_137:0_138:0_139:0_140:0_141:0_142:0_143:0_144:0_145:0_146:0_147:0_148:0_149:0_150:0_151:0_152:0_153:0_154:0_155:0_156:0_157:0_158:0_159:0_160:0
20021,2,40000,46999,1:0_2:0_3:0_4:0_5:0_6:0_7:0_8:0_9:0_10:0_11:0_12:0_13:0_14:0_15:0_16:0_17:0_18:0_19:0_20:0_21:0_22:0_23:0_24:0_25:0_26:0_27:0_28:0_29:0_30:0_31:0_32:0_33:0_34:0_35:0_36:0_37:0_38:0_39:0_40:0_41:0_42:0_43:0_44:0_45:0_46:0_47:0_48:0_49:0_50:0_51:0_52:0_53:0_54:0_55:0_56:0_57:0_58:0_59:0_60:0_61:0_62:0_63:0_64:0_65:0_66:0_67:0_68:0_69:0_70:0_71:0_72:0_73:0_74:0_75:0_76:0_77:0_78:0_79:0_80:0_81:0_82:0_83:0_84:0_85:0_86:0_87:0_88:0_89:0_90:0_91:0_92:0_93:0_94:0_95:0_96:0_97:0_98:0_99:0_100:0_101:0_102:0_103:0_104:0_105:0_106:0_107:0_108:0_109:0_110:0_111:0_112:0_113:0_114:0_115:0_116:0_117:0_118:0_119:0_120:0_121:0_122:0_123:0_124:0_125:0_126:0_127:0_128:0_129:0_130:0_131:0_132:0_133:0_134:0_135:0_136:0_137:0_138:0_139:0_140:0_141:0_142:0_143:0_144:0_145:0_146:0_147:0_148:0_149:0_150:0_151:0_152:0_153:0_154:0_155:0_156:0_157:0_158:0_159:0_160:0
20022,2,47000,53999,1:0_2:0_3:0_4:0_5:0_6:0_7:0_8:0_9:0_10:0_11:0_12:0_13:0_14:0_15:0_16:0_17:0_18:0_19:0_20:0_21:0_22:0_23:0_24:0_25:0_26:0_27:0_28:0_29:0_30:0_31:0_32:0_33:0_34:0_35:0_36:0_37:0_38:0_39:0_40:0_41:0_42:0_43:0_44:0_45:0_46:0_47:0_48:0_49:0_50:0_51:0_52:0_53:0_54:0_55:0_56:0_57:0_58:0_59:0_60:0_61:0_62:0_63:0_64:0_65:0_66:0_67:0_68:0_69:0_70:0_71:0_72:0_73:0_74:0_75:0_76:0_77:0_78:0_79:0_80:0_81:0_82:0_83:0_84:0_85:0_86:0_87:0_88:0_89:0_90:0_91:0_92:0_93:0_94:0_95:0_96:0_97:0_98:0_99:0_100:0_101:0_102:0_103:0_104:0_105:0_106:0_107:0_108:0_109:0_110:0_111:0_112:0_113:0_114:0_115:0_116:0_117:0_118:0_119:0_120:0_121:0_122:0_123:0_124:0_125:0_126:0_127:0_128:0_129:0_130:0_131:0_132:0_133:0_134:0_135:0_136:0_137:0_138:0_139:0_140:0_141:0_142:0_143:0_144:0_145:0_146:0_147:0_148:0_149:0_150:0_151:0_152:0_153:0_154:0_155:0_156:0_157:0_158:0_159:0_160:0
20023,2,54000,89999,1:0_2:0_3:0_4:0_5:0_6:0_7:0_8:0_9:0_10:0_11:0_12:0_13:0_14:0_15:0_16:0_17:0_18:0_19:0_20:0_21:0_22:0_23:0_24:0_25:0_26:0_27:0_28:0_29:0_30:0_31:0_32:0_33:0_34:0_35:0_36:0_37:0_38:0_39:0_40:0_41:0_42:0_43:0_44:0_45:0_46:0_47:0_48:0_49:0_50:0_51:0_52:0_53:0_54:0_55:0_56:0_57:0_58:0_59:0_60:0_61:0_62:0_63:0_64:0_65:0_66:0_67:0_68:0_69:0_70:0_71:0_72:0_73:0_74:0_75:0_76:0_77:0_78:0_79:0_80:0_81:0_82:0_83:0_84:0_85:0_86:0_87:0_88:0_89:0_90:0_91:0_92:0_93:0_94:0_95:0_96:0_97:0_98:0_99:0_100:0_101:0_102:0_103:0_104:0_105:0_106:0_107:0_108:0_109:0_110:0_111:0_112:0_113:0_114:0_115:0_116:0_117:0_118:0_119:0_120:0_121:0_122:0_123:0_124:0_125:0_126:0_127:0_128:0_129:0_130:0_131:0_132:0_133:0_134:0_135:0_136:0_137:0_138:0_139:0_140:0_141:0_142:0_143:0_144:0_145:0_146:0_147:0_148:0_149:0_150:0_151:0_152:0_153:0_154:0_155:0_156:0_157:0_158:0_159:0_160:0
20025,2,90000,107999,1:0_2:0_3:0_4:0_5:0_6:0_7:0_8:0_9:0_10:0_11:0_12:0_13:0_14:0_15:0_16:0_17:0_18:0_19:0_20:0_21:0_22:0_23:0_24:0_25:0_26:0_27:0_28:0_29:0_30:0_31:0_32:0_33:0_34:0_35:0_36:0_37:0_38:0_39:0_40:0_41:0_42:0_43:0_44:0_45:0_46:0_47:0_48:0_49:0_50:0_51:0_52:0_53:0_54:0_55:0_56:0_57:0_58:0_59:0_60:0_61:0_62:0_63:0_64:0_65:0_66:0_67:0_68:0_69:0_70:0_71:0_72:0_73:0_74:0_75:0_76:0_77:0_78:0_79:0_80:0_81:0_82:0_83:0_84:0_85:0_86:0_87:0_88:0_89:0_90:0_91:0_92:0_93:0_94:0_95:0_96:0_97:0_98:0_99:0_100:0_101:0_102:0_103:0_104:0_105:0_106:0_107:0_108:0_109:0_110:0_111:0_112:0_113:0_114:0_115:0_116:0_117:0_118:0_119:0_120:0_121:0_122:0_123:0_124:0_125:0_126:0_127:0_128:0_129:0_130:0_131:0_132:0_133:0_134:0_135:0_136:0_137:0_138:0_139:0_140:0_141:0_142:0_143:0_144:0_145:0_146:0_147:0_148:0_149:0_150:0_151:0_152:0_153:0_154:0_155:0_156:0_157:0_158:0_159:0_160:0
20026,2,108000,126999,1:0_2:0_3:0_4:0_5:0_6:0_7:0_8:0_9:0_10:0_11:0_12:0_13:0_14:0_15:0_16:0_17:0_18:0_19:0_20:0_21:0_22:0_23:0_24:0_25:0_26:0_27:0_28:0_29:0_30:0_31:0_32:0_33:0_34:0_35:0_36:0_37:0_38:0_39:0_40:0_41:0_42:0_43:0_44:0_45:0_46:0_47:0_48:0_49:0_50:0_51:0_52:0_53:0_54:0_55:0_56:0_57:0_58:0_59:0_60:0_61:0_62:0_63:0_64:0_65:0_66:0_67:0_68:0_69:0_70:0_71:0_72:0_73:0_74:0_75:0_76:0_77:0_78:0_79:0_80:0_81:0_82:0_83:0_84:0_85:0_86:0_87:0_88:0_89:0_90:0_91:0_92:0_93:0_94:0_95:0_96:0_97:0_98:0_99:0_100:0_101:0_102:0_103:0_104:0_105:0_106:0_107:0_108:0_109:0_110:0_111:0_112:0_113:0_114:0_115:0_116:0_117:0_118:0_119:0_120:0_121:0_122:0_123:0_124:0_125:0_126:0_127:0_128:0_129:0_130:0_131:0_132:0_133:0_134:0_135:0_136:0_137:0_138:0_139:0_140:0_141:0_142:0_143:0_144:0_145:0_146:0_147:0_148:0_149:0_150:0_151:0_152:0_153:0_154:0_155:0_156:0_157:0_158:0_159:0_160:0
20027,2,127000,193999,1:0_2:0_3:0_4:0_5:0_6:0_7:0_8:0_9:0_10:0_11:0_12:0_13:0_14:0_15:0_16:0_17:0_18:0_19:0_20:0_21:0_22:0_23:0_24:0_25:0_26:0_27:0_28:0_29:0_30:0_31:0_32:0_33:0_34:0_35:0_36:0_37:0_38:0_39:0_40:0_41:0_42:0_43:0_44:0_45:0_46:0_47:0_48:0_49:0_50:0_51:0_52:0_53:0_54:0_55:0_56:0_57:0_58:0_59:0_60:0_61:0_62:0_63:0_64:0_65:0_66:0_67:0_68:0_69:0_70:0_71:0_72:0_73:0_74:0_75:0_76:0_77:0_78:0_79:0_80:0_81:0_82:0_83:0_84:0_85:0_86:0_87:0_88:0_89:0_90:0_91:0_92:0_93:0_94:0_95:0_96:0_97:0_98:0_99:0_100:0_101:0_102:0_103:0_104:0_105:0_106:0_107:0_108:0_109:0_110:0_111:0_112:0_113:0_114:0_115:0_116:0_117:0_118:0_119:0_120:0_121:0_122:0_123:0_124:0_125:0_126:0_127:0_128:0_129:0_130:0_131:0_132:0_133:0_134:0_135:0_136:0_137:0_138:0_139:0_140:0_141:0_142:0_143:0_144:0_145:0_146:0_147:0_148:0_149:0_150:0_151:0_152:0_153:0_154:0_155:0_156:0_157:0_158:0_159:0_160:0
20029,2,194000,227999,1:0_2:0_3:0_4:0_5:0_6:0_7:0_8:0_9:0_10:0_11:0_12:0_13:0_14:0_15:0_16:0_17:0_18:0_19:0_20:0_21:0_22:0_23:0_24:0_25:0_26:0_27:0_28:0_29:0_30:0_31:0_32:0_33:0_34:0_35:0_36:0_37:0_38:0_39:0_40:0_41:0_42:0_43:0_44:0_45:0_46:0_47:0_48:0_49:0_50:0_51:0_52:0_53:0_54:0_55:0_56:0_57:0_58:0_59:0_60:0_61:0_62:0_63:0_64:0_65:0_66:0_67:0_68:0_69:0_70:0_71:0_72:0_73:0_74:0_75:0_76:0_77:0_78:0_79:0_80:0_81:0_82:0_83:0_84:0_85:0_86:0_87:0_88:0_89:0_90:0_91:0_92:0_93:0_94:0_95:0_96:0_97:0_98:0_99:0_100:0_101:0_102:0_103:0_104:0_105:0_106:0_107:0_108:0_109:0_110:0_111:0_112:0_113:0_114:0_115:0_116:0_117:0_118:0_119:0_120:0_121:0_122:0_123:0_124:0_125:0_126:0_127:0_128:0_129:0_130:0_131:0_132:0_133:0_134:0_135:0_136:0_137:0_138:0_139:0_140:0_141:0_142:0_143:0_144:0_145:0_146:0_147:0_148:0_149:0_150:0_151:0_152:0_153:0_154:0_155:0_156:0_157:0_158:0_159:0_160:0
20030,2,228000,261999,1:0_2:0_3:0_4:0_5:0_6:0_7:0_8:0_9:0_10:0_11:0_12:0_13:0_14:0_15:0_16:0_17:0_18:0_19:0_20:0_21:0_22:0_23:0_24:0_25:0_26:0_27:0_28:0_29:0_30:0_31:0_32:0_33:0_34:0_35:0_36:0_37:0_38:0_39:0_40:0_41:0_42:0_43:0_44:0_45:0_46:0_47:0_48:0_49:0_50:0_51:0_52:0_53:0_54:0_55:0_56:0_57:0_58:0_59:0_60:0_61:0_62:0_63:0_64:0_65:0_66:0_67:0_68:0_69:0_70:0_71:0_72:0_73:0_74:0_75:0_76:0_77:0_78:0_79:0_80:0_81:0_82:0_83:0_84:0_85:0_86:0_87:0_88:0_89:0_90:0_91:0_92:0_93:0_94:0_95:0_96:0_97:0_98:0_99:0_100:0_101:0_102:0_103:0_104:0_105:0_106:0_107:0_108:0_109:0_110:0_111:0_112:0_113:0_114:0_115:0_116:0_117:0_118:0_119:0_120:0_121:0_122:0_123:0_124:0_125:0_126:0_127:0_128:0_129:0_130:0_131:0_132:0_133:0_134:0_135:0_136:0_137:0_138:0_139:0_140:0_141:0_142:0_143:0_144:0_145:0_146:0_147:0_148:0_149:0_150:0_151:0_152:0_153:0_154:0_155:0_156:0_157:0_158:0_159:0_160:0
20031,2,262000,99999999,1:0_2:0_3:0_4:0_5:0_6:0_7:0_8:0_9:0_10:0_11:0_12:0_13:0_14:0_15:0_16:0_17:0_18:0_19:0_20:0_21:0_22:0_23:0_24:0_25:0_26:0_27:0_28:0_29:0_30:0_31:0_32:0_33:0_34:0_35:0_36:0_37:0_38:0_39:0_40:0_41:0_42:0_43:0_44:0_45:0_46:0_47:0_48:0_49:0_50:0_51:0_52:0_53:0_54:0_55:0_56:0_57:0_58:0_59:0_60:0_61:0_62:0_63:0_64:0_65:0_66:0_67:0_68:0_69:0_70:0_71:0_72:0_73:0_74:0_75:0_76:0_77:0_78:0_79:0_80:0_81:0_82:0_83:0_84:0_85:0_86:0_87:0_88:0_89:0_90:0_91:0_92:0_93:0_94:0_95:0_96:0_97:0_98:0_99:0_100:0_101:0_102:0_103:0_104:0_105:0_106:0_107:0_108:0_109:0_110:0_111:0_112:0_113:0_114:0_115:0_116:0_117:0_118:0_119:0_120:0_121:0_122:0_123:0_124:0_125:0_126:0_127:0_128:0_129:0_130:0_131:0_132:0_133:0_134:0_135:0_136:0_137:0_138:0_139:0_140:0_141:0_142:0_143:0_144:0_145:0_146:0_147:0_148:0_149:0_150:0_151:0_152:0_153:0_154:0_155:0_156:0_157:0_158:0_159:0_160:0
30001,3,0,714,1:0_2:0_3:0_4:0_5:0_6:0_7:0_8:0_9:0_10:0_11:0_12:0_13:0_14:0_15:0_16:0_17:0_18:0_19:0_20:0_21:0_22:0_23:0_24:0_25:0_26:0_27:0_28:0_29:0_30:0_31:0_32:0_33:0_34:0_35:0_36:0_37:0_38:0_39:0_40:0_41:0_42:0_43:0_44:0_45:0_46:0_47:0_48:0_49:0_50:0_51:0_52:0_53:0_54:0_55:0_56:0_57:0_58:0_59:0_60:0_61:0_62:0_63:0_64:0_65:0_66:0_67:0_68:0_69:0_70:0_71:0_72:0_73:0_74:0_75:0_76:0_77:0_78:0_79:0_80:0_81:0_82:0_83:0_84:0_85:0_86:0_87:0_88:0_89:0_90:0_91:0_92:0_93:0_94:0_95:0_96:0_97:0_98:0_99:0_100:0_101:0_102:0_103:0_104:0_105:0_106:0_107:0_108:0_109:0_110:0_111:0_112:0_113:0_114:0_115:0_116:0_117:0_118:0_119:0_120:0_121:0_122:0_123:0_124:0_125:0_126:0_127:0_128:0_129:0_130:0_131:0_132:0_133:0_134:0_135:0_136:0_137:0_138:0_139:0_140:0_141:0_142:0_143:0_144:0_145:0_146:0_147:0_148:0_149:0_150:0_151:0_152:0_153:0_154:0_155:0_156:0_157:0_158:0_159:0_160:0
30002,3,715,879,1:0_2:0_3:0_4:0_5:0_6:0_7:0_8:0_9:0_10:0_11:0_12:0_13:0_14:0_15:0_16:0_17:0_18:0_19:0_20:0_21:0_22:0_23:0_24:0_25:0_26:0_27:0_28:0_29:0_30:0_31:0_32:0_33:0_34:0_35:0_36:0_37:0_38:0_39:0_40:0_41:0_42:0_43:0_44:0_45:0_46:0_47:0_48:0_49:0_50:0_51:0_52:0_53:0_54:0_55:0_56:0_57:0_58:0_59:0_60:0_61:0_62:0_63:0_64:0_65:0_66:0_67:0_68:0_69:0_70:0_71:0_72:0_73:0_74:0_75:0_76:0_77:0_78:0_79:0_80:0_81:0_82:0_83:0_84:0_85:0_86:0_87:0_88:0_89:0_90:0_91:0_92:0_93:0_94:0_95:0_96:0_97:0_98:0_99:0_100:0_101:0_102:0_103:0_104:0_105:0_106:0_107:0_108:0_109:0_110:0_111:0_112:0_113:0_114:0_115:0_116:0_117:0_118:0_119:0_120:0_121:0_122:0_123:0_124:0_125:0_126:0_127:0_128:0_129:0_130:0_131:0_132:0_133:0_134:0_135:0_136:0_137:0_138:0_139:0_140:0_141:0_142:0_143:0_144:0_145:0_146:0_147:0_148:0_149:0_150:0_151:0_152:0_153:0_154:0_155:0_156:0_157:0_158:0_159:0_160:0
30003,3,880,1319,1:0_2:0_3:0_4:0_5:0_6:0_7:0_8:0_9:0_10:0_11:0_12:0_13:0_14:0_15:0_16:0_17:0_18:0_19:0_20:0_21:0_22:0_23:0_24:0_25:0_26:0_27:0_28:0_29:0_30:0_31:0_32:0_33:0_34:0_35:0_36:0_37:0_38:0_39:0_40:0_41:0_42:0_43:0_44:0_45:0_46:0_47:0_48:0_49:0_50:0_51:0_52:0_53:0_54:0_55:0_56:0_57:0_58:0_59:0_60:0_61:0_62:0_63:0_64:0_65:0_66:0_67:0_68:0_69:0_70:0_71:0_72:0_73:0_74:0_75:0_76:0_77:0_78:0_79:0_80:0_81:0_82:0_83:0_84:0_85:0_86:0_87:0_88:0_89:0_90:0_91:0_92:0_93:0_94:0_95:0_96:0_97:0_98:0_99:0_100:0_101:0_102:0_103:0_104:0_105:0_106:0_107:0_108:0_109:0_110:0_111:0_112:0_113:0_114:0_115:0_116:0_117:0_118:0_119:0_120:0_121:0_122:0_123:0_124:0_125:0_126:0_127:0_128:0_129:0_130:0_131:0_132:0_133:0_134:0_135:0_136:0_137:0_138:0_139:0_140:0_141:0_142:0_143:0_144:0_145:0_146:0_147:0_148:0_149:0_150:0_151:0_152:0_153:0_154:0_155:0_156:0_157:0_158:0_159:0_160:0
30004,3,1320,1799,1:0_2:0_3:0_4:0_5:0_6:0_7:0_8:0_9:0_10:0_11:0_12:0_13:0_14:0_15:0_16:0_17:0_18:0_19:0_20:0_21:0_22:0_23:0_24:0_25:0_26:0_27:0_28:0_29:0_30:0_31:0_32:0_33:0_34:0_35:0_36:0_37:0_38:0_39:0_40:0_41:0_42:0_43:0_44:0_45:0_46:0_47:0_48:0_49:0_50:0_51:0_52:0_53:0_54:0_55:0_56:0_57:0_58:0_59:0_60:0_61:0_62:0_63:0_64:0_65:0_66:0_67:0_68:0_69:0_70:0_71:0_72:0_73:0_74:0_75:0_76:0_77:0_78:0_79:0_80:0_81:0_82:0_83:0_84:0_85:0_86:0_87:0_88:0_89:0_90:0_91:0_92:0_93:0_94:0_95:0_96:0_97:0_98:0_99:0_100:0_101:0_102:0_103:0_104:0_105:0_106:0_107:0_108:0_109:0_110:0_111:0_112:0_113:0_114:0_115:0_116:0_117:0_118:0_119:0_120:0_121:0_122:0_123:0_124:0_125:0_126:0_127:0_128:0_129:0_130:0_131:0_132:0_133:0_134:0_135:0_136:0_137:0_138:0_139:0_140:0_141:0_142:0_143:0_144:0_145:0_146:0_147:0_148:0_149:0_150:0_151:0_152:0_153:0_154:0_155:0_156:0_157:0_158:0_159:0_160:0
30005,3,1800,2199,1:0_2:0_3:0_4:0_5:0_6:0_7:0_8:0_9:0_10:0_11:0_12:0_13:0_14:0_15:0_16:0_17:0_18:0_19:0_20:0_21:0_22:0_23:0_24:0_25:0_26:0_27:0_28:0_29:0_30:0_31:0_32:0_33:0_34:0_35:0_36:0_37:0_38:0_39:0_40:0_41:0_42:0_43:0_44:0_45:0_46:0_47:0_48:0_49:0_50:0_51:0_52:0_53:0_54:0_55:0_56:0_57:0_58:0_59:0_60:0_61:0_62:0_63:0_64:0_65:0_66:0_67:0_68:0_69:0_70:0_71:0_72:0_73:0_74:0_75:0_76:0_77:0_78:0_79:0_80:0_81:0_82:0_83:0_84:0_85:0_86:0_87:0_88:0_89:0_90:0_91:0_92:0_93:0_94:0_95:0_96:0_97:0_98:0_99:0_100:0_101:0_102:0_103:0_104:0_105:0_106:0_107:0_108:0_109:0_110:0_111:0_112:0_113:0_114:0_115:0_116:0_117:0_118:0_119:0_120:0_121:0_122:0_123:0_124:0_125:0_126:0_127:0_128:0_129:0_130:0_131:0_132:0_133:0_134:0_135:0_136:0_137:0_138:0_139:0_140:0_141:0_142:0_143:0_144:0_145:0_146:0_147:0_148:0_149:0_150:0_151:0_152:0_153:0_154:0_155:0_156:0_157:0_158:0_159:0_160:0
30006,3,2200,3049,1:0_2:0_3:0_4:0_5:0_6:0_7:0_8:0_9:0_10:0_11:0_12:0_13:0_14:0_15:0_16:0_17:0_18:0_19:0_20:0_21:0_22:0_23:0_24:0_25:0_26:0_27:0_28:0_29:0_30:0_31:0_32:0_33:0_34:0_35:0_36:0_37:0_38:0_39:0_40:0_41:0_42:0_43:0_44:0_45:0_46:0_47:0_48:0_49:0_50:0_51:0_52:0_53:0_54:0_55:0_56:0_57:0_58:0_59:0_60:0_61:0_62:0_63:0_64:0_65:0_66:0_67:0_68:0_69:0_70:0_71:0_72:0_73:0_74:0_75:0_76:0_77:0_78:0_79:0_80:0_81:0_82:0_83:0_84:0_85:0_86:0_87:0_88:0_89:0_90:0_91:0_92:0_93:0_94:0_95:0_96:0_97:0_98:0_99:0_100:0_101:0_102:0_103:0_104:0_105:0_106:0_107:0_108:0_109:0_110:0_111:0_112:0_113:0_114:0_115:0_116:0_117:0_118:0_119:0_120:0_121:0_122:0_123:0_124:0_125:0_126:0_127:0_128:0_129:0_130:0_131:0_132:0_133:0_134:0_135:0_136:0_137:0_138:0_139:0_140:0_141:0_142:0_143:0_144:0_145:0_146:0_147:0_148:0_149:0_150:0_151:0_152:0_153:0_154:0_155:0_156:0_157:0_158:0_159:0_160:0
30007,3,3050,3999,1:0_2:0_3:0_4:0_5:0_6:0_7:0_8:0_9:0_10:0_11:0_12:0_13:0_14:0_15:0_16:0_17:0_18:0_19:0_20:0_21:0_22:0_23:0_24:0_25:0_26:0_27:0_28:0_29:0_30:0_31:0_32:0_33:0_34:0_35:0_36:0_37:0_38:0_39:0_40:0_41:0_42:0_43:0_44:0_45:0_46:0_47:0_48:0_49:0_50:0_51:0_52:0_53:0_54:0_55:0_56:0_57:0_58:0_59:0_60:0_61:0_62:0_63:0_64:0_65:0_66:0_67:0_68:0_69:0_70:0_71:0_72:0_73:0_74:0_75:0_76:0_77:0_78:0_79:0_80:0_81:0_82:0_83:0_84:0_85:0_86:0_87:0_88:0_89:0_90:0_91:0_92:0_93:0_94:0_95:0_96:0_97:0_98:0_99:0_100:0_101:0_102:0_103:0_104:0_105:0_106:0_107:0_108:0_109:0_110:0_111:0_112:0_113:0_114:0_115:0_116:0_117:0_118:0_119:0_120:0_121:0_122:0_123:0_124:0_125:0_126:0_127:0_128:0_129:0_130:0_131:0_132:0_133:0_134:0_135:0_136:0_137:0_138:0_139:0_140:0_141:0_142:0_143:0_144:0_145:0_146:0_147:0_148:0_149:0_150:0_151:0_152:0_153:0_154:0_155:0_156:0_157:0_158:0_159:0_160:0
30008,3,4000,4899,1:0_2:0_3:0_4:0_5:0_6:0_7:0_8:0_9:0_10:0_11:0_12:0_13:0_14:0_15:0_16:0_17:0_18:0_19:0_20:0_21:0_22:0_23:0_24:0_25:0_26:0_27:0_28:0_29:0_30:0_31:0_32:0_33:0_34:0_35:0_36:0_37:0_38:0_39:0_40:0_41:0_42:0_43:0_44:0_45:0_46:0_47:0_48:0_49:0_50:0_51:0_52:0_53:0_54:0_55:0_56:0_57:0_58:0_59:0_60:0_61:0_62:0_63:0_64:0_65:0_66:0_67:0_68:0_69:0_70:0_71:0_72:0_73:0_74:0_75:0_76:0_77:0_78:0_79:0_80:0_81:0_82:0_83:0_84:0_85:0_86:0_87:0_88:0_89:0_90:0_91:0_92:0_93:0_94:0_95:0_96:0_97:0_98:0_99:0_100:0_101:0_102:0_103:0_104:0_105:0_106:0_107:0_108:0_109:0_110:0_111:0_112:0_113:0_114:0_115:0_116:0_117:0_118:0_119:0_120:0_121:0_122:0_123:0_124:0_125:0_126:0_127:0_128:0_129:0_130:0_131:0_132:0_133:0_134:0_135:0_136:0_137:0_138:0_139:0_140:0_141:0_142:0_143:0_144:0_145:0_146:0_147:0_148:0_149:0_150:0_151:0_152:0_153:0_154:0_155:0_156:0_157:0_158:0_159:0_160:0
30010,3,4900,6099,1:0_2:0_3:0_4:0_5:0_6:0_7:0_8:0_9:0_10:0_11:0_12:0_13:0_14:0_15:0_16:0_17:0_18:0_19:0_20:0_21:0_22:0_23:0_24:0_25:0_26:0_27:0_28:0_29:0_30:0_31:0_32:0_33:0_34:0_35:0_36:0_37:0_38:0_39:0_40:0_41:0_42:0_43:0_44:0_45:0_46:0_47:0_48:0_49:0_50:0_51:0_52:0_53:0_54:0_55:0_56:0_57:0_58:0_59:0_60:0_61:0_62:0_63:0_64:0_65:0_66:0_67:0_68:0_69:0_70:0_71:0_72:0_73:0_74:0_75:0_76:0_77:0_78:0_79:0_80:0_81:0_82:0_83:0_84:0_85:0_86:0_87:0_88:0_89:0_90:0_91:0_92:0_93:0_94:0_95:0_96:0_97:0_98:0_99:0_100:0_101:0_102:0_103:0_104:0_105:0_106:0_107:0_108:0_109:0_110:0_111:0_112:0_113:0_114:0_115:0_116:0_117:0_118:0_119:0_120:0_121:0_122:0_123:0_124:0_125:0_126:0_127:0_128:0_129:0_130:0_131:0_132:0_133:0_134:0_135:0_136:0_137:0_138:0_139:0_140:0_141:0_142:0_143:0_144:0_145:0_146:0_147:0_148:0_149:0_150:0_151:0_152:0_153:0_154:0_155:0_156:0_157:0_158:0_159:0_160:0
30011,3,6100,7899,1:0_2:0_3:0_4:0_5:0_6:0_7:0_8:0_9:0_10:0_11:0_12:0_13:0_14:0_15:0_16:0_17:0_18:0_19:0_20:0_21:0_22:0_23:0_24:0_25:0_26:0_27:0_28:0_29:0_30:0_31:0_32:0_33:0_34:0_35:0_36:0_37:0_38:0_39:0_40:0_41:0_42:0_43:0_44:0_45:0_46:0_47:0_48:0_49:0_50:0_51:0_52:0_53:0_54:0_55:0_56:0_57:0_58:0_59:0_60:0_61:0_62:0_63:0_64:0_65:0_66:0_67:0_68:0_69:0_70:0_71:0_72:0_73:0_74:0_75:0_76:0_77:0_78:0_79:0_80:0_81:0_82:0_83:0_84:0_85:0_86:0_87:0_88:0_89:0_90:0_91:0_92:0_93:0_94:0_95:0_96:0_97:0_98:0_99:0_100:0_101:0_102:0_103:0_104:0_105:0_106:0_107:0_108:0_109:0_110:0_111:0_112:0_113:0_114:0_115:0_116:0_117:0_118:0_119:0_120:0_121:0_122:0_123:0_124:0_125:0_126:0_127:0_128:0_129:0_130:0_131:0_132:0_133:0_134:0_135:0_136:0_137:0_138:0_139:0_140:0_141:0_142:0_143:0_144:0_145:0_146:0_147:0_148:0_149:0_150:0_151:0_152:0_153:0_154:0_155:0_156:0_157:0_158:0_159:0_160:0
30012,3,7900,9649,1:0_2:0_3:0_4:0_5:0_6:0_7:0_8:0_9:0_10:0_11:0_12:0_13:0_14:0_15:0_16:0_17:0_18:0_19:0_20:0_21:0_22:0_23:0_24:0_25:0_26:0_27:0_28:0_29:0_30:0_31:0_32:0_33:0_34:0_35:0_36:0_37:0_38:0_39:0_40:0_41:0_42:0_43:0_44:0_45:0_46:0_47:0_48:0_49:0_50:0_51:0_52:0_53:0_54:0_55:0_56:0_57:0_58:0_59:0_60:0_61:0_62:0_63:0_64:0_65:0_66:0_67:0_68:0_69:0_70:0_71:0_72:0_73:0_74:0_75:0_76:0_77:0_78:0_79:0_80:0_81:0_82:0_83:0_84:0_85:0_86:0_87:0_88:0_89:0_90:0_91:0_92:0_93:0_94:0_95:0_96:0_97:0_98:0_99:0_100:0_101:0_102:0_103:0_104:0_105:0_106:0_107:0_108:0_109:0_110:0_111:0_112:0_113:0_114:0_115:0_116:0_117:0_118:0_119:0_120:0_121:0_122:0_123:0_124:0_125:0_126:0_127:0_128:0_129:0_130:0_131:0_132:0_133:0_134:0_135:0_136:0_137:0_138:0_139:0_140:0_141:0_142:0_143:0_144:0_145:0_146:0_147:0_148:0_149:0_150:0_151:0_152:0_153:0_154:0_155:0_156:0_157:0_158:0_159:0_160:0
30014,3,9650,13279,1:0_2:0_3:0_4:0_5:0_6:0_7:0_8:0_9:0_10:0_11:0_12:0_13:0_14:0_15:0_16:0_17:0_18:0_19:0_20:0_21:0_22:0_23:0_24:0_25:0_26:0_27:0_28:0_29:0_30:0_31:0_32:0_33:0_34:0_35:0_36:0_37:0_38:0_39:0_40:0_41:0_42:0_43:0_44:0_45:0_46:0_47:0_48:0_49:0_50:0_51:0_52:0_53:0_54:0_55:0_56:0_57:0_58:0_59:0_60:0_61:0_62:0_63:0_64:0_65:0_66:0_67:0_68:0_69:0_70:0_71:0_72:0_73:0_74:0_75:0_76:0_77:0_78:0_79:0_80:0_81:0_82:0_83:0_84:0_85:0_86:0_87:0_88:0_89:0_90:0_91:0_92:0_93:0_94:0_95:0_96:0_97:0_98:0_99:0_100:0_101:0_102:0_103:0_104:0_105:0_106:0_107:0_108:0_109:0_110:0_111:0_112:0_113:0_114:0_115:0_116:0_117:0_118:0_119:0_120:0_121:0_122:0_123:0_124:0_125:0_126:0_127:0_128:0_129:0_130:0_131:0_132:0_133:0_134:0_135:0_136:0_137:0_138:0_139:0_140:0_141:0_142:0_143:0_144:0_145:0_146:0_147:0_148:0_149:0_150:0_151:0_152:0_153:0_154:0_155:0_156:0_157:0_158:0_159:0_160:0
30015,3,13280,15999,1:0_2:0_3:0_4:0_5:0_6:0_7:0_8:0_9:0_10:0_11:0_12:0_13:0_14:0_15:0_16:0_17:0_18:0_19:0_20:0_21:0_22:0_23:0_24:0_25:0_26:0_27:0_28:0_29:0_30:0_31:0_32:0_33:0_34:0_35:0_36:0_37:0_38:0_39:0_40:0_41:0_42:0_43:0_44:0_45:0_46:0_47:0_48:0_49:0_50:0_51:0_52:0_53:0_54:0_55:0_56:0_57:0_58:0_59:0_60:0_61:0_62:0_63:0_64:0_65:0_66:0_67:0_68:0_69:0_70:0_71:0_72:0_73:0_74:0_75:0_76:0_77:0_78:0_79:0_80:0_81:0_82:0_83:0_84:0_85:0_86:0_87:0_88:0_89:0_90:0_91:0_92:0_93:0_94:0_95:0_96:0_97:0_98:0_99:0_100:0_101:0_102:0_103:0_104:0_105:0_106:0_107:0_108:0_109:0_110:0_111:0_112:0_113:0_114:0_115:0_116:0_117:0_118:0_119:0_120:0_121:0_122:0_123:0_124:0_125:0_126:0_127:0_128:0_129:0_130:0_131:0_132:0_133:0_134:0_135:0_136:0_137:0_138:0_139:0_140:0_141:0_142:0_143:0_144:0_145:0_146:0_147:0_148:0_149:0_150:0_151:0_152:0_153:0_154:0_155:0_156:0_157:0_158:0_159:0_160:0
30016,3,16000,22499,1:0_2:0_3:0_4:0_5:0_6:0_7:0_8:0_9:0_10:0_11:0_12:0_13:0_14:0_15:0_16:0_17:0_18:0_19:0_20:0_21:0_22:0_23:0_24:0_25:0_26:0_27:0_28:0_29:0_30:0_31:0_32:0_33:0_34:0_35:0_36:0_37:0_38:0_39:0_40:0_41:0_42:0_43:0_44:0_45:0_46:0_47:0_48:0_49:0_50:0_51:0_52:0_53:0_54:0_55:0_56:0_57:0_58:0_59:0_60:0_61:0_62:0_63:0_64:0_65:0_66:0_67:0_68:0_69:0_70:0_71:0_72:0_73:0_74:0_75:0_76:0_77:0_78:0_79:0_80:0_81:0_82:0_83:0_84:0_85:0_86:0_87:0_88:0_89:0_90:0_91:0_92:0_93:0_94:0_95:0_96:0_97:0_98:0_99:0_100:0_101:0_102:0_103:0_104:0_105:0_106:0_107:0_108:0_109:0_110:0_111:0_112:0_113:0_114:0_115:0_116:0_117:0_118:0_119:0_120:0_121:0_122:0_123:0_124:0_125:0_126:0_127:0_128:0_129:0_130:0_131:0_132:0_133:0_134:0_135:0_136:0_137:0_138:0_139:0_140:0_141:0_142:0_143:0_144:0_145:0_146:0_147:0_148:0_149:0_150:0_151:0_152:0_153:0_154:0_155:0_156:0_157:0_158:0_159:0_160:0
30018,3,22500,25999,1:0_2:0_3:0_4:0_5:0_6:0_7:0_8:0_9:0_10:0_11:0_12:0_13:0_14:0_15:0_16:0_17:0_18:0_19:0_20:0_21:0_22:0_23:0_24:0_25:0_26:0_27:0_28:0_29:0_30:0_31:0_32:0_33:0_34:0_35:0_36:0_37:0_38:0_39:0_40:0_41:0_42:0_43:0_44:0_45:0_46:0_47:0_48:0_49:0_50:0_51:0_52:0_53:0_54:0_55:0_56:0_57:0_58:0_59:0_60:0_61:0_62:0_63:0_64:0_65:0_66:0_67:0_68:0_69:0_70:0_71:0_72:0_73:0_74:0_75:0_76:0_77:0_78:0_79:0_80:0_81:0_82:0_83:0_84:0_85:0_86:0_87:0_88:0_89:0_90:0_91:0_92:0_93:0_94:0_95:0_96:0_97:0_98:0_99:0_100:0_101:0_102:0_103:0_104:0_105:0_106:0_107:0_108:0_109:0_110:0_111:0_112:0_113:0_114:0_115:0_116:0_117:0_118:0_119:0_120:0_121:0_122:0_123:0_124:0_125:0_126:0_127:0_128:0_129:0_130:0_131:0_132:0_133:0_134:0_135:0_136:0_137:0_138:0_139:0_140:0_141:0_142:0_143:0_144:0_145:0_146:0_147:0_148:0_149:0_150:0_151:0_152:0_153:0_154:0_155:0_156:0_157:0_158:0_159:0_160:0
30019,3,26000,39999,1:0_2:0_3:0_4:0_5:0_6:0_7:0_8:0_9:0_10:0_11:0_12:0_13:0_14:0_15:0_16:0_17:0_18:0_19:0_20:0_21:0_22:0_23:0_24:0_25:0_26:0_27:0_28:0_29:0_30:0_31:0_32:0_33:0_34:0_35:0_36:0_37:0_38:0_39:0_40:0_41:0_42:0_43:0_44:0_45:0_46:0_47:0_48:0_49:0_50:0_51:0_52:0_53:0_54:0_55:0_56:0_57:0_58:0_59:0_60:0_61:0_62:0_63:0_64:0_65:0_66:0_67:0_68:0_69:0_70:0_71:0_72:0_73:0_74:0_75:0_76:0_77:0_78:0_79:0_80:0_81:0_82:0_83:0_84:0_85:0_86:0_87:0_88:0_89:0_90:0_91:0_92:0_93:0_94:0_95:0_96:0_97:0_98:0_99:0_100:0_101:0_102:0_103:0_104:0_105:0_106:0_107:0_108:0_109:0_110:0_111:0_112:0_113:0_114:0_115:0_116:0_117:0_118:0_119:0_120:0_121:0_122:0_123:0_124:0_125:0_126:0_127:0_128:0_129:0_130:0_131:0_132:0_133:0_134:0_135:0_136:0_137:0_138:0_139:0_140:0_141:0_142:0_143:0_144:0_145:0_146:0_147:0_148:0_149:0_150:0_151:0_152:0_153:0_154:0_155:0_156:0_157:0_158:0_159:0_160:0
30021,3,40000,46999,1:0_2:0_3:0_4:0_5:0_6:0_7:0_8:0_9:0_10:0_11:0_12:0_13:0_14:0_15:0_16:0_17:0_18:0_19:0_20:0_21:0_22:0_23:0_24:0_25:0_26:0_27:0_28:0_29:0_30:0_31:0_32:0_33:0_34:0_35:0_36:0_37:0_38:0_39:0_40:0_41:0_42:0_43:0_44:0_45:0_46:0_47:0_48:0_49:0_50:0_51:0_52:0_53:0_54:0_55:0_56:0_57:0_58:0_59:0_60:0_61:0_62:0_63:0_64:0_65:0_66:0_67:0_68:0_69:0_70:0_71:0_72:0_73:0_74:0_75:0_76:0_77:0_78:0_79:0_80:0_81:0_82:0_83:0_84:0_85:0_86:0_87:0_88:0_89:0_90:0_91:0_92:0_93:0_94:0_95:0_96:0_97:0_98:0_99:0_100:0_101:0_102:0_103:0_104:0_105:0_106:0_107:0_108:0_109:0_110:0_111:0_112:0_113:0_114:0_115:0_116:0_117:0_118:0_119:0_120:0_121:0_122:0_123:0_124:0_125:0_126:0_127:0_128:0_129:0_130:0_131:0_132:0_133:0_134:0_135:0_136:0_137:0_138:0_139:0_140:0_141:0_142:0_143:0_144:0_145:0_146:0_147:0_148:0_149:0_150:0_151:0_152:0_153:0_154:0_155:0_156:0_157:0_158:0_159:0_160:0
30022,3,47000,53999,1:0_2:0_3:0_4:0_5:0_6:0_7:0_8:0_9:0_10:0_11:0_12:0_13:0_14:0_15:0_16:0_17:0_18:0_19:0_20:0_21:0_22:0_23:0_24:0_25:0_26:0_27:0_28:0_29:0_30:0_31:0_32:0_33:0_34:0_35:0_36:0_37:0_38:0_39:0_40:0_41:0_42:0_43:0_44:0_45:0_46:0_47:0_48:0_49:0_50:0_51:0_52:0_53:0_54:0_55:0_56:0_57:0_58:0_59:0_60:0_61:0_62:0_63:0_64:0_65:0_66:0_67:0_68:0_69:0_70:0_71:0_72:0_73:0_74:0_75:0_76:0_77:0_78:0_79:0_80:0_81:0_82:0_83:0_84:0_85:0_86:0_87:0_88:0_89:0_90:0_91:0_92:0_93:0_94:0_95:0_96:0_97:0_98:0_99:0_100:0_101:0_102:0_103:0_104:0_105:0_106:0_107:0_108:0_109:0_110:0_111:0_112:0_113:0_114:0_115:0_116:0_117:0_118:0_119:0_120:0_121:0_122:0_123:0_124:0_125:0_126:0_127:0_128:0_129:0_130:0_131:0_132:0_133:0_134:0_135:0_136:0_137:0_138:0_139:0_140:0_141:0_142:0_143:0_144:0_145:0_146:0_147:0_148:0_149:0_150:0_151:0_152:0_153:0_154:0_155:0_156:0_157:0_158:0_159:0_160:0
30023,3,54000,89999,1:0_2:0_3:0_4:0_5:0_6:0_7:0_8:0_9:0_10:0_11:0_12:0_13:0_14:0_15:0_16:0_17:0_18:0_19:0_20:0_21:0_22:0_23:0_24:0_25:0_26:0_27:0_28:0_29:0_30:0_31:0_32:0_33:0_34:0_35:0_36:0_37:0_38:0_39:0_40:0_41:0_42:0_43:0_44:0_45:0_46:0_47:0_48:0_49:0_50:0_51:0_52:0_53:0_54:0_55:0_56:0_57:0_58:0_59:0_60:0_61:0_62:0_63:0_64:0_65:0_66:0_67:0_68:0_69:0_70:0_71:0_72:0_73:0_74:0_75:0_76:0_77:0_78:0_79:0_80:0_81:0_82:0_83:0_84:0_85:0_86:0_87:0_88:0_89:0_90:0_91:0_92:0_93:0_94:0_95:0_96:0_97:0_98:0_99:0_100:0_101:0_102:0_103:0_104:0_105:0_106:0_107:0_108:0_109:0_110:0_111:0_112:0_113:0_114:0_115:0_116:0_117:0_118:0_119:0_120:0_121:0_122:0_123:0_124:0_125:0_126:0_127:0_128:0_129:0_130:0_131:0_132:0_133:0_134:0_135:0_136:0_137:0_138:0_139:0_140:0_141:0_142:0_143:0_144:0_145:0_146:0_147:0_148:0_149:0_150:0_151:0_152:0_153:0_154:0_155:0_156:0_157:0_158:0_159:0_160:0
30025,3,90000,107999,1:0_2:0_3:0_4:0_5:0_6:0_7:0_8:0_9:0_10:0_11:0_12:0_13:0_14:0_15:0_16:0_17:0_18:0_19:0_20:0_21:0_22:0_23:0_24:0_25:0_26:0_27:0_28:0_29:0_30:0_31:0_32:0_33:0_34:0_35:0_36:0_37:0_38:0_39:0_40:0_41:0_42:0_43:0_44:0_45:0_46:0_47:0_48:0_49:0_50:0_51:0_52:0_53:0_54:0_55:0_56:0_57:0_58:0_59:0_60:0_61:0_62:0_63:0_64:0_65:0_66:0_67:0_68:0_69:0_70:0_71:0_72:0_73:0_74:0_75:0_76:0_77:0_78:0_79:0_80:0_81:0_82:0_83:0_84:0_85:0_86:0_87:0_88:0_89:0_90:0_91:0_92:0_93:0_94:0_95:0_96:0_97:0_98:0_99:0_100:0_101:0_102:0_103:0_104:0_105:0_106:0_107:0_108:0_109:0_110:0_111:0_112:0_113:0_114:0_115:0_116:0_117:0_118:0_119:0_120:0_121:0_122:0_123:0_124:0_125:0_126:0_127:0_128:0_129:0_130:0_131:0_132:0_133:0_134:0_135:0_136:0_137:0_138:0_139:0_140:0_141:0_142:0_143:0_144:0_145:0_146:0_147:0_148:0_149:0_150:0_151:0_152:0_153:0_154:0_155:0_156:0_157:0_158:0_159:0_160:0
30026,3,108000,126999,1:0_2:0_3:0_4:0_5:0_6:0_7:0_8:0_9:0_10:0_11:0_12:0_13:0_14:0_15:0_16:0_17:0_18:0_19:0_20:0_21:0_22:0_23:0_24:0_25:0_26:0_27:0_28:0_29:0_30:0_31:0_32:0_33:0_34:0_35:0_36:0_37:0_38:0_39:0_40:0_41:0_42:0_43:0_44:0_45:0_46:0_47:0_48:0_49:0_50:0_51:0_52:0_53:0_54:0_55:0_56:0_57:0_58:0_59:0_60:0_61:0_62:0_63:0_64:0_65:0_66:0_67:0_68:0_69:0_70:0_71:0_72:0_73:0_74:0_75:0_76:0_77:0_78:0_79:0_80:0_81:0_82:0_83:0_84:0_85:0_86:0_87:0_88:0_89:0_90:0_91:0_92:0_93:0_94:0_95:0_96:0_97:0_98:0_99:0_100:0_101:0_102:0_103:0_104:0_105:0_106:0_107:0_108:0_109:0_110:0_111:0_112:0_113:0_114:0_115:0_116:0_117:0_118:0_119:0_120:0_121:0_122:0_123:0_124:0_125:0_126:0_127:0_128:0_129:0_130:0_131:0_132:0_133:0_134:0_135:0_136:0_137:0_138:0_139:0_140:0_141:0_142:0_143:0_144:0_145:0_146:0_147:0_148:0_149:0_150:0_151:0_152:0_153:0_154:0_155:0_156:0_157:0_158:0_159:0_160:0
30027,3,127000,193999,1:0_2:0_3:0_4:0_5:0_6:0_7:0_8:0_9:0_10:0_11:0_12:0_13:0_14:0_15:0_16:0_17:0_18:0_19:0_20:0_21:0_22:0_23:0_24:0_25:0_26:0_27:0_28:0_29:0_30:0_31:0_32:0_33:0_34:0_35:0_36:0_37:0_38:0_39:0_40:0_41:0_42:0_43:0_44:0_45:0_46:0_47:0_48:0_49:0_50:0_51:0_52:0_53:0_54:0_55:0_56:0_57:0_58:0_59:0_60:0_61:0_62:0_63:0_64:0_65:0_66:0_67:0_68:0_69:0_70:0_71:0_72:0_73:0_74:0_75:0_76:0_77:0_78:0_79:0_80:0_81:0_82:0_83:0_84:0_85:0_86:0_87:0_88:0_89:0_90:0_91:0_92:0_93:0_94:0_95:0_96:0_97:0_98:0_99:0_100:0_101:0_102:0_103:0_104:0_105:0_106:0_107:0_108:0_109:0_110:0_111:0_112:0_113:0_114:0_115:0_116:0_117:0_118:0_119:0_120:0_121:0_122:0_123:0_124:0_125:0_126:0_127:0_128:0_129:0_130:0_131:0_132:0_133:0_134:0_135:0_136:0_137:0_138:0_139:0_140:0_141:0_142:0_143:0_144:0_145:0_146:0_147:0_148:0_149:0_150:0_151:0_152:0_153:0_154:0_155:0_156:0_157:0_158:0_159:0_160:0
30029,3,194000,227999,1:0_2:0_3:0_4:0_5:0_6:0_7:0_8:0_9:0_10:0_11:0_12:0_13:0_14:0_15:0_16:0_17:0_18:0_19:0_20:0_21:0_22:0_23:0_24:0_25:0_26:0_27:0_28:0_29:0_30:0_31:0_32:0_33:0_34:0_35:0_36:0_37:0_38:0_39:0_40:0_41:0_42:0_43:0_44:0_45:0_46:0_47:0_48:0_49:0_50:0_51:0_52:0_53:0_54:0_55:0_56:0_57:0_58:0_59:0_60:0_61:0_62:0_63:0_64:0_65:0_66:0_67:0_68:0_69:0_70:0_71:0_72:0_73:0_74:0_75:0_76:0_77:0_78:0_79:0_80:0_81:0_82:0_83:0_84:0_85:0_86:0_87:0_88:0_89:0_90:0_91:0_92:0_93:0_94:0_95:0_96:0_97:0_98:0_99:0_100:0_101:0_102:0_103:0_104:0_105:0_106:0_107:0_108:0_109:0_110:0_111:0_112:0_113:0_114:0_115:0_116:0_117:0_118:0_119:0_120:0_121:0_122:0_123:0_124:0_125:0_126:0_127:0_128:0_129:0_130:0_131:0_132:0_133:0_134:0_135:0_136:0_137:0_138:0_139:0_140:0_141:0_142:0_143:0_144:0_145:0_146:0_147:0_148:0_149:0_150:0_151:0_152:0_153:0_154:0_155:0_156:0_157:0_158:0_159:0_160:0
30030,3,228000,261999,1:0_2:0_3:0_4:0_5:0_6:0_7:0_8:0_9:0_10:0_11:0_12:0_13:0_14:0_15:0_16:0_17:0_18:0_19:0_20:0_21:0_22:0_23:0_24:0_25:0_26:0_27:0_28:0_29:0_30:0_31:0_32:0_33:0_34:0_35:0_36:0_37:0_38:0_39:0_40:0_41:0_42:0_43:0_44:0_45:0_46:0_47:0_48:0_49:0_50:0_51:0_52:0_53:0_54:0_55:0_56:0_57:0_58:0_59:0_60:0_61:0_62:0_63:0_64:0_65:0_66:0_67:0_68:0_69:0_70:0_71:0_72:0_73:0_74:0_75:0_76:0_77:0_78:0_79:0_80:0_81:0_82:0_83:0_84:0_85:0_86:0_87:0_88:0_89:0_90:0_91:0_92:0_93:0_94:0_95:0_96:0_97:0_98:0_99:0_100:0_101:0_102:0_103:0_104:0_105:0_106:0_107:0_108:0_109:0_110:0_111:0_112:0_113:0_114:0_115:0_116:0_117:0_118:0_119:0_120:0_121:0_122:0_123:0_124:0_125:0_126:0_127:0_128:0_129:0_130:0_131:0_132:0_133:0_134:0_135:0_136:0_137:0_138:0_139:0_140:0_141:0_142:0_143:0_144:0_145:0_146:0_147:0_148:0_149:0_150:0_151:0_152:0_153:0_154:0_155:0_156:0_157:0_158:0_159:0_160:0
30031,3,262000,99999999,1:0_2:0_3:0_4:0_5:0_6:0_7:0_8:0_9:0_10:0_11:0_12:0_13:0_14:0_15:0_16:0_17:0_18:0_19:0_20:0_21:0_22:0_23:0_24:0_25:0_26:0_27:0_28:0_29:0_30:0_31:0_32:0_33:0_34:0_35:0_36:0_37:0_38:0_39:0_40:0_41:0_42:0_43:0_44:0_45:0_46:0_47:0_48:0_49:0_50:0_51:0_52:0_53:0_54:0_55:0_56:0_57:0_58:0_59:0_60:0_61:0_62:0_63:0_64:0_65:0_66:0_67:0_68:0_69:0_70:0_71:0_72:0_73:0_74:0_75:0_76:0_77:0_78:0_79:0_80:0_81:0_82:0_83:0_84:0_85:0_86:0_87:0_88:0_89:0_90:0_91:0_92:0_93:0_94:0_95:0_96:0_97:0_98:0_99:0_100:0_101:0_102:0_103:0_104:0_105:0_106:0_107:0_108:0_109:0_110:0_111:0_112:0_113:0_114:0_115:0_116:0_117:0_118:0_119:0_120:0_121:0_122:0_123:0_124:0_125:0_126:0_127:0_128:0_129:0_130:0_131:0_132:0_133:0_134:0_135:0_136:0_137:0_138:0_139:0_140:0_141:0_142:0_143:0_144:0_145:0_146:0_147:0_148:0_149:0_150:0_151:0_152:0_153:0_154:0_155:0_156:0_157:0_158:0_159:0_160:0
