paipaiworld_config,Unnamed: 1
INT_K,MAP<INT:STRING>_S
equipment_id,suite_equip_name
装备id,套装装备名称
42781201,1:初燃之辉_2:初霜之临_3:闪电之击_4:蝰蛇之咬
42781202,1:初燃之辉_2:初霜之临_3:闪电之击_4:蝰蛇之咬
42781203,1:初燃之辉_2:初霜之临_3:闪电之击_4:蝰蛇之咬
42781204,1:初燃之辉_2:初霜之临_3:闪电之击_4:蝰蛇之咬
42781205,1:初燃之辉_2:初霜之临_3:闪电之击_4:蝰蛇之咬
42781206,1:初燃之辉_2:初霜之临_3:闪电之击_4:蝰蛇之咬
42781207,1:初燃之辉_2:初霜之临_3:闪电之击_4:蝰蛇之咬
42781208,1:初燃之辉_2:初霜之临_3:闪电之击_4:蝰蛇之咬
42781209,1:初燃之辉_2:初霜之临_3:闪电之击_4:蝰蛇之咬
42781210,1:初燃之辉_2:初霜之临_3:闪电之击_4:蝰蛇之咬
42781211,1:萤火轻语_2:寒霜轻语_3:破晓轻语_4:污秽轻语
42781212,1:萤火轻语_2:寒霜轻语_3:破晓轻语_4:污秽轻语
42781213,1:萤火轻语_2:寒霜轻语_3:破晓轻语_4:污秽轻语
42781214,1:萤火轻语_2:寒霜轻语_3:破晓轻语_4:污秽轻语
42781215,1:萤火轻语_2:寒霜轻语_3:破晓轻语_4:污秽轻语
42781216,1:萤火轻语_2:寒霜轻语_3:破晓轻语_4:污秽轻语
42781217,1:萤火轻语_2:寒霜轻语_3:破晓轻语_4:污秽轻语
42781218,1:萤火轻语_2:寒霜轻语_3:破晓轻语_4:污秽轻语
42781219,1:萤火轻语_2:寒霜轻语_3:破晓轻语_4:污秽轻语
42781220,1:萤火轻语_2:寒霜轻语_3:破晓轻语_4:污秽轻语
42781221,1:余烬叹息_2:冰晶叹息_3:风雷叹息_4:腐蚀叹息
42781222,1:余烬叹息_2:冰晶叹息_3:风雷叹息_4:腐蚀叹息
42781223,1:余烬叹息_2:冰晶叹息_3:风雷叹息_4:腐蚀叹息
42781224,1:余烬叹息_2:冰晶叹息_3:风雷叹息_4:腐蚀叹息
42781225,1:余烬叹息_2:冰晶叹息_3:风雷叹息_4:腐蚀叹息
42781226,1:余烬叹息_2:冰晶叹息_3:风雷叹息_4:腐蚀叹息
42781227,1:余烬叹息_2:冰晶叹息_3:风雷叹息_4:腐蚀叹息
42781228,1:余烬叹息_2:冰晶叹息_3:风雷叹息_4:腐蚀叹息
42781229,1:余烬叹息_2:冰晶叹息_3:风雷叹息_4:腐蚀叹息
42781230,1:余烬叹息_2:冰晶叹息_3:风雷叹息_4:腐蚀叹息
42781231,1:燃尽熔火_2:绝对零度_3:闪电主宰_4:致命瘟疫
42781232,1:燃尽熔火_2:绝对零度_3:闪电主宰_4:致命瘟疫
42781233,1:燃尽熔火_2:绝对零度_3:闪电主宰_4:致命瘟疫
42781234,1:燃尽熔火_2:绝对零度_3:闪电主宰_4:致命瘟疫
42781235,1:燃尽熔火_2:绝对零度_3:闪电主宰_4:致命瘟疫
42781236,1:燃尽熔火_2:绝对零度_3:闪电主宰_4:致命瘟疫
42781237,1:燃尽熔火_2:绝对零度_3:闪电主宰_4:致命瘟疫
42781238,1:燃尽熔火_2:绝对零度_3:闪电主宰_4:致命瘟疫
42781239,1:燃尽熔火_2:绝对零度_3:闪电主宰_4:致命瘟疫
42781240,1:燃尽熔火_2:绝对零度_3:闪电主宰_4:致命瘟疫
42781241,1:红莲业火_2:极度深寒_3:万钧风暴_4:恐怖疫病
42781242,1:红莲业火_2:极度深寒_3:万钧风暴_4:恐怖疫病
42781243,1:红莲业火_2:极度深寒_3:万钧风暴_4:恐怖疫病
42781244,1:红莲业火_2:极度深寒_3:万钧风暴_4:恐怖疫病
42781245,1:红莲业火_2:极度深寒_3:万钧风暴_4:恐怖疫病
42781246,1:红莲业火_2:极度深寒_3:万钧风暴_4:恐怖疫病
42781247,1:红莲业火_2:极度深寒_3:万钧风暴_4:恐怖疫病
42781248,1:红莲业火_2:极度深寒_3:万钧风暴_4:恐怖疫病
42781249,1:红莲业火_2:极度深寒_3:万钧风暴_4:恐怖疫病
42781250,1:红莲业火_2:极度深寒_3:万钧风暴_4:恐怖疫病
42781251,1:焚烧狂火_2:冰霜恐惧_3:天启掣电_4:怨恨恶疾
42781252,1:焚烧狂火_2:冰霜恐惧_3:天启掣电_4:怨恨恶疾
42781253,1:焚烧狂火_2:冰霜恐惧_3:天启掣电_4:怨恨恶疾
42781254,1:焚烧狂火_2:冰霜恐惧_3:天启掣电_4:怨恨恶疾
42781255,1:焚烧狂火_2:冰霜恐惧_3:天启掣电_4:怨恨恶疾
42781256,1:焚烧狂火_2:冰霜恐惧_3:天启掣电_4:怨恨恶疾
42781257,1:焚烧狂火_2:冰霜恐惧_3:天启掣电_4:怨恨恶疾
42781258,1:焚烧狂火_2:冰霜恐惧_3:天启掣电_4:怨恨恶疾
42781259,1:焚烧狂火_2:冰霜恐惧_3:天启掣电_4:怨恨恶疾
42781260,1:焚烧狂火_2:冰霜恐惧_3:天启掣电_4:怨恨恶疾
42781261,1:炽热意志_2:霜雪慈悲_3:雷霆赦免_4:剧毒傲慢
42781262,1:炽热意志_2:霜雪慈悲_3:雷霆赦免_4:剧毒傲慢
42781263,1:炽热意志_2:霜雪慈悲_3:雷霆赦免_4:剧毒傲慢
42781264,1:炽热意志_2:霜雪慈悲_3:雷霆赦免_4:剧毒傲慢
42781265,1:炽热意志_2:霜雪慈悲_3:雷霆赦免_4:剧毒傲慢
42781266,1:炽热意志_2:霜雪慈悲_3:雷霆赦免_4:剧毒傲慢
42781267,1:炽热意志_2:霜雪慈悲_3:雷霆赦免_4:剧毒傲慢
42781268,1:炽热意志_2:霜雪慈悲_3:雷霆赦免_4:剧毒傲慢
42781269,1:炽热意志_2:霜雪慈悲_3:雷霆赦免_4:剧毒傲慢
42781270,1:炽热意志_2:霜雪慈悲_3:雷霆赦免_4:剧毒傲慢
42781271,1:燎原狂妄_2:凛冬窒息_3:破晓审判_4:幽毒索命
42781272,1:燎原狂妄_2:凛冬窒息_3:破晓审判_4:幽毒索命
42781273,1:燎原狂妄_2:凛冬窒息_3:破晓审判_4:幽毒索命
42781274,1:燎原狂妄_2:凛冬窒息_3:破晓审判_4:幽毒索命
42781275,1:燎原狂妄_2:凛冬窒息_3:破晓审判_4:幽毒索命
42781276,1:燎原狂妄_2:凛冬窒息_3:破晓审判_4:幽毒索命
42781277,1:燎原狂妄_2:凛冬窒息_3:破晓审判_4:幽毒索命
42781278,1:燎原狂妄_2:凛冬窒息_3:破晓审判_4:幽毒索命
42781279,1:燎原狂妄_2:凛冬窒息_3:破晓审判_4:幽毒索命
42781280,1:燎原狂妄_2:凛冬窒息_3:破晓审判_4:幽毒索命
42781281,1:熔岩暴怒_2:深寒凝视_3:闪电回响_4:邪毒狂欢
42781282,1:熔岩暴怒_2:深寒凝视_3:闪电回响_4:邪毒狂欢
42781283,1:熔岩暴怒_2:深寒凝视_3:闪电回响_4:邪毒狂欢
42781284,1:熔岩暴怒_2:深寒凝视_3:闪电回响_4:邪毒狂欢
42781285,1:熔岩暴怒_2:深寒凝视_3:闪电回响_4:邪毒狂欢
42781286,1:熔岩暴怒_2:深寒凝视_3:闪电回响_4:邪毒狂欢
42781287,1:熔岩暴怒_2:深寒凝视_3:闪电回响_4:邪毒狂欢
42781288,1:熔岩暴怒_2:深寒凝视_3:闪电回响_4:邪毒狂欢
42781289,1:熔岩暴怒_2:深寒凝视_3:闪电回响_4:邪毒狂欢
42781290,1:熔岩暴怒_2:深寒凝视_3:闪电回响_4:邪毒狂欢
42781291,1:灼热勇气_2:冰冷智慧_3:雷霆震撼_4:腐化欢愉
42781292,1:灼热勇气_2:冰冷智慧_3:雷霆震撼_4:腐化欢愉
42781293,1:灼热勇气_2:冰冷智慧_3:雷霆震撼_4:腐化欢愉
42781294,1:灼热勇气_2:冰冷智慧_3:雷霆震撼_4:腐化欢愉
42781295,1:灼热勇气_2:冰冷智慧_3:雷霆震撼_4:腐化欢愉
42781296,1:灼热勇气_2:冰冷智慧_3:雷霆震撼_4:腐化欢愉
42781297,1:灼热勇气_2:冰冷智慧_3:雷霆震撼_4:腐化欢愉
42781298,1:灼热勇气_2:冰冷智慧_3:雷霆震撼_4:腐化欢愉
42781299,1:灼热勇气_2:冰冷智慧_3:雷霆震撼_4:腐化欢愉
42781300,1:灼热勇气_2:冰冷智慧_3:雷霆震撼_4:腐化欢愉
42781301,1:炎龙吐息_2:霜龙之触_3:雷龙咆哮_4:毒龙蚀骨
42781302,1:炎龙吐息_2:霜龙之触_3:雷龙咆哮_4:毒龙蚀骨
42781303,1:炎龙吐息_2:霜龙之触_3:雷龙咆哮_4:毒龙蚀骨
42781304,1:炎龙吐息_2:霜龙之触_3:雷龙咆哮_4:毒龙蚀骨
42781305,1:炎龙吐息_2:霜龙之触_3:雷龙咆哮_4:毒龙蚀骨
42781306,1:炎龙吐息_2:霜龙之触_3:雷龙咆哮_4:毒龙蚀骨
42781307,1:炎龙吐息_2:霜龙之触_3:雷龙咆哮_4:毒龙蚀骨
42781308,1:炎龙吐息_2:霜龙之触_3:雷龙咆哮_4:毒龙蚀骨
42781309,1:炎龙吐息_2:霜龙之触_3:雷龙咆哮_4:毒龙蚀骨
42781310,1:炎龙吐息_2:霜龙之触_3:雷龙咆哮_4:毒龙蚀骨
42781311,1:火焰使者_2:寒霜使者_3:雷霆使者_4:剧毒使者
42781312,1:火焰使者_2:寒霜使者_3:雷霆使者_4:剧毒使者
42781313,1:火焰使者_2:寒霜使者_3:雷霆使者_4:剧毒使者
42781314,1:火焰使者_2:寒霜使者_3:雷霆使者_4:剧毒使者
42781315,1:火焰使者_2:寒霜使者_3:雷霆使者_4:剧毒使者
42781316,1:火焰使者_2:寒霜使者_3:雷霆使者_4:剧毒使者
42781317,1:火焰使者_2:寒霜使者_3:雷霆使者_4:剧毒使者
42781318,1:火焰使者_2:寒霜使者_3:雷霆使者_4:剧毒使者
42781319,1:火焰使者_2:寒霜使者_3:雷霆使者_4:剧毒使者
42781320,1:火焰使者_2:寒霜使者_3:雷霆使者_4:剧毒使者
42781321,1:灼烧行者_2:织梦行者_3:裁决行者_4:撕裂行者
42781322,1:灼烧行者_2:织梦行者_3:裁决行者_4:撕裂行者
42781323,1:灼烧行者_2:织梦行者_3:裁决行者_4:撕裂行者
42781324,1:灼烧行者_2:织梦行者_3:裁决行者_4:撕裂行者
42781325,1:灼烧行者_2:织梦行者_3:裁决行者_4:撕裂行者
42781326,1:灼烧行者_2:织梦行者_3:裁决行者_4:撕裂行者
42781327,1:灼烧行者_2:织梦行者_3:裁决行者_4:撕裂行者
42781328,1:灼烧行者_2:织梦行者_3:裁决行者_4:撕裂行者
42781329,1:灼烧行者_2:织梦行者_3:裁决行者_4:撕裂行者
42781330,1:灼烧行者_2:织梦行者_3:裁决行者_4:撕裂行者
42781331,1:地狱灼烧者_2:寒霜织梦者_3:雷域裁决者_4:幽冥撕裂者
42781332,1:地狱灼烧者_2:寒霜织梦者_3:雷域裁决者_4:幽冥撕裂者
42781333,1:地狱灼烧者_2:寒霜织梦者_3:雷域裁决者_4:幽冥撕裂者
42781334,1:地狱灼烧者_2:寒霜织梦者_3:雷域裁决者_4:幽冥撕裂者
42781335,1:地狱灼烧者_2:寒霜织梦者_3:雷域裁决者_4:幽冥撕裂者
42781336,1:地狱灼烧者_2:寒霜织梦者_3:雷域裁决者_4:幽冥撕裂者
42781337,1:地狱灼烧者_2:寒霜织梦者_3:雷域裁决者_4:幽冥撕裂者
42781338,1:地狱灼烧者_2:寒霜织梦者_3:雷域裁决者_4:幽冥撕裂者
42781339,1:地狱灼烧者_2:寒霜织梦者_3:雷域裁决者_4:幽冥撕裂者
42781340,1:地狱灼烧者_2:寒霜织梦者_3:雷域裁决者_4:幽冥撕裂者
42781341,1:火焰领主史诗_2:寒霜领主诗篇_3:雷霆领主战歌_4:剧毒领主咏叹
42781342,1:火焰领主史诗_2:寒霜领主诗篇_3:雷霆领主战歌_4:剧毒领主咏叹
42781343,1:火焰领主史诗_2:寒霜领主诗篇_3:雷霆领主战歌_4:剧毒领主咏叹
42781344,1:火焰领主史诗_2:寒霜领主诗篇_3:雷霆领主战歌_4:剧毒领主咏叹
42781345,1:火焰领主史诗_2:寒霜领主诗篇_3:雷霆领主战歌_4:剧毒领主咏叹
42781346,1:火焰领主史诗_2:寒霜领主诗篇_3:雷霆领主战歌_4:剧毒领主咏叹
42781347,1:火焰领主史诗_2:寒霜领主诗篇_3:雷霆领主战歌_4:剧毒领主咏叹
42781348,1:火焰领主史诗_2:寒霜领主诗篇_3:雷霆领主战歌_4:剧毒领主咏叹
42781349,1:火焰领主史诗_2:寒霜领主诗篇_3:雷霆领主战歌_4:剧毒领主咏叹
42781350,1:火焰领主史诗_2:寒霜领主诗篇_3:雷霆领主战歌_4:剧毒领主咏叹
42781351,1:毁灭君王之烬_2:不朽君王之凛_3:裁决君王之威_4:幽冥君王之歌
42781352,1:毁灭君王之烬_2:不朽君王之凛_3:裁决君王之威_4:幽冥君王之歌
42781353,1:毁灭君王之烬_2:不朽君王之凛_3:裁决君王之威_4:幽冥君王之歌
42781354,1:毁灭君王之烬_2:不朽君王之凛_3:裁决君王之威_4:幽冥君王之歌
42781355,1:毁灭君王之烬_2:不朽君王之凛_3:裁决君王之威_4:幽冥君王之歌
42781356,1:毁灭君王之烬_2:不朽君王之凛_3:裁决君王之威_4:幽冥君王之歌
42781357,1:毁灭君王之烬_2:不朽君王之凛_3:裁决君王之威_4:幽冥君王之歌
42781358,1:毁灭君王之烬_2:不朽君王之凛_3:裁决君王之威_4:幽冥君王之歌
42781359,1:毁灭君王之烬_2:不朽君王之凛_3:裁决君王之威_4:幽冥君王之歌
42781360,1:毁灭君王之烬_2:不朽君王之凛_3:裁决君王之威_4:幽冥君王之歌
42682201,1:熔岩布冠_2:凛冬布冠_3:霹雳布冠_4:枯萎布冠
42682202,1:熔岩布冠_2:凛冬布冠_3:霹雳布冠_4:枯萎布冠
42682203,1:熔岩布冠_2:凛冬布冠_3:霹雳布冠_4:枯萎布冠
42682204,1:熔岩布冠_2:凛冬布冠_3:霹雳布冠_4:枯萎布冠
42682205,1:熔岩布冠_2:凛冬布冠_3:霹雳布冠_4:枯萎布冠
42682206,1:熔岩布冠_2:凛冬布冠_3:霹雳布冠_4:枯萎布冠
42682207,1:熔岩布冠_2:凛冬布冠_3:霹雳布冠_4:枯萎布冠
42682208,1:熔岩布冠_2:凛冬布冠_3:霹雳布冠_4:枯萎布冠
42682209,1:熔岩布冠_2:凛冬布冠_3:霹雳布冠_4:枯萎布冠
42682210,1:熔岩布冠_2:凛冬布冠_3:霹雳布冠_4:枯萎布冠
42682211,11:熔岩铁头冠_12:凛冬铁头冠_13:霹雳铁头冠_14:枯萎铁头冠
42682212,11:熔岩铁头冠_12:凛冬铁头冠_13:霹雳铁头冠_14:枯萎铁头冠
42682213,11:熔岩铁头冠_12:凛冬铁头冠_13:霹雳铁头冠_14:枯萎铁头冠
42682214,11:熔岩铁头冠_12:凛冬铁头冠_13:霹雳铁头冠_14:枯萎铁头冠
42682215,11:熔岩铁头冠_12:凛冬铁头冠_13:霹雳铁头冠_14:枯萎铁头冠
42682216,11:熔岩铁头冠_12:凛冬铁头冠_13:霹雳铁头冠_14:枯萎铁头冠
42682217,11:熔岩铁头冠_12:凛冬铁头冠_13:霹雳铁头冠_14:枯萎铁头冠
42682218,11:熔岩铁头冠_12:凛冬铁头冠_13:霹雳铁头冠_14:枯萎铁头冠
42682219,11:熔岩铁头冠_12:凛冬铁头冠_13:霹雳铁头冠_14:枯萎铁头冠
42682220,11:熔岩铁头冠_12:凛冬铁头冠_13:霹雳铁头冠_14:枯萎铁头冠
42682221,21:熔岩青钢头冠_22:凛冬青钢头冠_23:霹雳青钢头冠_24:枯萎青钢头冠
42682222,21:熔岩青钢头冠_22:凛冬青钢头冠_23:霹雳青钢头冠_24:枯萎青钢头冠
42682223,21:熔岩青钢头冠_22:凛冬青钢头冠_23:霹雳青钢头冠_24:枯萎青钢头冠
42682224,21:熔岩青钢头冠_22:凛冬青钢头冠_23:霹雳青钢头冠_24:枯萎青钢头冠
42682225,21:熔岩青钢头冠_22:凛冬青钢头冠_23:霹雳青钢头冠_24:枯萎青钢头冠
42682226,21:熔岩青钢头冠_22:凛冬青钢头冠_23:霹雳青钢头冠_24:枯萎青钢头冠
42682227,21:熔岩青钢头冠_22:凛冬青钢头冠_23:霹雳青钢头冠_24:枯萎青钢头冠
42682228,21:熔岩青钢头冠_22:凛冬青钢头冠_23:霹雳青钢头冠_24:枯萎青钢头冠
42682229,21:熔岩青钢头冠_22:凛冬青钢头冠_23:霹雳青钢头冠_24:枯萎青钢头冠
42682230,21:熔岩青钢头冠_22:凛冬青钢头冠_23:霹雳青钢头冠_24:枯萎青钢头冠
42682231,31:熔岩流云头冠_32:凛冬流云头冠_33:霹雳流云头冠_34:枯萎流云头冠
42682232,31:熔岩流云头冠_32:凛冬流云头冠_33:霹雳流云头冠_34:枯萎流云头冠
42682233,31:熔岩流云头冠_32:凛冬流云头冠_33:霹雳流云头冠_34:枯萎流云头冠
42682234,31:熔岩流云头冠_32:凛冬流云头冠_33:霹雳流云头冠_34:枯萎流云头冠
42682235,31:熔岩流云头冠_32:凛冬流云头冠_33:霹雳流云头冠_34:枯萎流云头冠
42682236,31:熔岩流云头冠_32:凛冬流云头冠_33:霹雳流云头冠_34:枯萎流云头冠
42682237,31:熔岩流云头冠_32:凛冬流云头冠_33:霹雳流云头冠_34:枯萎流云头冠
42682238,31:熔岩流云头冠_32:凛冬流云头冠_33:霹雳流云头冠_34:枯萎流云头冠
42682239,31:熔岩流云头冠_32:凛冬流云头冠_33:霹雳流云头冠_34:枯萎流云头冠
42682240,31:熔岩流云头冠_32:凛冬流云头冠_33:霹雳流云头冠_34:枯萎流云头冠
42682241,41:熔岩飞虹头冠_42:凛冬飞虹头冠_43:霹雳飞虹头冠_44:枯萎飞虹头冠
42682242,41:熔岩飞虹头冠_42:凛冬飞虹头冠_43:霹雳飞虹头冠_44:枯萎飞虹头冠
42682243,41:熔岩飞虹头冠_42:凛冬飞虹头冠_43:霹雳飞虹头冠_44:枯萎飞虹头冠
42682244,41:熔岩飞虹头冠_42:凛冬飞虹头冠_43:霹雳飞虹头冠_44:枯萎飞虹头冠
42682245,41:熔岩飞虹头冠_42:凛冬飞虹头冠_43:霹雳飞虹头冠_44:枯萎飞虹头冠
42682246,41:熔岩飞虹头冠_42:凛冬飞虹头冠_43:霹雳飞虹头冠_44:枯萎飞虹头冠
42682247,41:熔岩飞虹头冠_42:凛冬飞虹头冠_43:霹雳飞虹头冠_44:枯萎飞虹头冠
42682248,41:熔岩飞虹头冠_42:凛冬飞虹头冠_43:霹雳飞虹头冠_44:枯萎飞虹头冠
42682249,41:熔岩飞虹头冠_42:凛冬飞虹头冠_43:霹雳飞虹头冠_44:枯萎飞虹头冠
42682250,41:熔岩飞虹头冠_42:凛冬飞虹头冠_43:霹雳飞虹头冠_44:枯萎飞虹头冠
42682251,51:熔岩紫金头冠_52:凛冬紫金头冠_53:霹雳紫金头冠_54:枯萎紫金头冠
42682252,51:熔岩紫金头冠_52:凛冬紫金头冠_53:霹雳紫金头冠_54:枯萎紫金头冠
42682253,51:熔岩紫金头冠_52:凛冬紫金头冠_53:霹雳紫金头冠_54:枯萎紫金头冠
42682254,51:熔岩紫金头冠_52:凛冬紫金头冠_53:霹雳紫金头冠_54:枯萎紫金头冠
42682255,51:熔岩紫金头冠_52:凛冬紫金头冠_53:霹雳紫金头冠_54:枯萎紫金头冠
42682256,51:熔岩紫金头冠_52:凛冬紫金头冠_53:霹雳紫金头冠_54:枯萎紫金头冠
42682257,51:熔岩紫金头冠_52:凛冬紫金头冠_53:霹雳紫金头冠_54:枯萎紫金头冠
42682258,51:熔岩紫金头冠_52:凛冬紫金头冠_53:霹雳紫金头冠_54:枯萎紫金头冠
42682259,51:熔岩紫金头冠_52:凛冬紫金头冠_53:霹雳紫金头冠_54:枯萎紫金头冠
42682260,51:熔岩紫金头冠_52:凛冬紫金头冠_53:霹雳紫金头冠_54:枯萎紫金头冠
42682261,61:熔岩巨神头冠_62:凛冬巨神头冠_63:霹雳巨神头冠_64:枯萎巨神头冠
42682262,61:熔岩巨神头冠_62:凛冬巨神头冠_63:霹雳巨神头冠_64:枯萎巨神头冠
42682263,61:熔岩巨神头冠_62:凛冬巨神头冠_63:霹雳巨神头冠_64:枯萎巨神头冠
42682264,61:熔岩巨神头冠_62:凛冬巨神头冠_63:霹雳巨神头冠_64:枯萎巨神头冠
42682265,61:熔岩巨神头冠_62:凛冬巨神头冠_63:霹雳巨神头冠_64:枯萎巨神头冠
42682266,61:熔岩巨神头冠_62:凛冬巨神头冠_63:霹雳巨神头冠_64:枯萎巨神头冠
42682267,61:熔岩巨神头冠_62:凛冬巨神头冠_63:霹雳巨神头冠_64:枯萎巨神头冠
42682268,61:熔岩巨神头冠_62:凛冬巨神头冠_63:霹雳巨神头冠_64:枯萎巨神头冠
42682269,61:熔岩巨神头冠_62:凛冬巨神头冠_63:霹雳巨神头冠_64:枯萎巨神头冠
42682270,61:熔岩巨神头冠_62:凛冬巨神头冠_63:霹雳巨神头冠_64:枯萎巨神头冠
42682271,71:熔岩天罡头冠_72:凛冬天罡头冠_73:霹雳天罡头冠_74:枯萎天罡头冠
42682272,71:熔岩天罡头冠_72:凛冬天罡头冠_73:霹雳天罡头冠_74:枯萎天罡头冠
42682273,71:熔岩天罡头冠_72:凛冬天罡头冠_73:霹雳天罡头冠_74:枯萎天罡头冠
42682274,71:熔岩天罡头冠_72:凛冬天罡头冠_73:霹雳天罡头冠_74:枯萎天罡头冠
42682275,71:熔岩天罡头冠_72:凛冬天罡头冠_73:霹雳天罡头冠_74:枯萎天罡头冠
42682276,71:熔岩天罡头冠_72:凛冬天罡头冠_73:霹雳天罡头冠_74:枯萎天罡头冠
42682277,71:熔岩天罡头冠_72:凛冬天罡头冠_73:霹雳天罡头冠_74:枯萎天罡头冠
42682278,71:熔岩天罡头冠_72:凛冬天罡头冠_73:霹雳天罡头冠_74:枯萎天罡头冠
42682279,71:熔岩天罡头冠_72:凛冬天罡头冠_73:霹雳天罡头冠_74:枯萎天罡头冠
42682280,71:熔岩天罡头冠_72:凛冬天罡头冠_73:霹雳天罡头冠_74:枯萎天罡头冠
42682281,81:熔岩雷神头冠_82:凛冬雷神头冠_83:霹雳雷神头冠_84:枯萎雷神头冠
42682282,81:熔岩雷神头冠_82:凛冬雷神头冠_83:霹雳雷神头冠_84:枯萎雷神头冠
42682283,81:熔岩雷神头冠_82:凛冬雷神头冠_83:霹雳雷神头冠_84:枯萎雷神头冠
42682284,81:熔岩雷神头冠_82:凛冬雷神头冠_83:霹雳雷神头冠_84:枯萎雷神头冠
42682285,81:熔岩雷神头冠_82:凛冬雷神头冠_83:霹雳雷神头冠_84:枯萎雷神头冠
42682286,81:熔岩雷神头冠_82:凛冬雷神头冠_83:霹雳雷神头冠_84:枯萎雷神头冠
42682287,81:熔岩雷神头冠_82:凛冬雷神头冠_83:霹雳雷神头冠_84:枯萎雷神头冠
42682288,81:熔岩雷神头冠_82:凛冬雷神头冠_83:霹雳雷神头冠_84:枯萎雷神头冠
42682289,81:熔岩雷神头冠_82:凛冬雷神头冠_83:霹雳雷神头冠_84:枯萎雷神头冠
42682290,81:熔岩雷神头冠_82:凛冬雷神头冠_83:霹雳雷神头冠_84:枯萎雷神头冠
42682291,91:熔岩狮吼头冠_92:凛冬狮吼头冠_93:霹雳狮吼头冠_94:枯萎狮吼头冠
42682292,91:熔岩狮吼头冠_92:凛冬狮吼头冠_93:霹雳狮吼头冠_94:枯萎狮吼头冠
42682293,91:熔岩狮吼头冠_92:凛冬狮吼头冠_93:霹雳狮吼头冠_94:枯萎狮吼头冠
42682294,91:熔岩狮吼头冠_92:凛冬狮吼头冠_93:霹雳狮吼头冠_94:枯萎狮吼头冠
42682295,91:熔岩狮吼头冠_92:凛冬狮吼头冠_93:霹雳狮吼头冠_94:枯萎狮吼头冠
42682296,91:熔岩狮吼头冠_92:凛冬狮吼头冠_93:霹雳狮吼头冠_94:枯萎狮吼头冠
42682297,91:熔岩狮吼头冠_92:凛冬狮吼头冠_93:霹雳狮吼头冠_94:枯萎狮吼头冠
42682298,91:熔岩狮吼头冠_92:凛冬狮吼头冠_93:霹雳狮吼头冠_94:枯萎狮吼头冠
42682299,91:熔岩狮吼头冠_92:凛冬狮吼头冠_93:霹雳狮吼头冠_94:枯萎狮吼头冠
42682300,91:熔岩狮吼头冠_92:凛冬狮吼头冠_93:霹雳狮吼头冠_94:枯萎狮吼头冠
42682301,101:熔岩灵蛇头冠_102:凛冬灵蛇头冠_103:霹雳灵蛇头冠_104:枯萎灵蛇头冠
42682302,101:熔岩灵蛇头冠_102:凛冬灵蛇头冠_103:霹雳灵蛇头冠_104:枯萎灵蛇头冠
42682303,101:熔岩灵蛇头冠_102:凛冬灵蛇头冠_103:霹雳灵蛇头冠_104:枯萎灵蛇头冠
42682304,101:熔岩灵蛇头冠_102:凛冬灵蛇头冠_103:霹雳灵蛇头冠_104:枯萎灵蛇头冠
42682305,101:熔岩灵蛇头冠_102:凛冬灵蛇头冠_103:霹雳灵蛇头冠_104:枯萎灵蛇头冠
42682306,101:熔岩灵蛇头冠_102:凛冬灵蛇头冠_103:霹雳灵蛇头冠_104:枯萎灵蛇头冠
42682307,101:熔岩灵蛇头冠_102:凛冬灵蛇头冠_103:霹雳灵蛇头冠_104:枯萎灵蛇头冠
42682308,101:熔岩灵蛇头冠_102:凛冬灵蛇头冠_103:霹雳灵蛇头冠_104:枯萎灵蛇头冠
42682309,101:熔岩灵蛇头冠_102:凛冬灵蛇头冠_103:霹雳灵蛇头冠_104:枯萎灵蛇头冠
42682310,101:熔岩灵蛇头冠_102:凛冬灵蛇头冠_103:霹雳灵蛇头冠_104:枯萎灵蛇头冠
42682311,111:熔岩朱雀头冠_112:凛冬朱雀头冠_113:霹雳朱雀头冠_114:枯萎朱雀头冠
42682312,111:熔岩朱雀头冠_112:凛冬朱雀头冠_113:霹雳朱雀头冠_114:枯萎朱雀头冠
42682313,111:熔岩朱雀头冠_112:凛冬朱雀头冠_113:霹雳朱雀头冠_114:枯萎朱雀头冠
42682314,111:熔岩朱雀头冠_112:凛冬朱雀头冠_113:霹雳朱雀头冠_114:枯萎朱雀头冠
42682315,111:熔岩朱雀头冠_112:凛冬朱雀头冠_113:霹雳朱雀头冠_114:枯萎朱雀头冠
42682316,111:熔岩朱雀头冠_112:凛冬朱雀头冠_113:霹雳朱雀头冠_114:枯萎朱雀头冠
42682317,111:熔岩朱雀头冠_112:凛冬朱雀头冠_113:霹雳朱雀头冠_114:枯萎朱雀头冠
42682318,111:熔岩朱雀头冠_112:凛冬朱雀头冠_113:霹雳朱雀头冠_114:枯萎朱雀头冠
42682319,111:熔岩朱雀头冠_112:凛冬朱雀头冠_113:霹雳朱雀头冠_114:枯萎朱雀头冠
42682320,111:熔岩朱雀头冠_112:凛冬朱雀头冠_113:霹雳朱雀头冠_114:枯萎朱雀头冠
42682321,121:熔岩龙形头冠_122:凛冬龙形头冠_123:霹雳龙形头冠_124:枯萎龙形头冠
42682322,121:熔岩龙形头冠_122:凛冬龙形头冠_123:霹雳龙形头冠_124:枯萎龙形头冠
42682323,121:熔岩龙形头冠_122:凛冬龙形头冠_123:霹雳龙形头冠_124:枯萎龙形头冠
42682324,121:熔岩龙形头冠_122:凛冬龙形头冠_123:霹雳龙形头冠_124:枯萎龙形头冠
42682325,121:熔岩龙形头冠_122:凛冬龙形头冠_123:霹雳龙形头冠_124:枯萎龙形头冠
42682326,121:熔岩龙形头冠_122:凛冬龙形头冠_123:霹雳龙形头冠_124:枯萎龙形头冠
42682327,121:熔岩龙形头冠_122:凛冬龙形头冠_123:霹雳龙形头冠_124:枯萎龙形头冠
42682328,121:熔岩龙形头冠_122:凛冬龙形头冠_123:霹雳龙形头冠_124:枯萎龙形头冠
42682329,121:熔岩龙形头冠_122:凛冬龙形头冠_123:霹雳龙形头冠_124:枯萎龙形头冠
42682330,121:熔岩龙形头冠_122:凛冬龙形头冠_123:霹雳龙形头冠_124:枯萎龙形头冠
42682331,131:熔岩龙王头冠_132:凛冬龙王头冠_133:霹雳龙王头冠_134:枯萎龙王头冠
42682332,131:熔岩龙王头冠_132:凛冬龙王头冠_133:霹雳龙王头冠_134:枯萎龙王头冠
42682333,131:熔岩龙王头冠_132:凛冬龙王头冠_133:霹雳龙王头冠_134:枯萎龙王头冠
42682334,131:熔岩龙王头冠_132:凛冬龙王头冠_133:霹雳龙王头冠_134:枯萎龙王头冠
42682335,131:熔岩龙王头冠_132:凛冬龙王头冠_133:霹雳龙王头冠_134:枯萎龙王头冠
42682336,131:熔岩龙王头冠_132:凛冬龙王头冠_133:霹雳龙王头冠_134:枯萎龙王头冠
42682337,131:熔岩龙王头冠_132:凛冬龙王头冠_133:霹雳龙王头冠_134:枯萎龙王头冠
42682338,131:熔岩龙王头冠_132:凛冬龙王头冠_133:霹雳龙王头冠_134:枯萎龙王头冠
42682339,131:熔岩龙王头冠_132:凛冬龙王头冠_133:霹雳龙王头冠_134:枯萎龙王头冠
42682340,131:熔岩龙王头冠_132:凛冬龙王头冠_133:霹雳龙王头冠_134:枯萎龙王头冠
42682341,141:熔岩龙皇头冠_142:凛冬龙皇头冠_143:霹雳龙皇头冠_144:枯萎龙皇头冠
42682342,141:熔岩龙皇头冠_142:凛冬龙皇头冠_143:霹雳龙皇头冠_144:枯萎龙皇头冠
42682343,141:熔岩龙皇头冠_142:凛冬龙皇头冠_143:霹雳龙皇头冠_144:枯萎龙皇头冠
42682344,141:熔岩龙皇头冠_142:凛冬龙皇头冠_143:霹雳龙皇头冠_144:枯萎龙皇头冠
42682345,141:熔岩龙皇头冠_142:凛冬龙皇头冠_143:霹雳龙皇头冠_144:枯萎龙皇头冠
42682346,141:熔岩龙皇头冠_142:凛冬龙皇头冠_143:霹雳龙皇头冠_144:枯萎龙皇头冠
42682347,141:熔岩龙皇头冠_142:凛冬龙皇头冠_143:霹雳龙皇头冠_144:枯萎龙皇头冠
42682348,141:熔岩龙皇头冠_142:凛冬龙皇头冠_143:霹雳龙皇头冠_144:枯萎龙皇头冠
42682349,141:熔岩龙皇头冠_142:凛冬龙皇头冠_143:霹雳龙皇头冠_144:枯萎龙皇头冠
42682350,141:熔岩龙皇头冠_142:凛冬龙皇头冠_143:霹雳龙皇头冠_144:枯萎龙皇头冠
42682351,151:熔岩龙神头冠_152:凛冬龙神头冠_153:霹雳龙神头冠_154:枯萎龙神头冠
42682352,151:熔岩龙神头冠_152:凛冬龙神头冠_153:霹雳龙神头冠_154:枯萎龙神头冠
42682353,151:熔岩龙神头冠_152:凛冬龙神头冠_153:霹雳龙神头冠_154:枯萎龙神头冠
42682354,151:熔岩龙神头冠_152:凛冬龙神头冠_153:霹雳龙神头冠_154:枯萎龙神头冠
42682355,151:熔岩龙神头冠_152:凛冬龙神头冠_153:霹雳龙神头冠_154:枯萎龙神头冠
42682356,151:熔岩龙神头冠_152:凛冬龙神头冠_153:霹雳龙神头冠_154:枯萎龙神头冠
42682357,151:熔岩龙神头冠_152:凛冬龙神头冠_153:霹雳龙神头冠_154:枯萎龙神头冠
42682358,151:熔岩龙神头冠_152:凛冬龙神头冠_153:霹雳龙神头冠_154:枯萎龙神头冠
42682359,151:熔岩龙神头冠_152:凛冬龙神头冠_153:霹雳龙神头冠_154:枯萎龙神头冠
42682360,151:熔岩龙神头冠_152:凛冬龙神头冠_153:霹雳龙神头冠_154:枯萎龙神头冠
42683201,1:熔岩布袍_2:凛冬布袍_3:霹雳布袍_4:枯萎布袍
42683202,1:熔岩布袍_2:凛冬布袍_3:霹雳布袍_4:枯萎布袍
42683203,1:熔岩布袍_2:凛冬布袍_3:霹雳布袍_4:枯萎布袍
42683204,1:熔岩布袍_2:凛冬布袍_3:霹雳布袍_4:枯萎布袍
42683205,1:熔岩布袍_2:凛冬布袍_3:霹雳布袍_4:枯萎布袍
42683206,1:熔岩布袍_2:凛冬布袍_3:霹雳布袍_4:枯萎布袍
42683207,1:熔岩布袍_2:凛冬布袍_3:霹雳布袍_4:枯萎布袍
42683208,1:熔岩布袍_2:凛冬布袍_3:霹雳布袍_4:枯萎布袍
42683209,1:熔岩布袍_2:凛冬布袍_3:霹雳布袍_4:枯萎布袍
42683210,1:熔岩布袍_2:凛冬布袍_3:霹雳布袍_4:枯萎布袍
42683211,11:熔岩铁铠_12:凛冬铁铠_13:霹雳铁铠_14:枯萎铁铠
42683212,11:熔岩铁铠_12:凛冬铁铠_13:霹雳铁铠_14:枯萎铁铠
42683213,11:熔岩铁铠_12:凛冬铁铠_13:霹雳铁铠_14:枯萎铁铠
42683214,11:熔岩铁铠_12:凛冬铁铠_13:霹雳铁铠_14:枯萎铁铠
42683215,11:熔岩铁铠_12:凛冬铁铠_13:霹雳铁铠_14:枯萎铁铠
42683216,11:熔岩铁铠_12:凛冬铁铠_13:霹雳铁铠_14:枯萎铁铠
42683217,11:熔岩铁铠_12:凛冬铁铠_13:霹雳铁铠_14:枯萎铁铠
42683218,11:熔岩铁铠_12:凛冬铁铠_13:霹雳铁铠_14:枯萎铁铠
42683219,11:熔岩铁铠_12:凛冬铁铠_13:霹雳铁铠_14:枯萎铁铠
42683220,11:熔岩铁铠_12:凛冬铁铠_13:霹雳铁铠_14:枯萎铁铠
42683221,21:熔岩青钢铠_22:凛冬青钢铠_23:霹雳青钢铠_24:枯萎青钢铠
42683222,21:熔岩青钢铠_22:凛冬青钢铠_23:霹雳青钢铠_24:枯萎青钢铠
42683223,21:熔岩青钢铠_22:凛冬青钢铠_23:霹雳青钢铠_24:枯萎青钢铠
42683224,21:熔岩青钢铠_22:凛冬青钢铠_23:霹雳青钢铠_24:枯萎青钢铠
42683225,21:熔岩青钢铠_22:凛冬青钢铠_23:霹雳青钢铠_24:枯萎青钢铠
42683226,21:熔岩青钢铠_22:凛冬青钢铠_23:霹雳青钢铠_24:枯萎青钢铠
42683227,21:熔岩青钢铠_22:凛冬青钢铠_23:霹雳青钢铠_24:枯萎青钢铠
42683228,21:熔岩青钢铠_22:凛冬青钢铠_23:霹雳青钢铠_24:枯萎青钢铠
42683229,21:熔岩青钢铠_22:凛冬青钢铠_23:霹雳青钢铠_24:枯萎青钢铠
42683230,21:熔岩青钢铠_22:凛冬青钢铠_23:霹雳青钢铠_24:枯萎青钢铠
42683231,31:熔岩流云铠_32:凛冬流云铠_33:霹雳流云铠_34:枯萎流云铠
42683232,31:熔岩流云铠_32:凛冬流云铠_33:霹雳流云铠_34:枯萎流云铠
42683233,31:熔岩流云铠_32:凛冬流云铠_33:霹雳流云铠_34:枯萎流云铠
42683234,31:熔岩流云铠_32:凛冬流云铠_33:霹雳流云铠_34:枯萎流云铠
42683235,31:熔岩流云铠_32:凛冬流云铠_33:霹雳流云铠_34:枯萎流云铠
42683236,31:熔岩流云铠_32:凛冬流云铠_33:霹雳流云铠_34:枯萎流云铠
42683237,31:熔岩流云铠_32:凛冬流云铠_33:霹雳流云铠_34:枯萎流云铠
42683238,31:熔岩流云铠_32:凛冬流云铠_33:霹雳流云铠_34:枯萎流云铠
42683239,31:熔岩流云铠_32:凛冬流云铠_33:霹雳流云铠_34:枯萎流云铠
42683240,31:熔岩流云铠_32:凛冬流云铠_33:霹雳流云铠_34:枯萎流云铠
42683241,41:熔岩飞虹铠_42:凛冬飞虹铠_43:霹雳飞虹铠_44:枯萎飞虹铠
42683242,41:熔岩飞虹铠_42:凛冬飞虹铠_43:霹雳飞虹铠_44:枯萎飞虹铠
42683243,41:熔岩飞虹铠_42:凛冬飞虹铠_43:霹雳飞虹铠_44:枯萎飞虹铠
42683244,41:熔岩飞虹铠_42:凛冬飞虹铠_43:霹雳飞虹铠_44:枯萎飞虹铠
42683245,41:熔岩飞虹铠_42:凛冬飞虹铠_43:霹雳飞虹铠_44:枯萎飞虹铠
42683246,41:熔岩飞虹铠_42:凛冬飞虹铠_43:霹雳飞虹铠_44:枯萎飞虹铠
42683247,41:熔岩飞虹铠_42:凛冬飞虹铠_43:霹雳飞虹铠_44:枯萎飞虹铠
42683248,41:熔岩飞虹铠_42:凛冬飞虹铠_43:霹雳飞虹铠_44:枯萎飞虹铠
42683249,41:熔岩飞虹铠_42:凛冬飞虹铠_43:霹雳飞虹铠_44:枯萎飞虹铠
42683250,41:熔岩飞虹铠_42:凛冬飞虹铠_43:霹雳飞虹铠_44:枯萎飞虹铠
42683251,51:熔岩紫金铠_52:凛冬紫金铠_53:霹雳紫金铠_54:枯萎紫金铠
42683252,51:熔岩紫金铠_52:凛冬紫金铠_53:霹雳紫金铠_54:枯萎紫金铠
42683253,51:熔岩紫金铠_52:凛冬紫金铠_53:霹雳紫金铠_54:枯萎紫金铠
42683254,51:熔岩紫金铠_52:凛冬紫金铠_53:霹雳紫金铠_54:枯萎紫金铠
42683255,51:熔岩紫金铠_52:凛冬紫金铠_53:霹雳紫金铠_54:枯萎紫金铠
42683256,51:熔岩紫金铠_52:凛冬紫金铠_53:霹雳紫金铠_54:枯萎紫金铠
42683257,51:熔岩紫金铠_52:凛冬紫金铠_53:霹雳紫金铠_54:枯萎紫金铠
42683258,51:熔岩紫金铠_52:凛冬紫金铠_53:霹雳紫金铠_54:枯萎紫金铠
42683259,51:熔岩紫金铠_52:凛冬紫金铠_53:霹雳紫金铠_54:枯萎紫金铠
42683260,51:熔岩紫金铠_52:凛冬紫金铠_53:霹雳紫金铠_54:枯萎紫金铠
42683261,61:熔岩巨神铠_62:凛冬巨神铠_63:霹雳巨神铠_64:枯萎巨神铠
42683262,61:熔岩巨神铠_62:凛冬巨神铠_63:霹雳巨神铠_64:枯萎巨神铠
42683263,61:熔岩巨神铠_62:凛冬巨神铠_63:霹雳巨神铠_64:枯萎巨神铠
42683264,61:熔岩巨神铠_62:凛冬巨神铠_63:霹雳巨神铠_64:枯萎巨神铠
42683265,61:熔岩巨神铠_62:凛冬巨神铠_63:霹雳巨神铠_64:枯萎巨神铠
42683266,61:熔岩巨神铠_62:凛冬巨神铠_63:霹雳巨神铠_64:枯萎巨神铠
42683267,61:熔岩巨神铠_62:凛冬巨神铠_63:霹雳巨神铠_64:枯萎巨神铠
42683268,61:熔岩巨神铠_62:凛冬巨神铠_63:霹雳巨神铠_64:枯萎巨神铠
42683269,61:熔岩巨神铠_62:凛冬巨神铠_63:霹雳巨神铠_64:枯萎巨神铠
42683270,61:熔岩巨神铠_62:凛冬巨神铠_63:霹雳巨神铠_64:枯萎巨神铠
42683271,71:熔岩天罡铠_72:凛冬天罡铠_73:霹雳天罡铠_74:枯萎天罡铠
42683272,71:熔岩天罡铠_72:凛冬天罡铠_73:霹雳天罡铠_74:枯萎天罡铠
42683273,71:熔岩天罡铠_72:凛冬天罡铠_73:霹雳天罡铠_74:枯萎天罡铠
42683274,71:熔岩天罡铠_72:凛冬天罡铠_73:霹雳天罡铠_74:枯萎天罡铠
42683275,71:熔岩天罡铠_72:凛冬天罡铠_73:霹雳天罡铠_74:枯萎天罡铠
42683276,71:熔岩天罡铠_72:凛冬天罡铠_73:霹雳天罡铠_74:枯萎天罡铠
42683277,71:熔岩天罡铠_72:凛冬天罡铠_73:霹雳天罡铠_74:枯萎天罡铠
42683278,71:熔岩天罡铠_72:凛冬天罡铠_73:霹雳天罡铠_74:枯萎天罡铠
42683279,71:熔岩天罡铠_72:凛冬天罡铠_73:霹雳天罡铠_74:枯萎天罡铠
42683280,71:熔岩天罡铠_72:凛冬天罡铠_73:霹雳天罡铠_74:枯萎天罡铠
42683281,81:熔岩雷神铠_82:凛冬雷神铠_83:霹雳雷神铠_84:枯萎雷神铠
42683282,81:熔岩雷神铠_82:凛冬雷神铠_83:霹雳雷神铠_84:枯萎雷神铠
42683283,81:熔岩雷神铠_82:凛冬雷神铠_83:霹雳雷神铠_84:枯萎雷神铠
42683284,81:熔岩雷神铠_82:凛冬雷神铠_83:霹雳雷神铠_84:枯萎雷神铠
42683285,81:熔岩雷神铠_82:凛冬雷神铠_83:霹雳雷神铠_84:枯萎雷神铠
42683286,81:熔岩雷神铠_82:凛冬雷神铠_83:霹雳雷神铠_84:枯萎雷神铠
42683287,81:熔岩雷神铠_82:凛冬雷神铠_83:霹雳雷神铠_84:枯萎雷神铠
42683288,81:熔岩雷神铠_82:凛冬雷神铠_83:霹雳雷神铠_84:枯萎雷神铠
42683289,81:熔岩雷神铠_82:凛冬雷神铠_83:霹雳雷神铠_84:枯萎雷神铠
42683290,81:熔岩雷神铠_82:凛冬雷神铠_83:霹雳雷神铠_84:枯萎雷神铠
42683291,91:熔岩狮吼铠_92:凛冬狮吼铠_93:霹雳狮吼铠_94:枯萎狮吼铠
42683292,91:熔岩狮吼铠_92:凛冬狮吼铠_93:霹雳狮吼铠_94:枯萎狮吼铠
42683293,91:熔岩狮吼铠_92:凛冬狮吼铠_93:霹雳狮吼铠_94:枯萎狮吼铠
42683294,91:熔岩狮吼铠_92:凛冬狮吼铠_93:霹雳狮吼铠_94:枯萎狮吼铠
42683295,91:熔岩狮吼铠_92:凛冬狮吼铠_93:霹雳狮吼铠_94:枯萎狮吼铠
42683296,91:熔岩狮吼铠_92:凛冬狮吼铠_93:霹雳狮吼铠_94:枯萎狮吼铠
42683297,91:熔岩狮吼铠_92:凛冬狮吼铠_93:霹雳狮吼铠_94:枯萎狮吼铠
42683298,91:熔岩狮吼铠_92:凛冬狮吼铠_93:霹雳狮吼铠_94:枯萎狮吼铠
42683299,91:熔岩狮吼铠_92:凛冬狮吼铠_93:霹雳狮吼铠_94:枯萎狮吼铠
42683300,91:熔岩狮吼铠_92:凛冬狮吼铠_93:霹雳狮吼铠_94:枯萎狮吼铠
42683301,101:熔岩灵蛇铠_102:凛冬灵蛇铠_103:霹雳灵蛇铠_104:枯萎灵蛇铠
42683302,101:熔岩灵蛇铠_102:凛冬灵蛇铠_103:霹雳灵蛇铠_104:枯萎灵蛇铠
42683303,101:熔岩灵蛇铠_102:凛冬灵蛇铠_103:霹雳灵蛇铠_104:枯萎灵蛇铠
42683304,101:熔岩灵蛇铠_102:凛冬灵蛇铠_103:霹雳灵蛇铠_104:枯萎灵蛇铠
42683305,101:熔岩灵蛇铠_102:凛冬灵蛇铠_103:霹雳灵蛇铠_104:枯萎灵蛇铠
42683306,101:熔岩灵蛇铠_102:凛冬灵蛇铠_103:霹雳灵蛇铠_104:枯萎灵蛇铠
42683307,101:熔岩灵蛇铠_102:凛冬灵蛇铠_103:霹雳灵蛇铠_104:枯萎灵蛇铠
42683308,101:熔岩灵蛇铠_102:凛冬灵蛇铠_103:霹雳灵蛇铠_104:枯萎灵蛇铠
42683309,101:熔岩灵蛇铠_102:凛冬灵蛇铠_103:霹雳灵蛇铠_104:枯萎灵蛇铠
42683310,101:熔岩灵蛇铠_102:凛冬灵蛇铠_103:霹雳灵蛇铠_104:枯萎灵蛇铠
42683311,111:熔岩朱雀铠_112:凛冬朱雀铠_113:霹雳朱雀铠_114:枯萎朱雀铠
42683312,111:熔岩朱雀铠_112:凛冬朱雀铠_113:霹雳朱雀铠_114:枯萎朱雀铠
42683313,111:熔岩朱雀铠_112:凛冬朱雀铠_113:霹雳朱雀铠_114:枯萎朱雀铠
42683314,111:熔岩朱雀铠_112:凛冬朱雀铠_113:霹雳朱雀铠_114:枯萎朱雀铠
42683315,111:熔岩朱雀铠_112:凛冬朱雀铠_113:霹雳朱雀铠_114:枯萎朱雀铠
42683316,111:熔岩朱雀铠_112:凛冬朱雀铠_113:霹雳朱雀铠_114:枯萎朱雀铠
42683317,111:熔岩朱雀铠_112:凛冬朱雀铠_113:霹雳朱雀铠_114:枯萎朱雀铠
42683318,111:熔岩朱雀铠_112:凛冬朱雀铠_113:霹雳朱雀铠_114:枯萎朱雀铠
42683319,111:熔岩朱雀铠_112:凛冬朱雀铠_113:霹雳朱雀铠_114:枯萎朱雀铠
42683320,111:熔岩朱雀铠_112:凛冬朱雀铠_113:霹雳朱雀铠_114:枯萎朱雀铠
42683321,121:熔岩龙形铠_122:凛冬龙形铠_123:霹雳龙形铠_124:枯萎龙形铠
42683322,121:熔岩龙形铠_122:凛冬龙形铠_123:霹雳龙形铠_124:枯萎龙形铠
42683323,121:熔岩龙形铠_122:凛冬龙形铠_123:霹雳龙形铠_124:枯萎龙形铠
42683324,121:熔岩龙形铠_122:凛冬龙形铠_123:霹雳龙形铠_124:枯萎龙形铠
42683325,121:熔岩龙形铠_122:凛冬龙形铠_123:霹雳龙形铠_124:枯萎龙形铠
42683326,121:熔岩龙形铠_122:凛冬龙形铠_123:霹雳龙形铠_124:枯萎龙形铠
42683327,121:熔岩龙形铠_122:凛冬龙形铠_123:霹雳龙形铠_124:枯萎龙形铠
42683328,121:熔岩龙形铠_122:凛冬龙形铠_123:霹雳龙形铠_124:枯萎龙形铠
42683329,121:熔岩龙形铠_122:凛冬龙形铠_123:霹雳龙形铠_124:枯萎龙形铠
42683330,121:熔岩龙形铠_122:凛冬龙形铠_123:霹雳龙形铠_124:枯萎龙形铠
42683331,131:熔岩龙王铠_132:凛冬龙王铠_133:霹雳龙王铠_134:枯萎龙王铠
42683332,131:熔岩龙王铠_132:凛冬龙王铠_133:霹雳龙王铠_134:枯萎龙王铠
42683333,131:熔岩龙王铠_132:凛冬龙王铠_133:霹雳龙王铠_134:枯萎龙王铠
42683334,131:熔岩龙王铠_132:凛冬龙王铠_133:霹雳龙王铠_134:枯萎龙王铠
42683335,131:熔岩龙王铠_132:凛冬龙王铠_133:霹雳龙王铠_134:枯萎龙王铠
42683336,131:熔岩龙王铠_132:凛冬龙王铠_133:霹雳龙王铠_134:枯萎龙王铠
42683337,131:熔岩龙王铠_132:凛冬龙王铠_133:霹雳龙王铠_134:枯萎龙王铠
42683338,131:熔岩龙王铠_132:凛冬龙王铠_133:霹雳龙王铠_134:枯萎龙王铠
42683339,131:熔岩龙王铠_132:凛冬龙王铠_133:霹雳龙王铠_134:枯萎龙王铠
42683340,131:熔岩龙王铠_132:凛冬龙王铠_133:霹雳龙王铠_134:枯萎龙王铠
42683341,141:熔岩龙皇铠_142:凛冬龙皇铠_143:霹雳龙皇铠_144:枯萎龙皇铠
42683342,141:熔岩龙皇铠_142:凛冬龙皇铠_143:霹雳龙皇铠_144:枯萎龙皇铠
42683343,141:熔岩龙皇铠_142:凛冬龙皇铠_143:霹雳龙皇铠_144:枯萎龙皇铠
42683344,141:熔岩龙皇铠_142:凛冬龙皇铠_143:霹雳龙皇铠_144:枯萎龙皇铠
42683345,141:熔岩龙皇铠_142:凛冬龙皇铠_143:霹雳龙皇铠_144:枯萎龙皇铠
42683346,141:熔岩龙皇铠_142:凛冬龙皇铠_143:霹雳龙皇铠_144:枯萎龙皇铠
42683347,141:熔岩龙皇铠_142:凛冬龙皇铠_143:霹雳龙皇铠_144:枯萎龙皇铠
42683348,141:熔岩龙皇铠_142:凛冬龙皇铠_143:霹雳龙皇铠_144:枯萎龙皇铠
42683349,141:熔岩龙皇铠_142:凛冬龙皇铠_143:霹雳龙皇铠_144:枯萎龙皇铠
42683350,141:熔岩龙皇铠_142:凛冬龙皇铠_143:霹雳龙皇铠_144:枯萎龙皇铠
42683351,151:熔岩龙神铠_152:凛冬龙神铠_153:霹雳龙神铠_154:枯萎龙神铠
42683352,151:熔岩龙神铠_152:凛冬龙神铠_153:霹雳龙神铠_154:枯萎龙神铠
42683353,151:熔岩龙神铠_152:凛冬龙神铠_153:霹雳龙神铠_154:枯萎龙神铠
42683354,151:熔岩龙神铠_152:凛冬龙神铠_153:霹雳龙神铠_154:枯萎龙神铠
42683355,151:熔岩龙神铠_152:凛冬龙神铠_153:霹雳龙神铠_154:枯萎龙神铠
42683356,151:熔岩龙神铠_152:凛冬龙神铠_153:霹雳龙神铠_154:枯萎龙神铠
42683357,151:熔岩龙神铠_152:凛冬龙神铠_153:霹雳龙神铠_154:枯萎龙神铠
42683358,151:熔岩龙神铠_152:凛冬龙神铠_153:霹雳龙神铠_154:枯萎龙神铠
42683359,151:熔岩龙神铠_152:凛冬龙神铠_153:霹雳龙神铠_154:枯萎龙神铠
42683360,151:熔岩龙神铠_152:凛冬龙神铠_153:霹雳龙神铠_154:枯萎龙神铠
42684201,1:熔岩长裤_2:凛冬长裤_3:霹雳长裤_4:枯萎长裤
42684202,1:熔岩长裤_2:凛冬长裤_3:霹雳长裤_4:枯萎长裤
42684203,1:熔岩长裤_2:凛冬长裤_3:霹雳长裤_4:枯萎长裤
42684204,1:熔岩长裤_2:凛冬长裤_3:霹雳长裤_4:枯萎长裤
42684205,1:熔岩长裤_2:凛冬长裤_3:霹雳长裤_4:枯萎长裤
42684206,1:熔岩长裤_2:凛冬长裤_3:霹雳长裤_4:枯萎长裤
42684207,1:熔岩长裤_2:凛冬长裤_3:霹雳长裤_4:枯萎长裤
42684208,1:熔岩长裤_2:凛冬长裤_3:霹雳长裤_4:枯萎长裤
42684209,1:熔岩长裤_2:凛冬长裤_3:霹雳长裤_4:枯萎长裤
42684210,1:熔岩长裤_2:凛冬长裤_3:霹雳长裤_4:枯萎长裤
42684211,11:熔岩铁战裙_12:凛冬铁战裙_13:霹雳铁战裙_14:枯萎铁战裙
42684212,11:熔岩铁战裙_12:凛冬铁战裙_13:霹雳铁战裙_14:枯萎铁战裙
42684213,11:熔岩铁战裙_12:凛冬铁战裙_13:霹雳铁战裙_14:枯萎铁战裙
42684214,11:熔岩铁战裙_12:凛冬铁战裙_13:霹雳铁战裙_14:枯萎铁战裙
42684215,11:熔岩铁战裙_12:凛冬铁战裙_13:霹雳铁战裙_14:枯萎铁战裙
42684216,11:熔岩铁战裙_12:凛冬铁战裙_13:霹雳铁战裙_14:枯萎铁战裙
42684217,11:熔岩铁战裙_12:凛冬铁战裙_13:霹雳铁战裙_14:枯萎铁战裙
42684218,11:熔岩铁战裙_12:凛冬铁战裙_13:霹雳铁战裙_14:枯萎铁战裙
42684219,11:熔岩铁战裙_12:凛冬铁战裙_13:霹雳铁战裙_14:枯萎铁战裙
42684220,11:熔岩铁战裙_12:凛冬铁战裙_13:霹雳铁战裙_14:枯萎铁战裙
42684221,21:熔岩青钢战裙_22:凛冬青钢战裙_23:霹雳青钢战裙_24:枯萎青钢战裙
42684222,21:熔岩青钢战裙_22:凛冬青钢战裙_23:霹雳青钢战裙_24:枯萎青钢战裙
42684223,21:熔岩青钢战裙_22:凛冬青钢战裙_23:霹雳青钢战裙_24:枯萎青钢战裙
42684224,21:熔岩青钢战裙_22:凛冬青钢战裙_23:霹雳青钢战裙_24:枯萎青钢战裙
42684225,21:熔岩青钢战裙_22:凛冬青钢战裙_23:霹雳青钢战裙_24:枯萎青钢战裙
42684226,21:熔岩青钢战裙_22:凛冬青钢战裙_23:霹雳青钢战裙_24:枯萎青钢战裙
42684227,21:熔岩青钢战裙_22:凛冬青钢战裙_23:霹雳青钢战裙_24:枯萎青钢战裙
42684228,21:熔岩青钢战裙_22:凛冬青钢战裙_23:霹雳青钢战裙_24:枯萎青钢战裙
42684229,21:熔岩青钢战裙_22:凛冬青钢战裙_23:霹雳青钢战裙_24:枯萎青钢战裙
42684230,21:熔岩青钢战裙_22:凛冬青钢战裙_23:霹雳青钢战裙_24:枯萎青钢战裙
42684231,31:熔岩流云战裙_32:凛冬流云战裙_33:霹雳流云战裙_34:枯萎流云战裙
42684232,31:熔岩流云战裙_32:凛冬流云战裙_33:霹雳流云战裙_34:枯萎流云战裙
42684233,31:熔岩流云战裙_32:凛冬流云战裙_33:霹雳流云战裙_34:枯萎流云战裙
42684234,31:熔岩流云战裙_32:凛冬流云战裙_33:霹雳流云战裙_34:枯萎流云战裙
42684235,31:熔岩流云战裙_32:凛冬流云战裙_33:霹雳流云战裙_34:枯萎流云战裙
42684236,31:熔岩流云战裙_32:凛冬流云战裙_33:霹雳流云战裙_34:枯萎流云战裙
42684237,31:熔岩流云战裙_32:凛冬流云战裙_33:霹雳流云战裙_34:枯萎流云战裙
42684238,31:熔岩流云战裙_32:凛冬流云战裙_33:霹雳流云战裙_34:枯萎流云战裙
42684239,31:熔岩流云战裙_32:凛冬流云战裙_33:霹雳流云战裙_34:枯萎流云战裙
42684240,31:熔岩流云战裙_32:凛冬流云战裙_33:霹雳流云战裙_34:枯萎流云战裙
42684241,41:熔岩飞虹战裙_42:凛冬飞虹战裙_43:霹雳飞虹战裙_44:枯萎飞虹战裙
42684242,41:熔岩飞虹战裙_42:凛冬飞虹战裙_43:霹雳飞虹战裙_44:枯萎飞虹战裙
42684243,41:熔岩飞虹战裙_42:凛冬飞虹战裙_43:霹雳飞虹战裙_44:枯萎飞虹战裙
42684244,41:熔岩飞虹战裙_42:凛冬飞虹战裙_43:霹雳飞虹战裙_44:枯萎飞虹战裙
42684245,41:熔岩飞虹战裙_42:凛冬飞虹战裙_43:霹雳飞虹战裙_44:枯萎飞虹战裙
42684246,41:熔岩飞虹战裙_42:凛冬飞虹战裙_43:霹雳飞虹战裙_44:枯萎飞虹战裙
42684247,41:熔岩飞虹战裙_42:凛冬飞虹战裙_43:霹雳飞虹战裙_44:枯萎飞虹战裙
42684248,41:熔岩飞虹战裙_42:凛冬飞虹战裙_43:霹雳飞虹战裙_44:枯萎飞虹战裙
42684249,41:熔岩飞虹战裙_42:凛冬飞虹战裙_43:霹雳飞虹战裙_44:枯萎飞虹战裙
42684250,41:熔岩飞虹战裙_42:凛冬飞虹战裙_43:霹雳飞虹战裙_44:枯萎飞虹战裙
42684251,51:熔岩紫金战裙_52:凛冬紫金战裙_53:霹雳紫金战裙_54:枯萎紫金战裙
42684252,51:熔岩紫金战裙_52:凛冬紫金战裙_53:霹雳紫金战裙_54:枯萎紫金战裙
42684253,51:熔岩紫金战裙_52:凛冬紫金战裙_53:霹雳紫金战裙_54:枯萎紫金战裙
42684254,51:熔岩紫金战裙_52:凛冬紫金战裙_53:霹雳紫金战裙_54:枯萎紫金战裙
42684255,51:熔岩紫金战裙_52:凛冬紫金战裙_53:霹雳紫金战裙_54:枯萎紫金战裙
42684256,51:熔岩紫金战裙_52:凛冬紫金战裙_53:霹雳紫金战裙_54:枯萎紫金战裙
42684257,51:熔岩紫金战裙_52:凛冬紫金战裙_53:霹雳紫金战裙_54:枯萎紫金战裙
42684258,51:熔岩紫金战裙_52:凛冬紫金战裙_53:霹雳紫金战裙_54:枯萎紫金战裙
42684259,51:熔岩紫金战裙_52:凛冬紫金战裙_53:霹雳紫金战裙_54:枯萎紫金战裙
42684260,51:熔岩紫金战裙_52:凛冬紫金战裙_53:霹雳紫金战裙_54:枯萎紫金战裙
42684261,61:熔岩巨神战裙_62:凛冬巨神战裙_63:霹雳巨神战裙_64:枯萎巨神战裙
42684262,61:熔岩巨神战裙_62:凛冬巨神战裙_63:霹雳巨神战裙_64:枯萎巨神战裙
42684263,61:熔岩巨神战裙_62:凛冬巨神战裙_63:霹雳巨神战裙_64:枯萎巨神战裙
42684264,61:熔岩巨神战裙_62:凛冬巨神战裙_63:霹雳巨神战裙_64:枯萎巨神战裙
42684265,61:熔岩巨神战裙_62:凛冬巨神战裙_63:霹雳巨神战裙_64:枯萎巨神战裙
42684266,61:熔岩巨神战裙_62:凛冬巨神战裙_63:霹雳巨神战裙_64:枯萎巨神战裙
42684267,61:熔岩巨神战裙_62:凛冬巨神战裙_63:霹雳巨神战裙_64:枯萎巨神战裙
42684268,61:熔岩巨神战裙_62:凛冬巨神战裙_63:霹雳巨神战裙_64:枯萎巨神战裙
42684269,61:熔岩巨神战裙_62:凛冬巨神战裙_63:霹雳巨神战裙_64:枯萎巨神战裙
42684270,61:熔岩巨神战裙_62:凛冬巨神战裙_63:霹雳巨神战裙_64:枯萎巨神战裙
42684271,71:熔岩天罡战裙_72:凛冬天罡战裙_73:霹雳天罡战裙_74:枯萎天罡战裙
42684272,71:熔岩天罡战裙_72:凛冬天罡战裙_73:霹雳天罡战裙_74:枯萎天罡战裙
42684273,71:熔岩天罡战裙_72:凛冬天罡战裙_73:霹雳天罡战裙_74:枯萎天罡战裙
42684274,71:熔岩天罡战裙_72:凛冬天罡战裙_73:霹雳天罡战裙_74:枯萎天罡战裙
42684275,71:熔岩天罡战裙_72:凛冬天罡战裙_73:霹雳天罡战裙_74:枯萎天罡战裙
42684276,71:熔岩天罡战裙_72:凛冬天罡战裙_73:霹雳天罡战裙_74:枯萎天罡战裙
42684277,71:熔岩天罡战裙_72:凛冬天罡战裙_73:霹雳天罡战裙_74:枯萎天罡战裙
42684278,71:熔岩天罡战裙_72:凛冬天罡战裙_73:霹雳天罡战裙_74:枯萎天罡战裙
42684279,71:熔岩天罡战裙_72:凛冬天罡战裙_73:霹雳天罡战裙_74:枯萎天罡战裙
42684280,71:熔岩天罡战裙_72:凛冬天罡战裙_73:霹雳天罡战裙_74:枯萎天罡战裙
42684281,81:熔岩雷神战裙_82:凛冬雷神战裙_83:霹雳雷神战裙_84:枯萎雷神战裙
42684282,81:熔岩雷神战裙_82:凛冬雷神战裙_83:霹雳雷神战裙_84:枯萎雷神战裙
42684283,81:熔岩雷神战裙_82:凛冬雷神战裙_83:霹雳雷神战裙_84:枯萎雷神战裙
42684284,81:熔岩雷神战裙_82:凛冬雷神战裙_83:霹雳雷神战裙_84:枯萎雷神战裙
42684285,81:熔岩雷神战裙_82:凛冬雷神战裙_83:霹雳雷神战裙_84:枯萎雷神战裙
42684286,81:熔岩雷神战裙_82:凛冬雷神战裙_83:霹雳雷神战裙_84:枯萎雷神战裙
42684287,81:熔岩雷神战裙_82:凛冬雷神战裙_83:霹雳雷神战裙_84:枯萎雷神战裙
42684288,81:熔岩雷神战裙_82:凛冬雷神战裙_83:霹雳雷神战裙_84:枯萎雷神战裙
42684289,81:熔岩雷神战裙_82:凛冬雷神战裙_83:霹雳雷神战裙_84:枯萎雷神战裙
42684290,81:熔岩雷神战裙_82:凛冬雷神战裙_83:霹雳雷神战裙_84:枯萎雷神战裙
42684291,91:熔岩狮吼战裙_92:凛冬狮吼战裙_93:霹雳狮吼战裙_94:枯萎狮吼战裙
42684292,91:熔岩狮吼战裙_92:凛冬狮吼战裙_93:霹雳狮吼战裙_94:枯萎狮吼战裙
42684293,91:熔岩狮吼战裙_92:凛冬狮吼战裙_93:霹雳狮吼战裙_94:枯萎狮吼战裙
42684294,91:熔岩狮吼战裙_92:凛冬狮吼战裙_93:霹雳狮吼战裙_94:枯萎狮吼战裙
42684295,91:熔岩狮吼战裙_92:凛冬狮吼战裙_93:霹雳狮吼战裙_94:枯萎狮吼战裙
42684296,91:熔岩狮吼战裙_92:凛冬狮吼战裙_93:霹雳狮吼战裙_94:枯萎狮吼战裙
42684297,91:熔岩狮吼战裙_92:凛冬狮吼战裙_93:霹雳狮吼战裙_94:枯萎狮吼战裙
42684298,91:熔岩狮吼战裙_92:凛冬狮吼战裙_93:霹雳狮吼战裙_94:枯萎狮吼战裙
42684299,91:熔岩狮吼战裙_92:凛冬狮吼战裙_93:霹雳狮吼战裙_94:枯萎狮吼战裙
42684300,91:熔岩狮吼战裙_92:凛冬狮吼战裙_93:霹雳狮吼战裙_94:枯萎狮吼战裙
42684301,101:熔岩灵蛇战裙_102:凛冬灵蛇战裙_103:霹雳灵蛇战裙_104:枯萎灵蛇战裙
42684302,101:熔岩灵蛇战裙_102:凛冬灵蛇战裙_103:霹雳灵蛇战裙_104:枯萎灵蛇战裙
42684303,101:熔岩灵蛇战裙_102:凛冬灵蛇战裙_103:霹雳灵蛇战裙_104:枯萎灵蛇战裙
42684304,101:熔岩灵蛇战裙_102:凛冬灵蛇战裙_103:霹雳灵蛇战裙_104:枯萎灵蛇战裙
42684305,101:熔岩灵蛇战裙_102:凛冬灵蛇战裙_103:霹雳灵蛇战裙_104:枯萎灵蛇战裙
42684306,101:熔岩灵蛇战裙_102:凛冬灵蛇战裙_103:霹雳灵蛇战裙_104:枯萎灵蛇战裙
42684307,101:熔岩灵蛇战裙_102:凛冬灵蛇战裙_103:霹雳灵蛇战裙_104:枯萎灵蛇战裙
42684308,101:熔岩灵蛇战裙_102:凛冬灵蛇战裙_103:霹雳灵蛇战裙_104:枯萎灵蛇战裙
42684309,101:熔岩灵蛇战裙_102:凛冬灵蛇战裙_103:霹雳灵蛇战裙_104:枯萎灵蛇战裙
42684310,101:熔岩灵蛇战裙_102:凛冬灵蛇战裙_103:霹雳灵蛇战裙_104:枯萎灵蛇战裙
42684311,111:熔岩朱雀战裙_112:凛冬朱雀战裙_113:霹雳朱雀战裙_114:枯萎朱雀战裙
42684312,111:熔岩朱雀战裙_112:凛冬朱雀战裙_113:霹雳朱雀战裙_114:枯萎朱雀战裙
42684313,111:熔岩朱雀战裙_112:凛冬朱雀战裙_113:霹雳朱雀战裙_114:枯萎朱雀战裙
42684314,111:熔岩朱雀战裙_112:凛冬朱雀战裙_113:霹雳朱雀战裙_114:枯萎朱雀战裙
42684315,111:熔岩朱雀战裙_112:凛冬朱雀战裙_113:霹雳朱雀战裙_114:枯萎朱雀战裙
42684316,111:熔岩朱雀战裙_112:凛冬朱雀战裙_113:霹雳朱雀战裙_114:枯萎朱雀战裙
42684317,111:熔岩朱雀战裙_112:凛冬朱雀战裙_113:霹雳朱雀战裙_114:枯萎朱雀战裙
42684318,111:熔岩朱雀战裙_112:凛冬朱雀战裙_113:霹雳朱雀战裙_114:枯萎朱雀战裙
42684319,111:熔岩朱雀战裙_112:凛冬朱雀战裙_113:霹雳朱雀战裙_114:枯萎朱雀战裙
42684320,111:熔岩朱雀战裙_112:凛冬朱雀战裙_113:霹雳朱雀战裙_114:枯萎朱雀战裙
42684321,121:熔岩龙形战裙_122:凛冬龙形战裙_123:霹雳龙形战裙_124:枯萎龙形战裙
42684322,121:熔岩龙形战裙_122:凛冬龙形战裙_123:霹雳龙形战裙_124:枯萎龙形战裙
42684323,121:熔岩龙形战裙_122:凛冬龙形战裙_123:霹雳龙形战裙_124:枯萎龙形战裙
42684324,121:熔岩龙形战裙_122:凛冬龙形战裙_123:霹雳龙形战裙_124:枯萎龙形战裙
42684325,121:熔岩龙形战裙_122:凛冬龙形战裙_123:霹雳龙形战裙_124:枯萎龙形战裙
42684326,121:熔岩龙形战裙_122:凛冬龙形战裙_123:霹雳龙形战裙_124:枯萎龙形战裙
42684327,121:熔岩龙形战裙_122:凛冬龙形战裙_123:霹雳龙形战裙_124:枯萎龙形战裙
42684328,121:熔岩龙形战裙_122:凛冬龙形战裙_123:霹雳龙形战裙_124:枯萎龙形战裙
42684329,121:熔岩龙形战裙_122:凛冬龙形战裙_123:霹雳龙形战裙_124:枯萎龙形战裙
42684330,121:熔岩龙形战裙_122:凛冬龙形战裙_123:霹雳龙形战裙_124:枯萎龙形战裙
42684331,131:熔岩龙王战裙_132:凛冬龙王战裙_133:霹雳龙王战裙_134:枯萎龙王战裙
42684332,131:熔岩龙王战裙_132:凛冬龙王战裙_133:霹雳龙王战裙_134:枯萎龙王战裙
42684333,131:熔岩龙王战裙_132:凛冬龙王战裙_133:霹雳龙王战裙_134:枯萎龙王战裙
42684334,131:熔岩龙王战裙_132:凛冬龙王战裙_133:霹雳龙王战裙_134:枯萎龙王战裙
42684335,131:熔岩龙王战裙_132:凛冬龙王战裙_133:霹雳龙王战裙_134:枯萎龙王战裙
42684336,131:熔岩龙王战裙_132:凛冬龙王战裙_133:霹雳龙王战裙_134:枯萎龙王战裙
42684337,131:熔岩龙王战裙_132:凛冬龙王战裙_133:霹雳龙王战裙_134:枯萎龙王战裙
42684338,131:熔岩龙王战裙_132:凛冬龙王战裙_133:霹雳龙王战裙_134:枯萎龙王战裙
42684339,131:熔岩龙王战裙_132:凛冬龙王战裙_133:霹雳龙王战裙_134:枯萎龙王战裙
42684340,131:熔岩龙王战裙_132:凛冬龙王战裙_133:霹雳龙王战裙_134:枯萎龙王战裙
42684341,141:熔岩龙皇战裙_142:凛冬龙皇战裙_143:霹雳龙皇战裙_144:枯萎龙皇战裙
42684342,141:熔岩龙皇战裙_142:凛冬龙皇战裙_143:霹雳龙皇战裙_144:枯萎龙皇战裙
42684343,141:熔岩龙皇战裙_142:凛冬龙皇战裙_143:霹雳龙皇战裙_144:枯萎龙皇战裙
42684344,141:熔岩龙皇战裙_142:凛冬龙皇战裙_143:霹雳龙皇战裙_144:枯萎龙皇战裙
42684345,141:熔岩龙皇战裙_142:凛冬龙皇战裙_143:霹雳龙皇战裙_144:枯萎龙皇战裙
42684346,141:熔岩龙皇战裙_142:凛冬龙皇战裙_143:霹雳龙皇战裙_144:枯萎龙皇战裙
42684347,141:熔岩龙皇战裙_142:凛冬龙皇战裙_143:霹雳龙皇战裙_144:枯萎龙皇战裙
42684348,141:熔岩龙皇战裙_142:凛冬龙皇战裙_143:霹雳龙皇战裙_144:枯萎龙皇战裙
42684349,141:熔岩龙皇战裙_142:凛冬龙皇战裙_143:霹雳龙皇战裙_144:枯萎龙皇战裙
42684350,141:熔岩龙皇战裙_142:凛冬龙皇战裙_143:霹雳龙皇战裙_144:枯萎龙皇战裙
42684351,151:熔岩龙神战裙_152:凛冬龙神战裙_153:霹雳龙神战裙_154:枯萎龙神战裙
42684352,151:熔岩龙神战裙_152:凛冬龙神战裙_153:霹雳龙神战裙_154:枯萎龙神战裙
42684353,151:熔岩龙神战裙_152:凛冬龙神战裙_153:霹雳龙神战裙_154:枯萎龙神战裙
42684354,151:熔岩龙神战裙_152:凛冬龙神战裙_153:霹雳龙神战裙_154:枯萎龙神战裙
42684355,151:熔岩龙神战裙_152:凛冬龙神战裙_153:霹雳龙神战裙_154:枯萎龙神战裙
42684356,151:熔岩龙神战裙_152:凛冬龙神战裙_153:霹雳龙神战裙_154:枯萎龙神战裙
42684357,151:熔岩龙神战裙_152:凛冬龙神战裙_153:霹雳龙神战裙_154:枯萎龙神战裙
42684358,151:熔岩龙神战裙_152:凛冬龙神战裙_153:霹雳龙神战裙_154:枯萎龙神战裙
42684359,151:熔岩龙神战裙_152:凛冬龙神战裙_153:霹雳龙神战裙_154:枯萎龙神战裙
42684360,151:熔岩龙神战裙_152:凛冬龙神战裙_153:霹雳龙神战裙_154:枯萎龙神战裙
42685201,1:熔岩青藤指环_2:凛冬青藤指环_3:霹雳青藤指环_4:枯萎青藤指环
42685202,1:熔岩青藤指环_2:凛冬青藤指环_3:霹雳青藤指环_4:枯萎青藤指环
42685203,1:熔岩青藤指环_2:凛冬青藤指环_3:霹雳青藤指环_4:枯萎青藤指环
42685204,1:熔岩青藤指环_2:凛冬青藤指环_3:霹雳青藤指环_4:枯萎青藤指环
42685205,1:熔岩青藤指环_2:凛冬青藤指环_3:霹雳青藤指环_4:枯萎青藤指环
42685206,1:熔岩青藤指环_2:凛冬青藤指环_3:霹雳青藤指环_4:枯萎青藤指环
42685207,1:熔岩青藤指环_2:凛冬青藤指环_3:霹雳青藤指环_4:枯萎青藤指环
42685208,1:熔岩青藤指环_2:凛冬青藤指环_3:霹雳青藤指环_4:枯萎青藤指环
42685209,1:熔岩青藤指环_2:凛冬青藤指环_3:霹雳青藤指环_4:枯萎青藤指环
42685210,1:熔岩青藤指环_2:凛冬青藤指环_3:霹雳青藤指环_4:枯萎青藤指环
42685211,11:熔岩铁指环_12:凛冬铁指环_13:霹雳铁指环_14:枯萎铁指环
42685212,11:熔岩铁指环_12:凛冬铁指环_13:霹雳铁指环_14:枯萎铁指环
42685213,11:熔岩铁指环_12:凛冬铁指环_13:霹雳铁指环_14:枯萎铁指环
42685214,11:熔岩铁指环_12:凛冬铁指环_13:霹雳铁指环_14:枯萎铁指环
42685215,11:熔岩铁指环_12:凛冬铁指环_13:霹雳铁指环_14:枯萎铁指环
42685216,11:熔岩铁指环_12:凛冬铁指环_13:霹雳铁指环_14:枯萎铁指环
42685217,11:熔岩铁指环_12:凛冬铁指环_13:霹雳铁指环_14:枯萎铁指环
42685218,11:熔岩铁指环_12:凛冬铁指环_13:霹雳铁指环_14:枯萎铁指环
42685219,11:熔岩铁指环_12:凛冬铁指环_13:霹雳铁指环_14:枯萎铁指环
42685220,11:熔岩铁指环_12:凛冬铁指环_13:霹雳铁指环_14:枯萎铁指环
42685221,21:熔岩青钢指环_22:凛冬青钢指环_23:霹雳青钢指环_24:枯萎青钢指环
42685222,21:熔岩青钢指环_22:凛冬青钢指环_23:霹雳青钢指环_24:枯萎青钢指环
42685223,21:熔岩青钢指环_22:凛冬青钢指环_23:霹雳青钢指环_24:枯萎青钢指环
42685224,21:熔岩青钢指环_22:凛冬青钢指环_23:霹雳青钢指环_24:枯萎青钢指环
42685225,21:熔岩青钢指环_22:凛冬青钢指环_23:霹雳青钢指环_24:枯萎青钢指环
42685226,21:熔岩青钢指环_22:凛冬青钢指环_23:霹雳青钢指环_24:枯萎青钢指环
42685227,21:熔岩青钢指环_22:凛冬青钢指环_23:霹雳青钢指环_24:枯萎青钢指环
42685228,21:熔岩青钢指环_22:凛冬青钢指环_23:霹雳青钢指环_24:枯萎青钢指环
42685229,21:熔岩青钢指环_22:凛冬青钢指环_23:霹雳青钢指环_24:枯萎青钢指环
42685230,21:熔岩青钢指环_22:凛冬青钢指环_23:霹雳青钢指环_24:枯萎青钢指环
42685231,31:熔岩流云指环_32:凛冬流云指环_33:霹雳流云指环_34:枯萎流云指环
42685232,31:熔岩流云指环_32:凛冬流云指环_33:霹雳流云指环_34:枯萎流云指环
42685233,31:熔岩流云指环_32:凛冬流云指环_33:霹雳流云指环_34:枯萎流云指环
42685234,31:熔岩流云指环_32:凛冬流云指环_33:霹雳流云指环_34:枯萎流云指环
42685235,31:熔岩流云指环_32:凛冬流云指环_33:霹雳流云指环_34:枯萎流云指环
42685236,31:熔岩流云指环_32:凛冬流云指环_33:霹雳流云指环_34:枯萎流云指环
42685237,31:熔岩流云指环_32:凛冬流云指环_33:霹雳流云指环_34:枯萎流云指环
42685238,31:熔岩流云指环_32:凛冬流云指环_33:霹雳流云指环_34:枯萎流云指环
42685239,31:熔岩流云指环_32:凛冬流云指环_33:霹雳流云指环_34:枯萎流云指环
42685240,31:熔岩流云指环_32:凛冬流云指环_33:霹雳流云指环_34:枯萎流云指环
42685241,41:熔岩飞虹指环_42:凛冬飞虹指环_43:霹雳飞虹指环_44:枯萎飞虹指环
42685242,41:熔岩飞虹指环_42:凛冬飞虹指环_43:霹雳飞虹指环_44:枯萎飞虹指环
42685243,41:熔岩飞虹指环_42:凛冬飞虹指环_43:霹雳飞虹指环_44:枯萎飞虹指环
42685244,41:熔岩飞虹指环_42:凛冬飞虹指环_43:霹雳飞虹指环_44:枯萎飞虹指环
42685245,41:熔岩飞虹指环_42:凛冬飞虹指环_43:霹雳飞虹指环_44:枯萎飞虹指环
42685246,41:熔岩飞虹指环_42:凛冬飞虹指环_43:霹雳飞虹指环_44:枯萎飞虹指环
42685247,41:熔岩飞虹指环_42:凛冬飞虹指环_43:霹雳飞虹指环_44:枯萎飞虹指环
42685248,41:熔岩飞虹指环_42:凛冬飞虹指环_43:霹雳飞虹指环_44:枯萎飞虹指环
42685249,41:熔岩飞虹指环_42:凛冬飞虹指环_43:霹雳飞虹指环_44:枯萎飞虹指环
42685250,41:熔岩飞虹指环_42:凛冬飞虹指环_43:霹雳飞虹指环_44:枯萎飞虹指环
42685251,51:熔岩紫金指环_52:凛冬紫金指环_53:霹雳紫金指环_54:枯萎紫金指环
42685252,51:熔岩紫金指环_52:凛冬紫金指环_53:霹雳紫金指环_54:枯萎紫金指环
42685253,51:熔岩紫金指环_52:凛冬紫金指环_53:霹雳紫金指环_54:枯萎紫金指环
42685254,51:熔岩紫金指环_52:凛冬紫金指环_53:霹雳紫金指环_54:枯萎紫金指环
42685255,51:熔岩紫金指环_52:凛冬紫金指环_53:霹雳紫金指环_54:枯萎紫金指环
42685256,51:熔岩紫金指环_52:凛冬紫金指环_53:霹雳紫金指环_54:枯萎紫金指环
42685257,51:熔岩紫金指环_52:凛冬紫金指环_53:霹雳紫金指环_54:枯萎紫金指环
42685258,51:熔岩紫金指环_52:凛冬紫金指环_53:霹雳紫金指环_54:枯萎紫金指环
42685259,51:熔岩紫金指环_52:凛冬紫金指环_53:霹雳紫金指环_54:枯萎紫金指环
42685260,51:熔岩紫金指环_52:凛冬紫金指环_53:霹雳紫金指环_54:枯萎紫金指环
42685261,61:熔岩巨神指环_62:凛冬巨神指环_63:霹雳巨神指环_64:枯萎巨神指环
42685262,61:熔岩巨神指环_62:凛冬巨神指环_63:霹雳巨神指环_64:枯萎巨神指环
42685263,61:熔岩巨神指环_62:凛冬巨神指环_63:霹雳巨神指环_64:枯萎巨神指环
42685264,61:熔岩巨神指环_62:凛冬巨神指环_63:霹雳巨神指环_64:枯萎巨神指环
42685265,61:熔岩巨神指环_62:凛冬巨神指环_63:霹雳巨神指环_64:枯萎巨神指环
42685266,61:熔岩巨神指环_62:凛冬巨神指环_63:霹雳巨神指环_64:枯萎巨神指环
42685267,61:熔岩巨神指环_62:凛冬巨神指环_63:霹雳巨神指环_64:枯萎巨神指环
42685268,61:熔岩巨神指环_62:凛冬巨神指环_63:霹雳巨神指环_64:枯萎巨神指环
42685269,61:熔岩巨神指环_62:凛冬巨神指环_63:霹雳巨神指环_64:枯萎巨神指环
42685270,61:熔岩巨神指环_62:凛冬巨神指环_63:霹雳巨神指环_64:枯萎巨神指环
42685271,71:熔岩天罡指环_72:凛冬天罡指环_73:霹雳天罡指环_74:枯萎天罡指环
42685272,71:熔岩天罡指环_72:凛冬天罡指环_73:霹雳天罡指环_74:枯萎天罡指环
42685273,71:熔岩天罡指环_72:凛冬天罡指环_73:霹雳天罡指环_74:枯萎天罡指环
42685274,71:熔岩天罡指环_72:凛冬天罡指环_73:霹雳天罡指环_74:枯萎天罡指环
42685275,71:熔岩天罡指环_72:凛冬天罡指环_73:霹雳天罡指环_74:枯萎天罡指环
42685276,71:熔岩天罡指环_72:凛冬天罡指环_73:霹雳天罡指环_74:枯萎天罡指环
42685277,71:熔岩天罡指环_72:凛冬天罡指环_73:霹雳天罡指环_74:枯萎天罡指环
42685278,71:熔岩天罡指环_72:凛冬天罡指环_73:霹雳天罡指环_74:枯萎天罡指环
42685279,71:熔岩天罡指环_72:凛冬天罡指环_73:霹雳天罡指环_74:枯萎天罡指环
42685280,71:熔岩天罡指环_72:凛冬天罡指环_73:霹雳天罡指环_74:枯萎天罡指环
42685281,81:熔岩雷神指环_82:凛冬雷神指环_83:霹雳雷神指环_84:枯萎雷神指环
42685282,81:熔岩雷神指环_82:凛冬雷神指环_83:霹雳雷神指环_84:枯萎雷神指环
42685283,81:熔岩雷神指环_82:凛冬雷神指环_83:霹雳雷神指环_84:枯萎雷神指环
42685284,81:熔岩雷神指环_82:凛冬雷神指环_83:霹雳雷神指环_84:枯萎雷神指环
42685285,81:熔岩雷神指环_82:凛冬雷神指环_83:霹雳雷神指环_84:枯萎雷神指环
42685286,81:熔岩雷神指环_82:凛冬雷神指环_83:霹雳雷神指环_84:枯萎雷神指环
42685287,81:熔岩雷神指环_82:凛冬雷神指环_83:霹雳雷神指环_84:枯萎雷神指环
42685288,81:熔岩雷神指环_82:凛冬雷神指环_83:霹雳雷神指环_84:枯萎雷神指环
42685289,81:熔岩雷神指环_82:凛冬雷神指环_83:霹雳雷神指环_84:枯萎雷神指环
42685290,81:熔岩雷神指环_82:凛冬雷神指环_83:霹雳雷神指环_84:枯萎雷神指环
42685291,91:熔岩狮吼指环_92:凛冬狮吼指环_93:霹雳狮吼指环_94:枯萎狮吼指环
42685292,91:熔岩狮吼指环_92:凛冬狮吼指环_93:霹雳狮吼指环_94:枯萎狮吼指环
42685293,91:熔岩狮吼指环_92:凛冬狮吼指环_93:霹雳狮吼指环_94:枯萎狮吼指环
42685294,91:熔岩狮吼指环_92:凛冬狮吼指环_93:霹雳狮吼指环_94:枯萎狮吼指环
42685295,91:熔岩狮吼指环_92:凛冬狮吼指环_93:霹雳狮吼指环_94:枯萎狮吼指环
42685296,91:熔岩狮吼指环_92:凛冬狮吼指环_93:霹雳狮吼指环_94:枯萎狮吼指环
42685297,91:熔岩狮吼指环_92:凛冬狮吼指环_93:霹雳狮吼指环_94:枯萎狮吼指环
42685298,91:熔岩狮吼指环_92:凛冬狮吼指环_93:霹雳狮吼指环_94:枯萎狮吼指环
42685299,91:熔岩狮吼指环_92:凛冬狮吼指环_93:霹雳狮吼指环_94:枯萎狮吼指环
42685300,91:熔岩狮吼指环_92:凛冬狮吼指环_93:霹雳狮吼指环_94:枯萎狮吼指环
42685301,101:熔岩灵蛇指环_102:凛冬灵蛇指环_103:霹雳灵蛇指环_104:枯萎灵蛇指环
42685302,101:熔岩灵蛇指环_102:凛冬灵蛇指环_103:霹雳灵蛇指环_104:枯萎灵蛇指环
42685303,101:熔岩灵蛇指环_102:凛冬灵蛇指环_103:霹雳灵蛇指环_104:枯萎灵蛇指环
42685304,101:熔岩灵蛇指环_102:凛冬灵蛇指环_103:霹雳灵蛇指环_104:枯萎灵蛇指环
42685305,101:熔岩灵蛇指环_102:凛冬灵蛇指环_103:霹雳灵蛇指环_104:枯萎灵蛇指环
42685306,101:熔岩灵蛇指环_102:凛冬灵蛇指环_103:霹雳灵蛇指环_104:枯萎灵蛇指环
42685307,101:熔岩灵蛇指环_102:凛冬灵蛇指环_103:霹雳灵蛇指环_104:枯萎灵蛇指环
42685308,101:熔岩灵蛇指环_102:凛冬灵蛇指环_103:霹雳灵蛇指环_104:枯萎灵蛇指环
42685309,101:熔岩灵蛇指环_102:凛冬灵蛇指环_103:霹雳灵蛇指环_104:枯萎灵蛇指环
42685310,101:熔岩灵蛇指环_102:凛冬灵蛇指环_103:霹雳灵蛇指环_104:枯萎灵蛇指环
42685311,111:熔岩朱雀指环_112:凛冬朱雀指环_113:霹雳朱雀指环_114:枯萎朱雀指环
42685312,111:熔岩朱雀指环_112:凛冬朱雀指环_113:霹雳朱雀指环_114:枯萎朱雀指环
42685313,111:熔岩朱雀指环_112:凛冬朱雀指环_113:霹雳朱雀指环_114:枯萎朱雀指环
42685314,111:熔岩朱雀指环_112:凛冬朱雀指环_113:霹雳朱雀指环_114:枯萎朱雀指环
42685315,111:熔岩朱雀指环_112:凛冬朱雀指环_113:霹雳朱雀指环_114:枯萎朱雀指环
42685316,111:熔岩朱雀指环_112:凛冬朱雀指环_113:霹雳朱雀指环_114:枯萎朱雀指环
42685317,111:熔岩朱雀指环_112:凛冬朱雀指环_113:霹雳朱雀指环_114:枯萎朱雀指环
42685318,111:熔岩朱雀指环_112:凛冬朱雀指环_113:霹雳朱雀指环_114:枯萎朱雀指环
42685319,111:熔岩朱雀指环_112:凛冬朱雀指环_113:霹雳朱雀指环_114:枯萎朱雀指环
42685320,111:熔岩朱雀指环_112:凛冬朱雀指环_113:霹雳朱雀指环_114:枯萎朱雀指环
42685321,121:熔岩龙形指环_122:凛冬龙形指环_123:霹雳龙形指环_124:枯萎龙形指环
42685322,121:熔岩龙形指环_122:凛冬龙形指环_123:霹雳龙形指环_124:枯萎龙形指环
42685323,121:熔岩龙形指环_122:凛冬龙形指环_123:霹雳龙形指环_124:枯萎龙形指环
42685324,121:熔岩龙形指环_122:凛冬龙形指环_123:霹雳龙形指环_124:枯萎龙形指环
42685325,121:熔岩龙形指环_122:凛冬龙形指环_123:霹雳龙形指环_124:枯萎龙形指环
42685326,121:熔岩龙形指环_122:凛冬龙形指环_123:霹雳龙形指环_124:枯萎龙形指环
42685327,121:熔岩龙形指环_122:凛冬龙形指环_123:霹雳龙形指环_124:枯萎龙形指环
42685328,121:熔岩龙形指环_122:凛冬龙形指环_123:霹雳龙形指环_124:枯萎龙形指环
42685329,121:熔岩龙形指环_122:凛冬龙形指环_123:霹雳龙形指环_124:枯萎龙形指环
42685330,121:熔岩龙形指环_122:凛冬龙形指环_123:霹雳龙形指环_124:枯萎龙形指环
42685331,131:熔岩龙王指环_132:凛冬龙王指环_133:霹雳龙王指环_134:枯萎龙王指环
42685332,131:熔岩龙王指环_132:凛冬龙王指环_133:霹雳龙王指环_134:枯萎龙王指环
42685333,131:熔岩龙王指环_132:凛冬龙王指环_133:霹雳龙王指环_134:枯萎龙王指环
42685334,131:熔岩龙王指环_132:凛冬龙王指环_133:霹雳龙王指环_134:枯萎龙王指环
42685335,131:熔岩龙王指环_132:凛冬龙王指环_133:霹雳龙王指环_134:枯萎龙王指环
42685336,131:熔岩龙王指环_132:凛冬龙王指环_133:霹雳龙王指环_134:枯萎龙王指环
42685337,131:熔岩龙王指环_132:凛冬龙王指环_133:霹雳龙王指环_134:枯萎龙王指环
42685338,131:熔岩龙王指环_132:凛冬龙王指环_133:霹雳龙王指环_134:枯萎龙王指环
42685339,131:熔岩龙王指环_132:凛冬龙王指环_133:霹雳龙王指环_134:枯萎龙王指环
42685340,131:熔岩龙王指环_132:凛冬龙王指环_133:霹雳龙王指环_134:枯萎龙王指环
42685341,141:熔岩龙皇指环_142:凛冬龙皇指环_143:霹雳龙皇指环_144:枯萎龙皇指环
42685342,141:熔岩龙皇指环_142:凛冬龙皇指环_143:霹雳龙皇指环_144:枯萎龙皇指环
42685343,141:熔岩龙皇指环_142:凛冬龙皇指环_143:霹雳龙皇指环_144:枯萎龙皇指环
42685344,141:熔岩龙皇指环_142:凛冬龙皇指环_143:霹雳龙皇指环_144:枯萎龙皇指环
42685345,141:熔岩龙皇指环_142:凛冬龙皇指环_143:霹雳龙皇指环_144:枯萎龙皇指环
42685346,141:熔岩龙皇指环_142:凛冬龙皇指环_143:霹雳龙皇指环_144:枯萎龙皇指环
42685347,141:熔岩龙皇指环_142:凛冬龙皇指环_143:霹雳龙皇指环_144:枯萎龙皇指环
42685348,141:熔岩龙皇指环_142:凛冬龙皇指环_143:霹雳龙皇指环_144:枯萎龙皇指环
42685349,141:熔岩龙皇指环_142:凛冬龙皇指环_143:霹雳龙皇指环_144:枯萎龙皇指环
42685350,141:熔岩龙皇指环_142:凛冬龙皇指环_143:霹雳龙皇指环_144:枯萎龙皇指环
42685351,151:熔岩龙神指环_152:凛冬龙神指环_153:霹雳龙神指环_154:枯萎龙神指环
42685352,151:熔岩龙神指环_152:凛冬龙神指环_153:霹雳龙神指环_154:枯萎龙神指环
42685353,151:熔岩龙神指环_152:凛冬龙神指环_153:霹雳龙神指环_154:枯萎龙神指环
42685354,151:熔岩龙神指环_152:凛冬龙神指环_153:霹雳龙神指环_154:枯萎龙神指环
42685355,151:熔岩龙神指环_152:凛冬龙神指环_153:霹雳龙神指环_154:枯萎龙神指环
42685356,151:熔岩龙神指环_152:凛冬龙神指环_153:霹雳龙神指环_154:枯萎龙神指环
42685357,151:熔岩龙神指环_152:凛冬龙神指环_153:霹雳龙神指环_154:枯萎龙神指环
42685358,151:熔岩龙神指环_152:凛冬龙神指环_153:霹雳龙神指环_154:枯萎龙神指环
42685359,151:熔岩龙神指环_152:凛冬龙神指环_153:霹雳龙神指环_154:枯萎龙神指环
42685360,151:熔岩龙神指环_152:凛冬龙神指环_153:霹雳龙神指环_154:枯萎龙神指环
42686201,1:熔岩布鞋_2:凛冬布鞋_3:霹雳布鞋_4:枯萎布鞋
42686202,1:熔岩布鞋_2:凛冬布鞋_3:霹雳布鞋_4:枯萎布鞋
42686203,1:熔岩布鞋_2:凛冬布鞋_3:霹雳布鞋_4:枯萎布鞋
42686204,1:熔岩布鞋_2:凛冬布鞋_3:霹雳布鞋_4:枯萎布鞋
42686205,1:熔岩布鞋_2:凛冬布鞋_3:霹雳布鞋_4:枯萎布鞋
42686206,1:熔岩布鞋_2:凛冬布鞋_3:霹雳布鞋_4:枯萎布鞋
42686207,1:熔岩布鞋_2:凛冬布鞋_3:霹雳布鞋_4:枯萎布鞋
42686208,1:熔岩布鞋_2:凛冬布鞋_3:霹雳布鞋_4:枯萎布鞋
42686209,1:熔岩布鞋_2:凛冬布鞋_3:霹雳布鞋_4:枯萎布鞋
42686210,1:熔岩布鞋_2:凛冬布鞋_3:霹雳布鞋_4:枯萎布鞋
42686211,11:熔岩铁履_12:凛冬铁履_13:霹雳铁履_14:枯萎铁履
42686212,11:熔岩铁履_12:凛冬铁履_13:霹雳铁履_14:枯萎铁履
42686213,11:熔岩铁履_12:凛冬铁履_13:霹雳铁履_14:枯萎铁履
42686214,11:熔岩铁履_12:凛冬铁履_13:霹雳铁履_14:枯萎铁履
42686215,11:熔岩铁履_12:凛冬铁履_13:霹雳铁履_14:枯萎铁履
42686216,11:熔岩铁履_12:凛冬铁履_13:霹雳铁履_14:枯萎铁履
42686217,11:熔岩铁履_12:凛冬铁履_13:霹雳铁履_14:枯萎铁履
42686218,11:熔岩铁履_12:凛冬铁履_13:霹雳铁履_14:枯萎铁履
42686219,11:熔岩铁履_12:凛冬铁履_13:霹雳铁履_14:枯萎铁履
42686220,11:熔岩铁履_12:凛冬铁履_13:霹雳铁履_14:枯萎铁履
42686221,21:熔岩青钢履_22:凛冬青钢履_23:霹雳青钢履_24:枯萎青钢履
42686222,21:熔岩青钢履_22:凛冬青钢履_23:霹雳青钢履_24:枯萎青钢履
42686223,21:熔岩青钢履_22:凛冬青钢履_23:霹雳青钢履_24:枯萎青钢履
42686224,21:熔岩青钢履_22:凛冬青钢履_23:霹雳青钢履_24:枯萎青钢履
42686225,21:熔岩青钢履_22:凛冬青钢履_23:霹雳青钢履_24:枯萎青钢履
42686226,21:熔岩青钢履_22:凛冬青钢履_23:霹雳青钢履_24:枯萎青钢履
42686227,21:熔岩青钢履_22:凛冬青钢履_23:霹雳青钢履_24:枯萎青钢履
42686228,21:熔岩青钢履_22:凛冬青钢履_23:霹雳青钢履_24:枯萎青钢履
42686229,21:熔岩青钢履_22:凛冬青钢履_23:霹雳青钢履_24:枯萎青钢履
42686230,21:熔岩青钢履_22:凛冬青钢履_23:霹雳青钢履_24:枯萎青钢履
42686231,31:熔岩流云履_32:凛冬流云履_33:霹雳流云履_34:枯萎流云履
42686232,31:熔岩流云履_32:凛冬流云履_33:霹雳流云履_34:枯萎流云履
42686233,31:熔岩流云履_32:凛冬流云履_33:霹雳流云履_34:枯萎流云履
42686234,31:熔岩流云履_32:凛冬流云履_33:霹雳流云履_34:枯萎流云履
42686235,31:熔岩流云履_32:凛冬流云履_33:霹雳流云履_34:枯萎流云履
42686236,31:熔岩流云履_32:凛冬流云履_33:霹雳流云履_34:枯萎流云履
42686237,31:熔岩流云履_32:凛冬流云履_33:霹雳流云履_34:枯萎流云履
42686238,31:熔岩流云履_32:凛冬流云履_33:霹雳流云履_34:枯萎流云履
42686239,31:熔岩流云履_32:凛冬流云履_33:霹雳流云履_34:枯萎流云履
42686240,31:熔岩流云履_32:凛冬流云履_33:霹雳流云履_34:枯萎流云履
42686241,41:熔岩飞虹履_42:凛冬飞虹履_43:霹雳飞虹履_44:枯萎飞虹履
42686242,41:熔岩飞虹履_42:凛冬飞虹履_43:霹雳飞虹履_44:枯萎飞虹履
42686243,41:熔岩飞虹履_42:凛冬飞虹履_43:霹雳飞虹履_44:枯萎飞虹履
42686244,41:熔岩飞虹履_42:凛冬飞虹履_43:霹雳飞虹履_44:枯萎飞虹履
42686245,41:熔岩飞虹履_42:凛冬飞虹履_43:霹雳飞虹履_44:枯萎飞虹履
42686246,41:熔岩飞虹履_42:凛冬飞虹履_43:霹雳飞虹履_44:枯萎飞虹履
42686247,41:熔岩飞虹履_42:凛冬飞虹履_43:霹雳飞虹履_44:枯萎飞虹履
42686248,41:熔岩飞虹履_42:凛冬飞虹履_43:霹雳飞虹履_44:枯萎飞虹履
42686249,41:熔岩飞虹履_42:凛冬飞虹履_43:霹雳飞虹履_44:枯萎飞虹履
42686250,41:熔岩飞虹履_42:凛冬飞虹履_43:霹雳飞虹履_44:枯萎飞虹履
42686251,51:熔岩紫金履_52:凛冬紫金履_53:霹雳紫金履_54:枯萎紫金履
42686252,51:熔岩紫金履_52:凛冬紫金履_53:霹雳紫金履_54:枯萎紫金履
42686253,51:熔岩紫金履_52:凛冬紫金履_53:霹雳紫金履_54:枯萎紫金履
42686254,51:熔岩紫金履_52:凛冬紫金履_53:霹雳紫金履_54:枯萎紫金履
42686255,51:熔岩紫金履_52:凛冬紫金履_53:霹雳紫金履_54:枯萎紫金履
42686256,51:熔岩紫金履_52:凛冬紫金履_53:霹雳紫金履_54:枯萎紫金履
42686257,51:熔岩紫金履_52:凛冬紫金履_53:霹雳紫金履_54:枯萎紫金履
42686258,51:熔岩紫金履_52:凛冬紫金履_53:霹雳紫金履_54:枯萎紫金履
42686259,51:熔岩紫金履_52:凛冬紫金履_53:霹雳紫金履_54:枯萎紫金履
42686260,51:熔岩紫金履_52:凛冬紫金履_53:霹雳紫金履_54:枯萎紫金履
42686261,61:熔岩巨神履_62:凛冬巨神履_63:霹雳巨神履_64:枯萎巨神履
42686262,61:熔岩巨神履_62:凛冬巨神履_63:霹雳巨神履_64:枯萎巨神履
42686263,61:熔岩巨神履_62:凛冬巨神履_63:霹雳巨神履_64:枯萎巨神履
42686264,61:熔岩巨神履_62:凛冬巨神履_63:霹雳巨神履_64:枯萎巨神履
42686265,61:熔岩巨神履_62:凛冬巨神履_63:霹雳巨神履_64:枯萎巨神履
42686266,61:熔岩巨神履_62:凛冬巨神履_63:霹雳巨神履_64:枯萎巨神履
42686267,61:熔岩巨神履_62:凛冬巨神履_63:霹雳巨神履_64:枯萎巨神履
42686268,61:熔岩巨神履_62:凛冬巨神履_63:霹雳巨神履_64:枯萎巨神履
42686269,61:熔岩巨神履_62:凛冬巨神履_63:霹雳巨神履_64:枯萎巨神履
42686270,61:熔岩巨神履_62:凛冬巨神履_63:霹雳巨神履_64:枯萎巨神履
42686271,71:熔岩天罡履_72:凛冬天罡履_73:霹雳天罡履_74:枯萎天罡履
42686272,71:熔岩天罡履_72:凛冬天罡履_73:霹雳天罡履_74:枯萎天罡履
42686273,71:熔岩天罡履_72:凛冬天罡履_73:霹雳天罡履_74:枯萎天罡履
42686274,71:熔岩天罡履_72:凛冬天罡履_73:霹雳天罡履_74:枯萎天罡履
42686275,71:熔岩天罡履_72:凛冬天罡履_73:霹雳天罡履_74:枯萎天罡履
42686276,71:熔岩天罡履_72:凛冬天罡履_73:霹雳天罡履_74:枯萎天罡履
42686277,71:熔岩天罡履_72:凛冬天罡履_73:霹雳天罡履_74:枯萎天罡履
42686278,71:熔岩天罡履_72:凛冬天罡履_73:霹雳天罡履_74:枯萎天罡履
42686279,71:熔岩天罡履_72:凛冬天罡履_73:霹雳天罡履_74:枯萎天罡履
42686280,71:熔岩天罡履_72:凛冬天罡履_73:霹雳天罡履_74:枯萎天罡履
42686281,81:熔岩雷神履_82:凛冬雷神履_83:霹雳雷神履_84:枯萎雷神履
42686282,81:熔岩雷神履_82:凛冬雷神履_83:霹雳雷神履_84:枯萎雷神履
42686283,81:熔岩雷神履_82:凛冬雷神履_83:霹雳雷神履_84:枯萎雷神履
42686284,81:熔岩雷神履_82:凛冬雷神履_83:霹雳雷神履_84:枯萎雷神履
42686285,81:熔岩雷神履_82:凛冬雷神履_83:霹雳雷神履_84:枯萎雷神履
42686286,81:熔岩雷神履_82:凛冬雷神履_83:霹雳雷神履_84:枯萎雷神履
42686287,81:熔岩雷神履_82:凛冬雷神履_83:霹雳雷神履_84:枯萎雷神履
42686288,81:熔岩雷神履_82:凛冬雷神履_83:霹雳雷神履_84:枯萎雷神履
42686289,81:熔岩雷神履_82:凛冬雷神履_83:霹雳雷神履_84:枯萎雷神履
42686290,81:熔岩雷神履_82:凛冬雷神履_83:霹雳雷神履_84:枯萎雷神履
42686291,91:熔岩狮吼履_92:凛冬狮吼履_93:霹雳狮吼履_94:枯萎狮吼履
42686292,91:熔岩狮吼履_92:凛冬狮吼履_93:霹雳狮吼履_94:枯萎狮吼履
42686293,91:熔岩狮吼履_92:凛冬狮吼履_93:霹雳狮吼履_94:枯萎狮吼履
42686294,91:熔岩狮吼履_92:凛冬狮吼履_93:霹雳狮吼履_94:枯萎狮吼履
42686295,91:熔岩狮吼履_92:凛冬狮吼履_93:霹雳狮吼履_94:枯萎狮吼履
42686296,91:熔岩狮吼履_92:凛冬狮吼履_93:霹雳狮吼履_94:枯萎狮吼履
42686297,91:熔岩狮吼履_92:凛冬狮吼履_93:霹雳狮吼履_94:枯萎狮吼履
42686298,91:熔岩狮吼履_92:凛冬狮吼履_93:霹雳狮吼履_94:枯萎狮吼履
42686299,91:熔岩狮吼履_92:凛冬狮吼履_93:霹雳狮吼履_94:枯萎狮吼履
42686300,91:熔岩狮吼履_92:凛冬狮吼履_93:霹雳狮吼履_94:枯萎狮吼履
42686301,101:熔岩灵蛇履_102:凛冬灵蛇履_103:霹雳灵蛇履_104:枯萎灵蛇履
42686302,101:熔岩灵蛇履_102:凛冬灵蛇履_103:霹雳灵蛇履_104:枯萎灵蛇履
42686303,101:熔岩灵蛇履_102:凛冬灵蛇履_103:霹雳灵蛇履_104:枯萎灵蛇履
42686304,101:熔岩灵蛇履_102:凛冬灵蛇履_103:霹雳灵蛇履_104:枯萎灵蛇履
42686305,101:熔岩灵蛇履_102:凛冬灵蛇履_103:霹雳灵蛇履_104:枯萎灵蛇履
42686306,101:熔岩灵蛇履_102:凛冬灵蛇履_103:霹雳灵蛇履_104:枯萎灵蛇履
42686307,101:熔岩灵蛇履_102:凛冬灵蛇履_103:霹雳灵蛇履_104:枯萎灵蛇履
42686308,101:熔岩灵蛇履_102:凛冬灵蛇履_103:霹雳灵蛇履_104:枯萎灵蛇履
42686309,101:熔岩灵蛇履_102:凛冬灵蛇履_103:霹雳灵蛇履_104:枯萎灵蛇履
42686310,101:熔岩灵蛇履_102:凛冬灵蛇履_103:霹雳灵蛇履_104:枯萎灵蛇履
42686311,111:熔岩朱雀履_112:凛冬朱雀履_113:霹雳朱雀履_114:枯萎朱雀履
42686312,111:熔岩朱雀履_112:凛冬朱雀履_113:霹雳朱雀履_114:枯萎朱雀履
42686313,111:熔岩朱雀履_112:凛冬朱雀履_113:霹雳朱雀履_114:枯萎朱雀履
42686314,111:熔岩朱雀履_112:凛冬朱雀履_113:霹雳朱雀履_114:枯萎朱雀履
42686315,111:熔岩朱雀履_112:凛冬朱雀履_113:霹雳朱雀履_114:枯萎朱雀履
42686316,111:熔岩朱雀履_112:凛冬朱雀履_113:霹雳朱雀履_114:枯萎朱雀履
42686317,111:熔岩朱雀履_112:凛冬朱雀履_113:霹雳朱雀履_114:枯萎朱雀履
42686318,111:熔岩朱雀履_112:凛冬朱雀履_113:霹雳朱雀履_114:枯萎朱雀履
42686319,111:熔岩朱雀履_112:凛冬朱雀履_113:霹雳朱雀履_114:枯萎朱雀履
42686320,111:熔岩朱雀履_112:凛冬朱雀履_113:霹雳朱雀履_114:枯萎朱雀履
42686321,121:熔岩龙形履_122:凛冬龙形履_123:霹雳龙形履_124:枯萎龙形履
42686322,121:熔岩龙形履_122:凛冬龙形履_123:霹雳龙形履_124:枯萎龙形履
42686323,121:熔岩龙形履_122:凛冬龙形履_123:霹雳龙形履_124:枯萎龙形履
42686324,121:熔岩龙形履_122:凛冬龙形履_123:霹雳龙形履_124:枯萎龙形履
42686325,121:熔岩龙形履_122:凛冬龙形履_123:霹雳龙形履_124:枯萎龙形履
42686326,121:熔岩龙形履_122:凛冬龙形履_123:霹雳龙形履_124:枯萎龙形履
42686327,121:熔岩龙形履_122:凛冬龙形履_123:霹雳龙形履_124:枯萎龙形履
42686328,121:熔岩龙形履_122:凛冬龙形履_123:霹雳龙形履_124:枯萎龙形履
42686329,121:熔岩龙形履_122:凛冬龙形履_123:霹雳龙形履_124:枯萎龙形履
42686330,121:熔岩龙形履_122:凛冬龙形履_123:霹雳龙形履_124:枯萎龙形履
42686331,131:熔岩龙王履_132:凛冬龙王履_133:霹雳龙王履_134:枯萎龙王履
42686332,131:熔岩龙王履_132:凛冬龙王履_133:霹雳龙王履_134:枯萎龙王履
42686333,131:熔岩龙王履_132:凛冬龙王履_133:霹雳龙王履_134:枯萎龙王履
42686334,131:熔岩龙王履_132:凛冬龙王履_133:霹雳龙王履_134:枯萎龙王履
42686335,131:熔岩龙王履_132:凛冬龙王履_133:霹雳龙王履_134:枯萎龙王履
42686336,131:熔岩龙王履_132:凛冬龙王履_133:霹雳龙王履_134:枯萎龙王履
42686337,131:熔岩龙王履_132:凛冬龙王履_133:霹雳龙王履_134:枯萎龙王履
42686338,131:熔岩龙王履_132:凛冬龙王履_133:霹雳龙王履_134:枯萎龙王履
42686339,131:熔岩龙王履_132:凛冬龙王履_133:霹雳龙王履_134:枯萎龙王履
42686340,131:熔岩龙王履_132:凛冬龙王履_133:霹雳龙王履_134:枯萎龙王履
42686341,141:熔岩龙皇履_142:凛冬龙皇履_143:霹雳龙皇履_144:枯萎龙皇履
42686342,141:熔岩龙皇履_142:凛冬龙皇履_143:霹雳龙皇履_144:枯萎龙皇履
42686343,141:熔岩龙皇履_142:凛冬龙皇履_143:霹雳龙皇履_144:枯萎龙皇履
42686344,141:熔岩龙皇履_142:凛冬龙皇履_143:霹雳龙皇履_144:枯萎龙皇履
42686345,141:熔岩龙皇履_142:凛冬龙皇履_143:霹雳龙皇履_144:枯萎龙皇履
42686346,141:熔岩龙皇履_142:凛冬龙皇履_143:霹雳龙皇履_144:枯萎龙皇履
42686347,141:熔岩龙皇履_142:凛冬龙皇履_143:霹雳龙皇履_144:枯萎龙皇履
42686348,141:熔岩龙皇履_142:凛冬龙皇履_143:霹雳龙皇履_144:枯萎龙皇履
42686349,141:熔岩龙皇履_142:凛冬龙皇履_143:霹雳龙皇履_144:枯萎龙皇履
42686350,141:熔岩龙皇履_142:凛冬龙皇履_143:霹雳龙皇履_144:枯萎龙皇履
42686351,151:熔岩龙神履_152:凛冬龙神履_153:霹雳龙神履_154:枯萎龙神履
42686352,151:熔岩龙神履_152:凛冬龙神履_153:霹雳龙神履_154:枯萎龙神履
42686353,151:熔岩龙神履_152:凛冬龙神履_153:霹雳龙神履_154:枯萎龙神履
42686354,151:熔岩龙神履_152:凛冬龙神履_153:霹雳龙神履_154:枯萎龙神履
42686355,151:熔岩龙神履_152:凛冬龙神履_153:霹雳龙神履_154:枯萎龙神履
42686356,151:熔岩龙神履_152:凛冬龙神履_153:霹雳龙神履_154:枯萎龙神履
42686357,151:熔岩龙神履_152:凛冬龙神履_153:霹雳龙神履_154:枯萎龙神履
42686358,151:熔岩龙神履_152:凛冬龙神履_153:霹雳龙神履_154:枯萎龙神履
42686359,151:熔岩龙神履_152:凛冬龙神履_153:霹雳龙神履_154:枯萎龙神履
42686360,151:熔岩龙神履_152:凛冬龙神履_153:霹雳龙神履_154:枯萎龙神履
42687201,1:熔岩粗布护腕_2:凛冬粗布护腕_3:霹雳粗布护腕_4:枯萎粗布护腕
42687202,1:熔岩粗布护腕_2:凛冬粗布护腕_3:霹雳粗布护腕_4:枯萎粗布护腕
42687203,1:熔岩粗布护腕_2:凛冬粗布护腕_3:霹雳粗布护腕_4:枯萎粗布护腕
42687204,1:熔岩粗布护腕_2:凛冬粗布护腕_3:霹雳粗布护腕_4:枯萎粗布护腕
42687205,1:熔岩粗布护腕_2:凛冬粗布护腕_3:霹雳粗布护腕_4:枯萎粗布护腕
42687206,1:熔岩粗布护腕_2:凛冬粗布护腕_3:霹雳粗布护腕_4:枯萎粗布护腕
42687207,1:熔岩粗布护腕_2:凛冬粗布护腕_3:霹雳粗布护腕_4:枯萎粗布护腕
42687208,1:熔岩粗布护腕_2:凛冬粗布护腕_3:霹雳粗布护腕_4:枯萎粗布护腕
42687209,1:熔岩粗布护腕_2:凛冬粗布护腕_3:霹雳粗布护腕_4:枯萎粗布护腕
42687210,1:熔岩粗布护腕_2:凛冬粗布护腕_3:霹雳粗布护腕_4:枯萎粗布护腕
42687211,11:熔岩铁护腕_12:凛冬铁护腕_13:霹雳铁护腕_14:枯萎铁护腕
42687212,11:熔岩铁护腕_12:凛冬铁护腕_13:霹雳铁护腕_14:枯萎铁护腕
42687213,11:熔岩铁护腕_12:凛冬铁护腕_13:霹雳铁护腕_14:枯萎铁护腕
42687214,11:熔岩铁护腕_12:凛冬铁护腕_13:霹雳铁护腕_14:枯萎铁护腕
42687215,11:熔岩铁护腕_12:凛冬铁护腕_13:霹雳铁护腕_14:枯萎铁护腕
42687216,11:熔岩铁护腕_12:凛冬铁护腕_13:霹雳铁护腕_14:枯萎铁护腕
42687217,11:熔岩铁护腕_12:凛冬铁护腕_13:霹雳铁护腕_14:枯萎铁护腕
42687218,11:熔岩铁护腕_12:凛冬铁护腕_13:霹雳铁护腕_14:枯萎铁护腕
42687219,11:熔岩铁护腕_12:凛冬铁护腕_13:霹雳铁护腕_14:枯萎铁护腕
42687220,11:熔岩铁护腕_12:凛冬铁护腕_13:霹雳铁护腕_14:枯萎铁护腕
42687221,21:熔岩青钢护腕_22:凛冬青钢护腕_23:霹雳青钢护腕_24:枯萎青钢护腕
42687222,21:熔岩青钢护腕_22:凛冬青钢护腕_23:霹雳青钢护腕_24:枯萎青钢护腕
42687223,21:熔岩青钢护腕_22:凛冬青钢护腕_23:霹雳青钢护腕_24:枯萎青钢护腕
42687224,21:熔岩青钢护腕_22:凛冬青钢护腕_23:霹雳青钢护腕_24:枯萎青钢护腕
42687225,21:熔岩青钢护腕_22:凛冬青钢护腕_23:霹雳青钢护腕_24:枯萎青钢护腕
42687226,21:熔岩青钢护腕_22:凛冬青钢护腕_23:霹雳青钢护腕_24:枯萎青钢护腕
42687227,21:熔岩青钢护腕_22:凛冬青钢护腕_23:霹雳青钢护腕_24:枯萎青钢护腕
42687228,21:熔岩青钢护腕_22:凛冬青钢护腕_23:霹雳青钢护腕_24:枯萎青钢护腕
42687229,21:熔岩青钢护腕_22:凛冬青钢护腕_23:霹雳青钢护腕_24:枯萎青钢护腕
42687230,21:熔岩青钢护腕_22:凛冬青钢护腕_23:霹雳青钢护腕_24:枯萎青钢护腕
42687231,31:熔岩流云护腕_32:凛冬流云护腕_33:霹雳流云护腕_34:枯萎流云护腕
42687232,31:熔岩流云护腕_32:凛冬流云护腕_33:霹雳流云护腕_34:枯萎流云护腕
42687233,31:熔岩流云护腕_32:凛冬流云护腕_33:霹雳流云护腕_34:枯萎流云护腕
42687234,31:熔岩流云护腕_32:凛冬流云护腕_33:霹雳流云护腕_34:枯萎流云护腕
42687235,31:熔岩流云护腕_32:凛冬流云护腕_33:霹雳流云护腕_34:枯萎流云护腕
42687236,31:熔岩流云护腕_32:凛冬流云护腕_33:霹雳流云护腕_34:枯萎流云护腕
42687237,31:熔岩流云护腕_32:凛冬流云护腕_33:霹雳流云护腕_34:枯萎流云护腕
42687238,31:熔岩流云护腕_32:凛冬流云护腕_33:霹雳流云护腕_34:枯萎流云护腕
42687239,31:熔岩流云护腕_32:凛冬流云护腕_33:霹雳流云护腕_34:枯萎流云护腕
42687240,31:熔岩流云护腕_32:凛冬流云护腕_33:霹雳流云护腕_34:枯萎流云护腕
42687241,41:熔岩飞虹护腕_42:凛冬飞虹护腕_43:霹雳飞虹护腕_44:枯萎飞虹护腕
42687242,41:熔岩飞虹护腕_42:凛冬飞虹护腕_43:霹雳飞虹护腕_44:枯萎飞虹护腕
42687243,41:熔岩飞虹护腕_42:凛冬飞虹护腕_43:霹雳飞虹护腕_44:枯萎飞虹护腕
42687244,41:熔岩飞虹护腕_42:凛冬飞虹护腕_43:霹雳飞虹护腕_44:枯萎飞虹护腕
42687245,41:熔岩飞虹护腕_42:凛冬飞虹护腕_43:霹雳飞虹护腕_44:枯萎飞虹护腕
42687246,41:熔岩飞虹护腕_42:凛冬飞虹护腕_43:霹雳飞虹护腕_44:枯萎飞虹护腕
42687247,41:熔岩飞虹护腕_42:凛冬飞虹护腕_43:霹雳飞虹护腕_44:枯萎飞虹护腕
42687248,41:熔岩飞虹护腕_42:凛冬飞虹护腕_43:霹雳飞虹护腕_44:枯萎飞虹护腕
42687249,41:熔岩飞虹护腕_42:凛冬飞虹护腕_43:霹雳飞虹护腕_44:枯萎飞虹护腕
42687250,41:熔岩飞虹护腕_42:凛冬飞虹护腕_43:霹雳飞虹护腕_44:枯萎飞虹护腕
42687251,51:熔岩紫金护腕_52:凛冬紫金护腕_53:霹雳紫金护腕_54:枯萎紫金护腕
42687252,51:熔岩紫金护腕_52:凛冬紫金护腕_53:霹雳紫金护腕_54:枯萎紫金护腕
42687253,51:熔岩紫金护腕_52:凛冬紫金护腕_53:霹雳紫金护腕_54:枯萎紫金护腕
42687254,51:熔岩紫金护腕_52:凛冬紫金护腕_53:霹雳紫金护腕_54:枯萎紫金护腕
42687255,51:熔岩紫金护腕_52:凛冬紫金护腕_53:霹雳紫金护腕_54:枯萎紫金护腕
42687256,51:熔岩紫金护腕_52:凛冬紫金护腕_53:霹雳紫金护腕_54:枯萎紫金护腕
42687257,51:熔岩紫金护腕_52:凛冬紫金护腕_53:霹雳紫金护腕_54:枯萎紫金护腕
42687258,51:熔岩紫金护腕_52:凛冬紫金护腕_53:霹雳紫金护腕_54:枯萎紫金护腕
42687259,51:熔岩紫金护腕_52:凛冬紫金护腕_53:霹雳紫金护腕_54:枯萎紫金护腕
42687260,51:熔岩紫金护腕_52:凛冬紫金护腕_53:霹雳紫金护腕_54:枯萎紫金护腕
42687261,61:熔岩巨神护腕_62:凛冬巨神护腕_63:霹雳巨神护腕_64:枯萎巨神护腕
42687262,61:熔岩巨神护腕_62:凛冬巨神护腕_63:霹雳巨神护腕_64:枯萎巨神护腕
42687263,61:熔岩巨神护腕_62:凛冬巨神护腕_63:霹雳巨神护腕_64:枯萎巨神护腕
42687264,61:熔岩巨神护腕_62:凛冬巨神护腕_63:霹雳巨神护腕_64:枯萎巨神护腕
42687265,61:熔岩巨神护腕_62:凛冬巨神护腕_63:霹雳巨神护腕_64:枯萎巨神护腕
42687266,61:熔岩巨神护腕_62:凛冬巨神护腕_63:霹雳巨神护腕_64:枯萎巨神护腕
42687267,61:熔岩巨神护腕_62:凛冬巨神护腕_63:霹雳巨神护腕_64:枯萎巨神护腕
42687268,61:熔岩巨神护腕_62:凛冬巨神护腕_63:霹雳巨神护腕_64:枯萎巨神护腕
42687269,61:熔岩巨神护腕_62:凛冬巨神护腕_63:霹雳巨神护腕_64:枯萎巨神护腕
42687270,61:熔岩巨神护腕_62:凛冬巨神护腕_63:霹雳巨神护腕_64:枯萎巨神护腕
42687271,71:熔岩天罡护腕_72:凛冬天罡护腕_73:霹雳天罡护腕_74:枯萎天罡护腕
42687272,71:熔岩天罡护腕_72:凛冬天罡护腕_73:霹雳天罡护腕_74:枯萎天罡护腕
42687273,71:熔岩天罡护腕_72:凛冬天罡护腕_73:霹雳天罡护腕_74:枯萎天罡护腕
42687274,71:熔岩天罡护腕_72:凛冬天罡护腕_73:霹雳天罡护腕_74:枯萎天罡护腕
42687275,71:熔岩天罡护腕_72:凛冬天罡护腕_73:霹雳天罡护腕_74:枯萎天罡护腕
42687276,71:熔岩天罡护腕_72:凛冬天罡护腕_73:霹雳天罡护腕_74:枯萎天罡护腕
42687277,71:熔岩天罡护腕_72:凛冬天罡护腕_73:霹雳天罡护腕_74:枯萎天罡护腕
42687278,71:熔岩天罡护腕_72:凛冬天罡护腕_73:霹雳天罡护腕_74:枯萎天罡护腕
42687279,71:熔岩天罡护腕_72:凛冬天罡护腕_73:霹雳天罡护腕_74:枯萎天罡护腕
42687280,71:熔岩天罡护腕_72:凛冬天罡护腕_73:霹雳天罡护腕_74:枯萎天罡护腕
42687281,81:熔岩雷神护腕_82:凛冬雷神护腕_83:霹雳雷神护腕_84:枯萎雷神护腕
42687282,81:熔岩雷神护腕_82:凛冬雷神护腕_83:霹雳雷神护腕_84:枯萎雷神护腕
42687283,81:熔岩雷神护腕_82:凛冬雷神护腕_83:霹雳雷神护腕_84:枯萎雷神护腕
42687284,81:熔岩雷神护腕_82:凛冬雷神护腕_83:霹雳雷神护腕_84:枯萎雷神护腕
42687285,81:熔岩雷神护腕_82:凛冬雷神护腕_83:霹雳雷神护腕_84:枯萎雷神护腕
42687286,81:熔岩雷神护腕_82:凛冬雷神护腕_83:霹雳雷神护腕_84:枯萎雷神护腕
42687287,81:熔岩雷神护腕_82:凛冬雷神护腕_83:霹雳雷神护腕_84:枯萎雷神护腕
42687288,81:熔岩雷神护腕_82:凛冬雷神护腕_83:霹雳雷神护腕_84:枯萎雷神护腕
42687289,81:熔岩雷神护腕_82:凛冬雷神护腕_83:霹雳雷神护腕_84:枯萎雷神护腕
42687290,81:熔岩雷神护腕_82:凛冬雷神护腕_83:霹雳雷神护腕_84:枯萎雷神护腕
42687291,91:熔岩狮吼护腕_92:凛冬狮吼护腕_93:霹雳狮吼护腕_94:枯萎狮吼护腕
42687292,91:熔岩狮吼护腕_92:凛冬狮吼护腕_93:霹雳狮吼护腕_94:枯萎狮吼护腕
42687293,91:熔岩狮吼护腕_92:凛冬狮吼护腕_93:霹雳狮吼护腕_94:枯萎狮吼护腕
42687294,91:熔岩狮吼护腕_92:凛冬狮吼护腕_93:霹雳狮吼护腕_94:枯萎狮吼护腕
42687295,91:熔岩狮吼护腕_92:凛冬狮吼护腕_93:霹雳狮吼护腕_94:枯萎狮吼护腕
42687296,91:熔岩狮吼护腕_92:凛冬狮吼护腕_93:霹雳狮吼护腕_94:枯萎狮吼护腕
42687297,91:熔岩狮吼护腕_92:凛冬狮吼护腕_93:霹雳狮吼护腕_94:枯萎狮吼护腕
42687298,91:熔岩狮吼护腕_92:凛冬狮吼护腕_93:霹雳狮吼护腕_94:枯萎狮吼护腕
42687299,91:熔岩狮吼护腕_92:凛冬狮吼护腕_93:霹雳狮吼护腕_94:枯萎狮吼护腕
42687300,91:熔岩狮吼护腕_92:凛冬狮吼护腕_93:霹雳狮吼护腕_94:枯萎狮吼护腕
42687301,101:熔岩灵蛇护腕_102:凛冬灵蛇护腕_103:霹雳灵蛇护腕_104:枯萎灵蛇护腕
42687302,101:熔岩灵蛇护腕_102:凛冬灵蛇护腕_103:霹雳灵蛇护腕_104:枯萎灵蛇护腕
42687303,101:熔岩灵蛇护腕_102:凛冬灵蛇护腕_103:霹雳灵蛇护腕_104:枯萎灵蛇护腕
42687304,101:熔岩灵蛇护腕_102:凛冬灵蛇护腕_103:霹雳灵蛇护腕_104:枯萎灵蛇护腕
42687305,101:熔岩灵蛇护腕_102:凛冬灵蛇护腕_103:霹雳灵蛇护腕_104:枯萎灵蛇护腕
42687306,101:熔岩灵蛇护腕_102:凛冬灵蛇护腕_103:霹雳灵蛇护腕_104:枯萎灵蛇护腕
42687307,101:熔岩灵蛇护腕_102:凛冬灵蛇护腕_103:霹雳灵蛇护腕_104:枯萎灵蛇护腕
42687308,101:熔岩灵蛇护腕_102:凛冬灵蛇护腕_103:霹雳灵蛇护腕_104:枯萎灵蛇护腕
42687309,101:熔岩灵蛇护腕_102:凛冬灵蛇护腕_103:霹雳灵蛇护腕_104:枯萎灵蛇护腕
42687310,101:熔岩灵蛇护腕_102:凛冬灵蛇护腕_103:霹雳灵蛇护腕_104:枯萎灵蛇护腕
42687311,111:熔岩朱雀护腕_112:凛冬朱雀护腕_113:霹雳朱雀护腕_114:枯萎朱雀护腕
42687312,111:熔岩朱雀护腕_112:凛冬朱雀护腕_113:霹雳朱雀护腕_114:枯萎朱雀护腕
42687313,111:熔岩朱雀护腕_112:凛冬朱雀护腕_113:霹雳朱雀护腕_114:枯萎朱雀护腕
42687314,111:熔岩朱雀护腕_112:凛冬朱雀护腕_113:霹雳朱雀护腕_114:枯萎朱雀护腕
42687315,111:熔岩朱雀护腕_112:凛冬朱雀护腕_113:霹雳朱雀护腕_114:枯萎朱雀护腕
42687316,111:熔岩朱雀护腕_112:凛冬朱雀护腕_113:霹雳朱雀护腕_114:枯萎朱雀护腕
42687317,111:熔岩朱雀护腕_112:凛冬朱雀护腕_113:霹雳朱雀护腕_114:枯萎朱雀护腕
42687318,111:熔岩朱雀护腕_112:凛冬朱雀护腕_113:霹雳朱雀护腕_114:枯萎朱雀护腕
42687319,111:熔岩朱雀护腕_112:凛冬朱雀护腕_113:霹雳朱雀护腕_114:枯萎朱雀护腕
42687320,111:熔岩朱雀护腕_112:凛冬朱雀护腕_113:霹雳朱雀护腕_114:枯萎朱雀护腕
42687321,121:熔岩龙形护腕_122:凛冬龙形护腕_123:霹雳龙形护腕_124:枯萎龙形护腕
42687322,121:熔岩龙形护腕_122:凛冬龙形护腕_123:霹雳龙形护腕_124:枯萎龙形护腕
42687323,121:熔岩龙形护腕_122:凛冬龙形护腕_123:霹雳龙形护腕_124:枯萎龙形护腕
42687324,121:熔岩龙形护腕_122:凛冬龙形护腕_123:霹雳龙形护腕_124:枯萎龙形护腕
42687325,121:熔岩龙形护腕_122:凛冬龙形护腕_123:霹雳龙形护腕_124:枯萎龙形护腕
42687326,121:熔岩龙形护腕_122:凛冬龙形护腕_123:霹雳龙形护腕_124:枯萎龙形护腕
42687327,121:熔岩龙形护腕_122:凛冬龙形护腕_123:霹雳龙形护腕_124:枯萎龙形护腕
42687328,121:熔岩龙形护腕_122:凛冬龙形护腕_123:霹雳龙形护腕_124:枯萎龙形护腕
42687329,121:熔岩龙形护腕_122:凛冬龙形护腕_123:霹雳龙形护腕_124:枯萎龙形护腕
42687330,121:熔岩龙形护腕_122:凛冬龙形护腕_123:霹雳龙形护腕_124:枯萎龙形护腕
42687331,131:熔岩龙王护腕_132:凛冬龙王护腕_133:霹雳龙王护腕_134:枯萎龙王护腕
42687332,131:熔岩龙王护腕_132:凛冬龙王护腕_133:霹雳龙王护腕_134:枯萎龙王护腕
42687333,131:熔岩龙王护腕_132:凛冬龙王护腕_133:霹雳龙王护腕_134:枯萎龙王护腕
42687334,131:熔岩龙王护腕_132:凛冬龙王护腕_133:霹雳龙王护腕_134:枯萎龙王护腕
42687335,131:熔岩龙王护腕_132:凛冬龙王护腕_133:霹雳龙王护腕_134:枯萎龙王护腕
42687336,131:熔岩龙王护腕_132:凛冬龙王护腕_133:霹雳龙王护腕_134:枯萎龙王护腕
42687337,131:熔岩龙王护腕_132:凛冬龙王护腕_133:霹雳龙王护腕_134:枯萎龙王护腕
42687338,131:熔岩龙王护腕_132:凛冬龙王护腕_133:霹雳龙王护腕_134:枯萎龙王护腕
42687339,131:熔岩龙王护腕_132:凛冬龙王护腕_133:霹雳龙王护腕_134:枯萎龙王护腕
42687340,131:熔岩龙王护腕_132:凛冬龙王护腕_133:霹雳龙王护腕_134:枯萎龙王护腕
42687341,141:熔岩龙皇护腕_142:凛冬龙皇护腕_143:霹雳龙皇护腕_144:枯萎龙皇护腕
42687342,141:熔岩龙皇护腕_142:凛冬龙皇护腕_143:霹雳龙皇护腕_144:枯萎龙皇护腕
42687343,141:熔岩龙皇护腕_142:凛冬龙皇护腕_143:霹雳龙皇护腕_144:枯萎龙皇护腕
42687344,141:熔岩龙皇护腕_142:凛冬龙皇护腕_143:霹雳龙皇护腕_144:枯萎龙皇护腕
42687345,141:熔岩龙皇护腕_142:凛冬龙皇护腕_143:霹雳龙皇护腕_144:枯萎龙皇护腕
42687346,141:熔岩龙皇护腕_142:凛冬龙皇护腕_143:霹雳龙皇护腕_144:枯萎龙皇护腕
42687347,141:熔岩龙皇护腕_142:凛冬龙皇护腕_143:霹雳龙皇护腕_144:枯萎龙皇护腕
42687348,141:熔岩龙皇护腕_142:凛冬龙皇护腕_143:霹雳龙皇护腕_144:枯萎龙皇护腕
42687349,141:熔岩龙皇护腕_142:凛冬龙皇护腕_143:霹雳龙皇护腕_144:枯萎龙皇护腕
42687350,141:熔岩龙皇护腕_142:凛冬龙皇护腕_143:霹雳龙皇护腕_144:枯萎龙皇护腕
42687351,151:熔岩龙神护腕_152:凛冬龙神护腕_153:霹雳龙神护腕_154:枯萎龙神护腕
42687352,151:熔岩龙神护腕_152:凛冬龙神护腕_153:霹雳龙神护腕_154:枯萎龙神护腕
42687353,151:熔岩龙神护腕_152:凛冬龙神护腕_153:霹雳龙神护腕_154:枯萎龙神护腕
42687354,151:熔岩龙神护腕_152:凛冬龙神护腕_153:霹雳龙神护腕_154:枯萎龙神护腕
42687355,151:熔岩龙神护腕_152:凛冬龙神护腕_153:霹雳龙神护腕_154:枯萎龙神护腕
42687356,151:熔岩龙神护腕_152:凛冬龙神护腕_153:霹雳龙神护腕_154:枯萎龙神护腕
42687357,151:熔岩龙神护腕_152:凛冬龙神护腕_153:霹雳龙神护腕_154:枯萎龙神护腕
42687358,151:熔岩龙神护腕_152:凛冬龙神护腕_153:霹雳龙神护腕_154:枯萎龙神护腕
42687359,151:熔岩龙神护腕_152:凛冬龙神护腕_153:霹雳龙神护腕_154:枯萎龙神护腕
42687360,151:熔岩龙神护腕_152:凛冬龙神护腕_153:霹雳龙神护腕_154:枯萎龙神护腕
42688201,1:熔岩青藤挂饰_2:凛冬青藤挂饰_3:霹雳青藤挂饰_4:枯萎青藤挂饰
42688202,1:熔岩青藤挂饰_2:凛冬青藤挂饰_3:霹雳青藤挂饰_4:枯萎青藤挂饰
42688203,1:熔岩青藤挂饰_2:凛冬青藤挂饰_3:霹雳青藤挂饰_4:枯萎青藤挂饰
42688204,1:熔岩青藤挂饰_2:凛冬青藤挂饰_3:霹雳青藤挂饰_4:枯萎青藤挂饰
42688205,1:熔岩青藤挂饰_2:凛冬青藤挂饰_3:霹雳青藤挂饰_4:枯萎青藤挂饰
42688206,1:熔岩青藤挂饰_2:凛冬青藤挂饰_3:霹雳青藤挂饰_4:枯萎青藤挂饰
42688207,1:熔岩青藤挂饰_2:凛冬青藤挂饰_3:霹雳青藤挂饰_4:枯萎青藤挂饰
42688208,1:熔岩青藤挂饰_2:凛冬青藤挂饰_3:霹雳青藤挂饰_4:枯萎青藤挂饰
42688209,1:熔岩青藤挂饰_2:凛冬青藤挂饰_3:霹雳青藤挂饰_4:枯萎青藤挂饰
42688210,1:熔岩青藤挂饰_2:凛冬青藤挂饰_3:霹雳青藤挂饰_4:枯萎青藤挂饰
42688211,11:熔岩铁挂饰_12:凛冬铁挂饰_13:霹雳铁挂饰_14:枯萎铁挂饰
42688212,11:熔岩铁挂饰_12:凛冬铁挂饰_13:霹雳铁挂饰_14:枯萎铁挂饰
42688213,11:熔岩铁挂饰_12:凛冬铁挂饰_13:霹雳铁挂饰_14:枯萎铁挂饰
42688214,11:熔岩铁挂饰_12:凛冬铁挂饰_13:霹雳铁挂饰_14:枯萎铁挂饰
42688215,11:熔岩铁挂饰_12:凛冬铁挂饰_13:霹雳铁挂饰_14:枯萎铁挂饰
42688216,11:熔岩铁挂饰_12:凛冬铁挂饰_13:霹雳铁挂饰_14:枯萎铁挂饰
42688217,11:熔岩铁挂饰_12:凛冬铁挂饰_13:霹雳铁挂饰_14:枯萎铁挂饰
42688218,11:熔岩铁挂饰_12:凛冬铁挂饰_13:霹雳铁挂饰_14:枯萎铁挂饰
42688219,11:熔岩铁挂饰_12:凛冬铁挂饰_13:霹雳铁挂饰_14:枯萎铁挂饰
42688220,11:熔岩铁挂饰_12:凛冬铁挂饰_13:霹雳铁挂饰_14:枯萎铁挂饰
42688221,21:熔岩青钢挂饰_22:凛冬青钢挂饰_23:霹雳青钢挂饰_24:枯萎青钢挂饰
42688222,21:熔岩青钢挂饰_22:凛冬青钢挂饰_23:霹雳青钢挂饰_24:枯萎青钢挂饰
42688223,21:熔岩青钢挂饰_22:凛冬青钢挂饰_23:霹雳青钢挂饰_24:枯萎青钢挂饰
42688224,21:熔岩青钢挂饰_22:凛冬青钢挂饰_23:霹雳青钢挂饰_24:枯萎青钢挂饰
42688225,21:熔岩青钢挂饰_22:凛冬青钢挂饰_23:霹雳青钢挂饰_24:枯萎青钢挂饰
42688226,21:熔岩青钢挂饰_22:凛冬青钢挂饰_23:霹雳青钢挂饰_24:枯萎青钢挂饰
42688227,21:熔岩青钢挂饰_22:凛冬青钢挂饰_23:霹雳青钢挂饰_24:枯萎青钢挂饰
42688228,21:熔岩青钢挂饰_22:凛冬青钢挂饰_23:霹雳青钢挂饰_24:枯萎青钢挂饰
42688229,21:熔岩青钢挂饰_22:凛冬青钢挂饰_23:霹雳青钢挂饰_24:枯萎青钢挂饰
42688230,21:熔岩青钢挂饰_22:凛冬青钢挂饰_23:霹雳青钢挂饰_24:枯萎青钢挂饰
42688231,31:熔岩流云挂饰_32:凛冬流云挂饰_33:霹雳流云挂饰_34:枯萎流云挂饰
42688232,31:熔岩流云挂饰_32:凛冬流云挂饰_33:霹雳流云挂饰_34:枯萎流云挂饰
42688233,31:熔岩流云挂饰_32:凛冬流云挂饰_33:霹雳流云挂饰_34:枯萎流云挂饰
42688234,31:熔岩流云挂饰_32:凛冬流云挂饰_33:霹雳流云挂饰_34:枯萎流云挂饰
42688235,31:熔岩流云挂饰_32:凛冬流云挂饰_33:霹雳流云挂饰_34:枯萎流云挂饰
42688236,31:熔岩流云挂饰_32:凛冬流云挂饰_33:霹雳流云挂饰_34:枯萎流云挂饰
42688237,31:熔岩流云挂饰_32:凛冬流云挂饰_33:霹雳流云挂饰_34:枯萎流云挂饰
42688238,31:熔岩流云挂饰_32:凛冬流云挂饰_33:霹雳流云挂饰_34:枯萎流云挂饰
42688239,31:熔岩流云挂饰_32:凛冬流云挂饰_33:霹雳流云挂饰_34:枯萎流云挂饰
42688240,31:熔岩流云挂饰_32:凛冬流云挂饰_33:霹雳流云挂饰_34:枯萎流云挂饰
42688241,41:熔岩飞虹挂饰_42:凛冬飞虹挂饰_43:霹雳飞虹挂饰_44:枯萎飞虹挂饰
42688242,41:熔岩飞虹挂饰_42:凛冬飞虹挂饰_43:霹雳飞虹挂饰_44:枯萎飞虹挂饰
42688243,41:熔岩飞虹挂饰_42:凛冬飞虹挂饰_43:霹雳飞虹挂饰_44:枯萎飞虹挂饰
42688244,41:熔岩飞虹挂饰_42:凛冬飞虹挂饰_43:霹雳飞虹挂饰_44:枯萎飞虹挂饰
42688245,41:熔岩飞虹挂饰_42:凛冬飞虹挂饰_43:霹雳飞虹挂饰_44:枯萎飞虹挂饰
42688246,41:熔岩飞虹挂饰_42:凛冬飞虹挂饰_43:霹雳飞虹挂饰_44:枯萎飞虹挂饰
42688247,41:熔岩飞虹挂饰_42:凛冬飞虹挂饰_43:霹雳飞虹挂饰_44:枯萎飞虹挂饰
42688248,41:熔岩飞虹挂饰_42:凛冬飞虹挂饰_43:霹雳飞虹挂饰_44:枯萎飞虹挂饰
42688249,41:熔岩飞虹挂饰_42:凛冬飞虹挂饰_43:霹雳飞虹挂饰_44:枯萎飞虹挂饰
42688250,41:熔岩飞虹挂饰_42:凛冬飞虹挂饰_43:霹雳飞虹挂饰_44:枯萎飞虹挂饰
42688251,51:熔岩紫金挂饰_52:凛冬紫金挂饰_53:霹雳紫金挂饰_54:枯萎紫金挂饰
42688252,51:熔岩紫金挂饰_52:凛冬紫金挂饰_53:霹雳紫金挂饰_54:枯萎紫金挂饰
42688253,51:熔岩紫金挂饰_52:凛冬紫金挂饰_53:霹雳紫金挂饰_54:枯萎紫金挂饰
42688254,51:熔岩紫金挂饰_52:凛冬紫金挂饰_53:霹雳紫金挂饰_54:枯萎紫金挂饰
42688255,51:熔岩紫金挂饰_52:凛冬紫金挂饰_53:霹雳紫金挂饰_54:枯萎紫金挂饰
42688256,51:熔岩紫金挂饰_52:凛冬紫金挂饰_53:霹雳紫金挂饰_54:枯萎紫金挂饰
42688257,51:熔岩紫金挂饰_52:凛冬紫金挂饰_53:霹雳紫金挂饰_54:枯萎紫金挂饰
42688258,51:熔岩紫金挂饰_52:凛冬紫金挂饰_53:霹雳紫金挂饰_54:枯萎紫金挂饰
42688259,51:熔岩紫金挂饰_52:凛冬紫金挂饰_53:霹雳紫金挂饰_54:枯萎紫金挂饰
42688260,51:熔岩紫金挂饰_52:凛冬紫金挂饰_53:霹雳紫金挂饰_54:枯萎紫金挂饰
42688261,61:熔岩巨神挂饰_62:凛冬巨神挂饰_63:霹雳巨神挂饰_64:枯萎巨神挂饰
42688262,61:熔岩巨神挂饰_62:凛冬巨神挂饰_63:霹雳巨神挂饰_64:枯萎巨神挂饰
42688263,61:熔岩巨神挂饰_62:凛冬巨神挂饰_63:霹雳巨神挂饰_64:枯萎巨神挂饰
42688264,61:熔岩巨神挂饰_62:凛冬巨神挂饰_63:霹雳巨神挂饰_64:枯萎巨神挂饰
42688265,61:熔岩巨神挂饰_62:凛冬巨神挂饰_63:霹雳巨神挂饰_64:枯萎巨神挂饰
42688266,61:熔岩巨神挂饰_62:凛冬巨神挂饰_63:霹雳巨神挂饰_64:枯萎巨神挂饰
42688267,61:熔岩巨神挂饰_62:凛冬巨神挂饰_63:霹雳巨神挂饰_64:枯萎巨神挂饰
42688268,61:熔岩巨神挂饰_62:凛冬巨神挂饰_63:霹雳巨神挂饰_64:枯萎巨神挂饰
42688269,61:熔岩巨神挂饰_62:凛冬巨神挂饰_63:霹雳巨神挂饰_64:枯萎巨神挂饰
42688270,61:熔岩巨神挂饰_62:凛冬巨神挂饰_63:霹雳巨神挂饰_64:枯萎巨神挂饰
42688271,71:熔岩天罡挂饰_72:凛冬天罡挂饰_73:霹雳天罡挂饰_74:枯萎天罡挂饰
42688272,71:熔岩天罡挂饰_72:凛冬天罡挂饰_73:霹雳天罡挂饰_74:枯萎天罡挂饰
42688273,71:熔岩天罡挂饰_72:凛冬天罡挂饰_73:霹雳天罡挂饰_74:枯萎天罡挂饰
42688274,71:熔岩天罡挂饰_72:凛冬天罡挂饰_73:霹雳天罡挂饰_74:枯萎天罡挂饰
42688275,71:熔岩天罡挂饰_72:凛冬天罡挂饰_73:霹雳天罡挂饰_74:枯萎天罡挂饰
42688276,71:熔岩天罡挂饰_72:凛冬天罡挂饰_73:霹雳天罡挂饰_74:枯萎天罡挂饰
42688277,71:熔岩天罡挂饰_72:凛冬天罡挂饰_73:霹雳天罡挂饰_74:枯萎天罡挂饰
42688278,71:熔岩天罡挂饰_72:凛冬天罡挂饰_73:霹雳天罡挂饰_74:枯萎天罡挂饰
42688279,71:熔岩天罡挂饰_72:凛冬天罡挂饰_73:霹雳天罡挂饰_74:枯萎天罡挂饰
42688280,71:熔岩天罡挂饰_72:凛冬天罡挂饰_73:霹雳天罡挂饰_74:枯萎天罡挂饰
42688281,81:熔岩雷神挂饰_82:凛冬雷神挂饰_83:霹雳雷神挂饰_84:枯萎雷神挂饰
42688282,81:熔岩雷神挂饰_82:凛冬雷神挂饰_83:霹雳雷神挂饰_84:枯萎雷神挂饰
42688283,81:熔岩雷神挂饰_82:凛冬雷神挂饰_83:霹雳雷神挂饰_84:枯萎雷神挂饰
42688284,81:熔岩雷神挂饰_82:凛冬雷神挂饰_83:霹雳雷神挂饰_84:枯萎雷神挂饰
42688285,81:熔岩雷神挂饰_82:凛冬雷神挂饰_83:霹雳雷神挂饰_84:枯萎雷神挂饰
42688286,81:熔岩雷神挂饰_82:凛冬雷神挂饰_83:霹雳雷神挂饰_84:枯萎雷神挂饰
42688287,81:熔岩雷神挂饰_82:凛冬雷神挂饰_83:霹雳雷神挂饰_84:枯萎雷神挂饰
42688288,81:熔岩雷神挂饰_82:凛冬雷神挂饰_83:霹雳雷神挂饰_84:枯萎雷神挂饰
42688289,81:熔岩雷神挂饰_82:凛冬雷神挂饰_83:霹雳雷神挂饰_84:枯萎雷神挂饰
42688290,81:熔岩雷神挂饰_82:凛冬雷神挂饰_83:霹雳雷神挂饰_84:枯萎雷神挂饰
42688291,91:熔岩狮吼挂饰_92:凛冬狮吼挂饰_93:霹雳狮吼挂饰_94:枯萎狮吼挂饰
42688292,91:熔岩狮吼挂饰_92:凛冬狮吼挂饰_93:霹雳狮吼挂饰_94:枯萎狮吼挂饰
42688293,91:熔岩狮吼挂饰_92:凛冬狮吼挂饰_93:霹雳狮吼挂饰_94:枯萎狮吼挂饰
42688294,91:熔岩狮吼挂饰_92:凛冬狮吼挂饰_93:霹雳狮吼挂饰_94:枯萎狮吼挂饰
42688295,91:熔岩狮吼挂饰_92:凛冬狮吼挂饰_93:霹雳狮吼挂饰_94:枯萎狮吼挂饰
42688296,91:熔岩狮吼挂饰_92:凛冬狮吼挂饰_93:霹雳狮吼挂饰_94:枯萎狮吼挂饰
42688297,91:熔岩狮吼挂饰_92:凛冬狮吼挂饰_93:霹雳狮吼挂饰_94:枯萎狮吼挂饰
42688298,91:熔岩狮吼挂饰_92:凛冬狮吼挂饰_93:霹雳狮吼挂饰_94:枯萎狮吼挂饰
42688299,91:熔岩狮吼挂饰_92:凛冬狮吼挂饰_93:霹雳狮吼挂饰_94:枯萎狮吼挂饰
42688300,91:熔岩狮吼挂饰_92:凛冬狮吼挂饰_93:霹雳狮吼挂饰_94:枯萎狮吼挂饰
42688301,101:熔岩灵蛇挂饰_102:凛冬灵蛇挂饰_103:霹雳灵蛇挂饰_104:枯萎灵蛇挂饰
42688302,101:熔岩灵蛇挂饰_102:凛冬灵蛇挂饰_103:霹雳灵蛇挂饰_104:枯萎灵蛇挂饰
42688303,101:熔岩灵蛇挂饰_102:凛冬灵蛇挂饰_103:霹雳灵蛇挂饰_104:枯萎灵蛇挂饰
42688304,101:熔岩灵蛇挂饰_102:凛冬灵蛇挂饰_103:霹雳灵蛇挂饰_104:枯萎灵蛇挂饰
42688305,101:熔岩灵蛇挂饰_102:凛冬灵蛇挂饰_103:霹雳灵蛇挂饰_104:枯萎灵蛇挂饰
42688306,101:熔岩灵蛇挂饰_102:凛冬灵蛇挂饰_103:霹雳灵蛇挂饰_104:枯萎灵蛇挂饰
42688307,101:熔岩灵蛇挂饰_102:凛冬灵蛇挂饰_103:霹雳灵蛇挂饰_104:枯萎灵蛇挂饰
42688308,101:熔岩灵蛇挂饰_102:凛冬灵蛇挂饰_103:霹雳灵蛇挂饰_104:枯萎灵蛇挂饰
42688309,101:熔岩灵蛇挂饰_102:凛冬灵蛇挂饰_103:霹雳灵蛇挂饰_104:枯萎灵蛇挂饰
42688310,101:熔岩灵蛇挂饰_102:凛冬灵蛇挂饰_103:霹雳灵蛇挂饰_104:枯萎灵蛇挂饰
42688311,111:熔岩朱雀挂饰_112:凛冬朱雀挂饰_113:霹雳朱雀挂饰_114:枯萎朱雀挂饰
42688312,111:熔岩朱雀挂饰_112:凛冬朱雀挂饰_113:霹雳朱雀挂饰_114:枯萎朱雀挂饰
42688313,111:熔岩朱雀挂饰_112:凛冬朱雀挂饰_113:霹雳朱雀挂饰_114:枯萎朱雀挂饰
42688314,111:熔岩朱雀挂饰_112:凛冬朱雀挂饰_113:霹雳朱雀挂饰_114:枯萎朱雀挂饰
42688315,111:熔岩朱雀挂饰_112:凛冬朱雀挂饰_113:霹雳朱雀挂饰_114:枯萎朱雀挂饰
42688316,111:熔岩朱雀挂饰_112:凛冬朱雀挂饰_113:霹雳朱雀挂饰_114:枯萎朱雀挂饰
42688317,111:熔岩朱雀挂饰_112:凛冬朱雀挂饰_113:霹雳朱雀挂饰_114:枯萎朱雀挂饰
42688318,111:熔岩朱雀挂饰_112:凛冬朱雀挂饰_113:霹雳朱雀挂饰_114:枯萎朱雀挂饰
42688319,111:熔岩朱雀挂饰_112:凛冬朱雀挂饰_113:霹雳朱雀挂饰_114:枯萎朱雀挂饰
42688320,111:熔岩朱雀挂饰_112:凛冬朱雀挂饰_113:霹雳朱雀挂饰_114:枯萎朱雀挂饰
42688321,121:熔岩龙形挂饰_122:凛冬龙形挂饰_123:霹雳龙形挂饰_124:枯萎龙形挂饰
42688322,121:熔岩龙形挂饰_122:凛冬龙形挂饰_123:霹雳龙形挂饰_124:枯萎龙形挂饰
42688323,121:熔岩龙形挂饰_122:凛冬龙形挂饰_123:霹雳龙形挂饰_124:枯萎龙形挂饰
42688324,121:熔岩龙形挂饰_122:凛冬龙形挂饰_123:霹雳龙形挂饰_124:枯萎龙形挂饰
42688325,121:熔岩龙形挂饰_122:凛冬龙形挂饰_123:霹雳龙形挂饰_124:枯萎龙形挂饰
42688326,121:熔岩龙形挂饰_122:凛冬龙形挂饰_123:霹雳龙形挂饰_124:枯萎龙形挂饰
42688327,121:熔岩龙形挂饰_122:凛冬龙形挂饰_123:霹雳龙形挂饰_124:枯萎龙形挂饰
42688328,121:熔岩龙形挂饰_122:凛冬龙形挂饰_123:霹雳龙形挂饰_124:枯萎龙形挂饰
42688329,121:熔岩龙形挂饰_122:凛冬龙形挂饰_123:霹雳龙形挂饰_124:枯萎龙形挂饰
42688330,121:熔岩龙形挂饰_122:凛冬龙形挂饰_123:霹雳龙形挂饰_124:枯萎龙形挂饰
42688331,131:熔岩龙王挂饰_132:凛冬龙王挂饰_133:霹雳龙王挂饰_134:枯萎龙王挂饰
42688332,131:熔岩龙王挂饰_132:凛冬龙王挂饰_133:霹雳龙王挂饰_134:枯萎龙王挂饰
42688333,131:熔岩龙王挂饰_132:凛冬龙王挂饰_133:霹雳龙王挂饰_134:枯萎龙王挂饰
42688334,131:熔岩龙王挂饰_132:凛冬龙王挂饰_133:霹雳龙王挂饰_134:枯萎龙王挂饰
42688335,131:熔岩龙王挂饰_132:凛冬龙王挂饰_133:霹雳龙王挂饰_134:枯萎龙王挂饰
42688336,131:熔岩龙王挂饰_132:凛冬龙王挂饰_133:霹雳龙王挂饰_134:枯萎龙王挂饰
42688337,131:熔岩龙王挂饰_132:凛冬龙王挂饰_133:霹雳龙王挂饰_134:枯萎龙王挂饰
42688338,131:熔岩龙王挂饰_132:凛冬龙王挂饰_133:霹雳龙王挂饰_134:枯萎龙王挂饰
42688339,131:熔岩龙王挂饰_132:凛冬龙王挂饰_133:霹雳龙王挂饰_134:枯萎龙王挂饰
42688340,131:熔岩龙王挂饰_132:凛冬龙王挂饰_133:霹雳龙王挂饰_134:枯萎龙王挂饰
42688341,141:熔岩龙皇挂饰_142:凛冬龙皇挂饰_143:霹雳龙皇挂饰_144:枯萎龙皇挂饰
42688342,141:熔岩龙皇挂饰_142:凛冬龙皇挂饰_143:霹雳龙皇挂饰_144:枯萎龙皇挂饰
42688343,141:熔岩龙皇挂饰_142:凛冬龙皇挂饰_143:霹雳龙皇挂饰_144:枯萎龙皇挂饰
42688344,141:熔岩龙皇挂饰_142:凛冬龙皇挂饰_143:霹雳龙皇挂饰_144:枯萎龙皇挂饰
42688345,141:熔岩龙皇挂饰_142:凛冬龙皇挂饰_143:霹雳龙皇挂饰_144:枯萎龙皇挂饰
42688346,141:熔岩龙皇挂饰_142:凛冬龙皇挂饰_143:霹雳龙皇挂饰_144:枯萎龙皇挂饰
42688347,141:熔岩龙皇挂饰_142:凛冬龙皇挂饰_143:霹雳龙皇挂饰_144:枯萎龙皇挂饰
42688348,141:熔岩龙皇挂饰_142:凛冬龙皇挂饰_143:霹雳龙皇挂饰_144:枯萎龙皇挂饰
42688349,141:熔岩龙皇挂饰_142:凛冬龙皇挂饰_143:霹雳龙皇挂饰_144:枯萎龙皇挂饰
42688350,141:熔岩龙皇挂饰_142:凛冬龙皇挂饰_143:霹雳龙皇挂饰_144:枯萎龙皇挂饰
42688351,151:熔岩龙神挂饰_152:凛冬龙神挂饰_153:霹雳龙神挂饰_154:枯萎龙神挂饰
42688352,151:熔岩龙神挂饰_152:凛冬龙神挂饰_153:霹雳龙神挂饰_154:枯萎龙神挂饰
42688353,151:熔岩龙神挂饰_152:凛冬龙神挂饰_153:霹雳龙神挂饰_154:枯萎龙神挂饰
42688354,151:熔岩龙神挂饰_152:凛冬龙神挂饰_153:霹雳龙神挂饰_154:枯萎龙神挂饰
42688355,151:熔岩龙神挂饰_152:凛冬龙神挂饰_153:霹雳龙神挂饰_154:枯萎龙神挂饰
42688356,151:熔岩龙神挂饰_152:凛冬龙神挂饰_153:霹雳龙神挂饰_154:枯萎龙神挂饰
42688357,151:熔岩龙神挂饰_152:凛冬龙神挂饰_153:霹雳龙神挂饰_154:枯萎龙神挂饰
42688358,151:熔岩龙神挂饰_152:凛冬龙神挂饰_153:霹雳龙神挂饰_154:枯萎龙神挂饰
42688359,151:熔岩龙神挂饰_152:凛冬龙神挂饰_153:霹雳龙神挂饰_154:枯萎龙神挂饰
42688360,151:熔岩龙神挂饰_152:凛冬龙神挂饰_153:霹雳龙神挂饰_154:枯萎龙神挂饰
