paipaiworld_config,Unnamed: 1,Unnamed: 2,Unnamed: 3,Unnamed: 4,Unnamed: 5,Unnamed: 6,Unnamed: 7,Unnamed: 8,Unnamed: 9,Unnamed: 10,Unnamed: 11,Unnamed: 12,Unnamed: 13,Unnamed: 14,Unnamed: 15,Unnamed: 16,Unnamed: 17,Unnamed: 18,Unnamed: 19,Unnamed: 20,Unnamed: 21
INT_K,INT_S_C,STRING,STRING,INT_S_C,INT_S_C,INT_S_C,INT_S_C,INT_S_C,LIST<INT>_S_C,MAP<INT:INT>_S_C,LIST<INT>_S_C,INT_S_C,INT_S_C,INT_S_C,INT_S_C,LIST<INT>_S_C,LIST<INT>_S_C,LIST<INT>_S_C,LIST<INT>_S_C,INT_S_C,LIST<INT>_C
id,barries_id,desc1,desc,brush_area_id,group_id,in_group_order,interval_time,display_wave_id,monsters_id,monsterslist_ids_and_nums,interval_times_and_nums,wave_kongfu,min_brushtime,iskill_all,index,Brushing_monsters_coordinate,Brushing_monsters_position,Brushing_monsters_relative_position,front_group_order,is_def_show,monster_facing
序号,关卡id,备注,第几区,刷怪区域id,波,一波内刷新顺序,每波刷新时间（毫秒）相对于战区战斗开始,页面展示的波次,怪物id列表,【新刷怪】怪物id以及数量列表,【新刷怪】时间间隔以及数量列表,每波增加的武力值,每波保底刷怪时间（毫秒）,是否需要杀完上波怪再刷本波,战斗区域id,"区域刷怪坐标列表（横百分段值,竖百分段值）","区域刷怪点坐标（横百分段值,竖百分段值）,范围","相对刷怪点（角度0~360,距离,范围）",立即刷怪前置条件波次,是否需要默认显示,怪物朝向列表
110101,1,,,10001,1,1,0,1,11101,0:0,0,0,30000,0,0,"50,50",0,0,0,0,0
110102,1,,,10001,1,2,1000,1,0,11101:3,"0,1,500,1,500,1",0,30000,0,0,0,0,0,0,0,0
110201,1,,,10001,1,3,2500,2,0,11101:8,"0,1,480,1,480,1,480,1,480,1,480,1,480,1,480,1,480,1,480,1,480,1,480,1,480,1,480,1",0,30000,0,0,0,0,0,0,0,0
110301,1,,,10001,1,4,9000,3,0,11101:10_11102:8,"0,1,450,1,450,1,450,1,450,1,450,1,450,1,450,1,450,1,450,1,450,1,450,1,450,1,450,1,450,1,450,1,450,1,450,1",0,30000,0,0,0,0,0,0,0,0
110401,1,,,10001,1,5,17500,4,0,11101:12_11102:12,"0,1,420,1,420,1,420,1,420,1,420,1,420,1,420,1,420,1,420,1,420,1,420,1,420,1,420,1,420,1,420,1,420,1,420,1,420,1,420,1,420,1,420,1,420,1,420,1",0,30000,0,0,0,0,0,0,0,0
110501,1,,,10001,1,6,27900,5,0,11101:15_11102:14_11103:1,"0,1,380,1,380,1,380,1,380,1,380,1,380,1,380,1,380,1,380,1,380,1,380,1,380,1,380,1,380,1,380,1,380,1,380,1,380,1,380,1,380,1,380,1,380,1,380,1,380,1,380,1,380,1,380,1,380,1,380,1",0,30000,0,0,0,0,0,0,0,0
110601,1,,,10001,1,7,39300,6,0,11101:18_11102:17_11103:1,"0,1,340,1,340,1,340,1,340,1,340,1,340,1,340,1,340,1,340,1,340,1,340,1,340,1,340,1,340,1,340,1,340,1,340,1,340,1,340,1,340,1,340,1,340,1,340,1,340,1,340,1,340,1,340,1,340,1,340,1,340,1,340,1,340,1,340,1,340,1,340,1",0,30000,0,0,0,0,0,0,0,0
110701,1,,,10001,1,8,51600,7,0,11101:20_11102:20_11103:2,"0,1,300,1,300,1,300,1,300,1,300,1,300,1,300,1,300,1,300,1,300,1,300,1,300,1,300,1,300,1,300,1,300,1,300,1,300,1,300,1,300,1,300,1,300,1,300,1,300,1,300,1,300,1,300,1,300,1,300,1,300,1,300,1,300,1,300,1,300,1,300,1,300,1,300,1,300,1,300,1,300,1,300,1",0,30000,0,0,0,0,0,0,0,0
110801,1,,,10001,1,9,63900,8,0,11101:23_11102:23_11103:2,"0,1,250,1,250,1,250,1,250,1,250,1,250,1,250,1,250,1,250,1,250,1,250,1,250,1,250,1,250,1,250,1,250,1,250,1,250,1,250,1,250,1,250,1,250,1,250,1,250,1,250,1,250,1,250,1,250,1,250,1,250,1,250,1,250,1,250,1,250,1,250,1,250,1,250,1,250,1,250,1,250,1,250,1,250,1,250,1,250,1,250,1,250,1,250,1",0,30000,0,0,0,0,0,0,0,0
110901,1,,,10001,1,10,76200,9,0,11101:26_11102:26_11103:2,"0,1,200,1,200,1,200,1,200,1,200,1,200,1,200,1,200,1,200,1,200,1,200,1,200,1,200,1,200,1,200,1,200,1,200,1,200,1,200,1,200,1,200,1,200,1,200,1,200,1,200,1,200,1,200,1,200,1,200,1,200,1,200,1,200,1,200,1,200,1,200,1,200,1,200,1,200,1,200,1,200,1,200,1,200,1,200,1,200,1,200,1,200,1,200,1,200,1,200,1,200,1,200,1,200,1,200,1",0,30000,0,0,0,0,0,0,0,0
111001,1,,,10001,1,11,87000,10,0,11101:28_11102:29_11103:3,"0,1,150,1,150,1,150,1,150,1,150,1,150,1,150,1,150,1,150,1,150,1,150,1,150,1,150,1,150,1,150,1,150,1,150,1,150,1,150,1,150,1,150,1,150,1,150,1,150,1,150,1,150,1,150,1,150,1,150,1,150,1,150,1,150,1,150,1,150,1,150,1,150,1,150,1,150,1,150,1,150,1,150,1,150,1,150,1,150,1,150,1,150,1,150,1,150,1,150,1,150,1,150,1,150,1,150,1,150,1,150,1,150,1,150,1,150,1,150,1",0,30000,0,0,0,0,0,0,0,0
210101,2,,,20001,1,1,0,1,21101,0:0,0,0,30000,0,0,"50,50",0,0,0,0,0
210102,2,,,20001,1,2,1000,1,0,21101:5,"0,1,500,1,500,1,500,1,500,1",0,30000,0,0,0,0,0,0,0,0
210201,2,,,20001,1,3,3500,2,0,21101:8_21102:4,"0,1,480,1,480,1,480,1,480,1,480,1,480,1,480,1,480,1,480,1,480,1,480,1",0,30000,0,0,0,0,0,0,0,0
210301,2,,,20001,1,4,9000,3,0,21101:12_21102:6,"0,1,450,1,450,1,450,1,450,1,450,1,450,1,450,1,450,1,450,1,450,1,450,1,450,1,450,1,450,1,450,1,450,1,450,1",0,30000,0,0,0,0,0,0,0,0
210401,2,,,20001,1,5,17500,4,0,21101:15_21102:9,"0,1,420,1,420,1,420,1,420,1,420,1,420,1,420,1,420,1,420,1,420,1,420,1,420,1,420,1,420,1,420,1,420,1,420,1,420,1,420,1,420,1,420,1,420,1,420,1",0,30000,0,0,0,0,0,0,0,0
210501,2,,,20001,1,6,27900,5,0,21101:19_21102:10_21103:1,"0,1,380,1,380,1,380,1,380,1,380,1,380,1,380,1,380,1,380,1,380,1,380,1,380,1,380,1,380,1,380,1,380,1,380,1,380,1,380,1,380,1,380,1,380,1,380,1,380,1,380,1,380,1,380,1,380,1,380,1",0,30000,0,0,0,0,0,0,0,0
210601,2,,,20001,1,7,39300,6,0,21101:21_21102:13_21103:2,"0,1,340,1,340,1,340,1,340,1,340,1,340,1,340,1,340,1,340,1,340,1,340,1,340,1,340,1,340,1,340,1,340,1,340,1,340,1,340,1,340,1,340,1,340,1,340,1,340,1,340,1,340,1,340,1,340,1,340,1,340,1,340,1,340,1,340,1,340,1,340,1",0,30000,0,0,0,0,0,0,0,0
210701,2,,,20001,1,8,51600,7,0,21101:24_21102:16_21103:2,"0,1,300,1,300,1,300,1,300,1,300,1,300,1,300,1,300,1,300,1,300,1,300,1,300,1,300,1,300,1,300,1,300,1,300,1,300,1,300,1,300,1,300,1,300,1,300,1,300,1,300,1,300,1,300,1,300,1,300,1,300,1,300,1,300,1,300,1,300,1,300,1,300,1,300,1,300,1,300,1,300,1,300,1",0,30000,0,0,0,0,0,0,0,0
210801,2,,,20001,1,9,63900,8,0,21101:23_21102:22_21103:3,"0,1,250,1,250,1,250,1,250,1,250,1,250,1,250,1,250,1,250,1,250,1,250,1,250,1,250,1,250,1,250,1,250,1,250,1,250,1,250,1,250,1,250,1,250,1,250,1,250,1,250,1,250,1,250,1,250,1,250,1,250,1,250,1,250,1,250,1,250,1,250,1,250,1,250,1,250,1,250,1,250,1,250,1,250,1,250,1,250,1,250,1,250,1,250,1",0,30000,0,0,0,0,0,0,0,0
210901,2,,,20001,1,10,76200,9,0,21101:24_21102:27_21103:3,"0,1,200,1,200,1,200,1,200,1,200,1,200,1,200,1,200,1,200,1,200,1,200,1,200,1,200,1,200,1,200,1,200,1,200,1,200,1,200,1,200,1,200,1,200,1,200,1,200,1,200,1,200,1,200,1,200,1,200,1,200,1,200,1,200,1,200,1,200,1,200,1,200,1,200,1,200,1,200,1,200,1,200,1,200,1,200,1,200,1,200,1,200,1,200,1,200,1,200,1,200,1,200,1,200,1,200,1",0,30000,0,0,0,0,0,0,0,0
211001,2,,,20001,1,11,87000,10,0,21101:24_21102:32_21103:4,"0,1,150,1,150,1,150,1,150,1,150,1,150,1,150,1,150,1,150,1,150,1,150,1,150,1,150,1,150,1,150,1,150,1,150,1,150,1,150,1,150,1,150,1,150,1,150,1,150,1,150,1,150,1,150,1,150,1,150,1,150,1,150,1,150,1,150,1,150,1,150,1,150,1,150,1,150,1,150,1,150,1,150,1,150,1,150,1,150,1,150,1,150,1,150,1,150,1,150,1,150,1,150,1,150,1,150,1,150,1,150,1,150,1,150,1,150,1,150,1",0,30000,0,0,0,0,0,0,0,0
310101,3,,,30001,1,1,0,1,31101,0:0,0,0,30000,0,0,"50,50",0,0,0,0,0
310102,3,,,30001,1,2,1000,1,0,31101:5,"0,1,500,1,500,1,500,1,500,1",0,30000,0,0,0,0,0,0,0,0
310201,3,,,30001,1,3,3500,2,0,31101:8_31102:4,"0,1,480,1,480,1,480,1,480,1,480,1,480,1,480,1,480,1,480,1,480,1,480,1",0,30000,0,0,0,0,0,0,0,0
310301,3,,,30001,1,4,9000,3,0,31101:12_31102:6,"0,1,450,1,450,1,450,1,450,1,450,1,450,1,450,1,450,1,450,1,450,1,450,1,450,1,450,1,450,1,450,1,450,1,450,1",0,30000,0,0,0,0,0,0,0,0
310401,3,,,30001,1,5,17500,4,0,31101:15_31102:8_31103:1,"0,1,420,1,420,1,420,1,420,1,420,1,420,1,420,1,420,1,420,1,420,1,420,1,420,1,420,1,420,1,420,1,420,1,420,1,420,1,420,1,420,1,420,1,420,1,420,1",0,30000,0,0,0,0,0,0,0,0
310501,3,,,30001,1,6,27900,5,0,31101:19_31102:10_31103:1,"0,1,380,1,380,1,380,1,380,1,380,1,380,1,380,1,380,1,380,1,380,1,380,1,380,1,380,1,380,1,380,1,380,1,380,1,380,1,380,1,380,1,380,1,380,1,380,1,380,1,380,1,380,1,380,1,380,1,380,1",0,30000,0,0,0,0,0,0,0,0
310601,3,,,30001,1,7,39300,6,0,31101:20_31102:14_31103:2,"0,1,340,1,340,1,340,1,340,1,340,1,340,1,340,1,340,1,340,1,340,1,340,1,340,1,340,1,340,1,340,1,340,1,340,1,340,1,340,1,340,1,340,1,340,1,340,1,340,1,340,1,340,1,340,1,340,1,340,1,340,1,340,1,340,1,340,1,340,1,340,1",0,30000,0,0,0,0,0,0,0,0
310701,3,,,30001,1,8,51600,7,0,31101:21_31102:18_31103:3,"0,1,300,1,300,1,300,1,300,1,300,1,300,1,300,1,300,1,300,1,300,1,300,1,300,1,300,1,300,1,300,1,300,1,300,1,300,1,300,1,300,1,300,1,300,1,300,1,300,1,300,1,300,1,300,1,300,1,300,1,300,1,300,1,300,1,300,1,300,1,300,1,300,1,300,1,300,1,300,1,300,1,300,1",0,30000,0,0,0,0,0,0,0,0
310801,3,,,30001,1,9,63900,8,0,31101:21_31102:24_31103:3,"0,1,250,1,250,1,250,1,250,1,250,1,250,1,250,1,250,1,250,1,250,1,250,1,250,1,250,1,250,1,250,1,250,1,250,1,250,1,250,1,250,1,250,1,250,1,250,1,250,1,250,1,250,1,250,1,250,1,250,1,250,1,250,1,250,1,250,1,250,1,250,1,250,1,250,1,250,1,250,1,250,1,250,1,250,1,250,1,250,1,250,1,250,1,250,1",0,30000,0,0,0,0,0,0,0,0
310901,3,,,30001,1,10,76200,9,0,31101:22_31102:28_31103:4,"0,1,200,1,200,1,200,1,200,1,200,1,200,1,200,1,200,1,200,1,200,1,200,1,200,1,200,1,200,1,200,1,200,1,200,1,200,1,200,1,200,1,200,1,200,1,200,1,200,1,200,1,200,1,200,1,200,1,200,1,200,1,200,1,200,1,200,1,200,1,200,1,200,1,200,1,200,1,200,1,200,1,200,1,200,1,200,1,200,1,200,1,200,1,200,1,200,1,200,1,200,1,200,1,200,1,200,1",0,30000,0,0,0,0,0,0,0,0
311001,3,,,30001,1,11,87000,10,0,31101:20_31102:36_31103:4,"0,1,150,1,150,1,150,1,150,1,150,1,150,1,150,1,150,1,150,1,150,1,150,1,150,1,150,1,150,1,150,1,150,1,150,1,150,1,150,1,150,1,150,1,150,1,150,1,150,1,150,1,150,1,150,1,150,1,150,1,150,1,150,1,150,1,150,1,150,1,150,1,150,1,150,1,150,1,150,1,150,1,150,1,150,1,150,1,150,1,150,1,150,1,150,1,150,1,150,1,150,1,150,1,150,1,150,1,150,1,150,1,150,1,150,1,150,1,150,1",0,30000,0,0,0,0,0,0,0,0
410101,4,,,40001,1,1,0,1,41101,0:0,0,0,30000,0,0,"50,50",0,0,0,0,0
410102,4,,,40001,1,2,1000,1,0,41101:5,"0,1,500,1,500,1,500,1,500,1",0,30000,0,0,0,0,0,0,0,0
410201,4,,,40001,1,3,3500,2,0,41101:8_41102:4,"0,1,480,1,480,1,480,1,480,1,480,1,480,1,480,1,480,1,480,1,480,1,480,1",0,30000,0,0,0,0,0,0,0,0
410301,4,,,40001,1,4,9000,3,0,41101:12_41102:6,"0,1,450,1,450,1,450,1,450,1,450,1,450,1,450,1,450,1,450,1,450,1,450,1,450,1,450,1,450,1,450,1,450,1,450,1",0,30000,0,0,0,0,0,0,0,0
410401,4,,,40001,1,5,17500,4,0,41101:15_41102:8_41103:1,"0,1,420,1,420,1,420,1,420,1,420,1,420,1,420,1,420,1,420,1,420,1,420,1,420,1,420,1,420,1,420,1,420,1,420,1,420,1,420,1,420,1,420,1,420,1,420,1",0,30000,0,0,0,0,0,0,0,0
410501,4,,,40001,1,6,27900,5,0,41101:19_41102:10_41103:1,"0,1,380,1,380,1,380,1,380,1,380,1,380,1,380,1,380,1,380,1,380,1,380,1,380,1,380,1,380,1,380,1,380,1,380,1,380,1,380,1,380,1,380,1,380,1,380,1,380,1,380,1,380,1,380,1,380,1,380,1",0,30000,0,0,0,0,0,0,0,0
410601,4,,,40001,1,7,39300,6,0,41101:20_41102:14_41103:2,"0,1,340,1,340,1,340,1,340,1,340,1,340,1,340,1,340,1,340,1,340,1,340,1,340,1,340,1,340,1,340,1,340,1,340,1,340,1,340,1,340,1,340,1,340,1,340,1,340,1,340,1,340,1,340,1,340,1,340,1,340,1,340,1,340,1,340,1,340,1,340,1",0,30000,0,0,0,0,0,0,0,0
410701,4,,,40001,1,8,51600,7,0,41101:21_41102:18_41103:3,"0,1,300,1,300,1,300,1,300,1,300,1,300,1,300,1,300,1,300,1,300,1,300,1,300,1,300,1,300,1,300,1,300,1,300,1,300,1,300,1,300,1,300,1,300,1,300,1,300,1,300,1,300,1,300,1,300,1,300,1,300,1,300,1,300,1,300,1,300,1,300,1,300,1,300,1,300,1,300,1,300,1,300,1",0,30000,0,0,0,0,0,0,0,0
410801,4,,,40001,1,9,63900,8,0,41101:21_41102:24_41103:3,"0,1,250,1,250,1,250,1,250,1,250,1,250,1,250,1,250,1,250,1,250,1,250,1,250,1,250,1,250,1,250,1,250,1,250,1,250,1,250,1,250,1,250,1,250,1,250,1,250,1,250,1,250,1,250,1,250,1,250,1,250,1,250,1,250,1,250,1,250,1,250,1,250,1,250,1,250,1,250,1,250,1,250,1,250,1,250,1,250,1,250,1,250,1,250,1",0,30000,0,0,0,0,0,0,0,0
410901,4,,,40001,1,10,76200,9,0,41101:22_41102:28_41103:4,"0,1,200,1,200,1,200,1,200,1,200,1,200,1,200,1,200,1,200,1,200,1,200,1,200,1,200,1,200,1,200,1,200,1,200,1,200,1,200,1,200,1,200,1,200,1,200,1,200,1,200,1,200,1,200,1,200,1,200,1,200,1,200,1,200,1,200,1,200,1,200,1,200,1,200,1,200,1,200,1,200,1,200,1,200,1,200,1,200,1,200,1,200,1,200,1,200,1,200,1,200,1,200,1,200,1,200,1",0,30000,0,0,0,0,0,0,0,0
411001,4,,,40001,1,11,87000,10,0,41101:20_41102:36_41103:4,"0,1,150,1,150,1,150,1,150,1,150,1,150,1,150,1,150,1,150,1,150,1,150,1,150,1,150,1,150,1,150,1,150,1,150,1,150,1,150,1,150,1,150,1,150,1,150,1,150,1,150,1,150,1,150,1,150,1,150,1,150,1,150,1,150,1,150,1,150,1,150,1,150,1,150,1,150,1,150,1,150,1,150,1,150,1,150,1,150,1,150,1,150,1,150,1,150,1,150,1,150,1,150,1,150,1,150,1,150,1,150,1,150,1,150,1,150,1,150,1",0,30000,0,0,0,0,0,0,0,0
510101,5,,,50001,1,1,0,1,51101,0:0,0,0,30000,0,0,"50,50",0,0,0,0,0
510102,5,,,50001,1,2,1000,1,0,51101:5,"0,1,500,1,500,1,500,1,500,1",0,30000,0,0,0,0,0,0,0,0
510201,5,,,50001,1,3,3500,2,0,51101:9_51102:3,"0,1,480,1,480,1,480,1,480,1,480,1,480,1,480,1,480,1,480,1,480,1,480,1",0,30000,0,0,0,0,0,0,0,0
510301,5,,,50001,1,4,9000,3,0,51101:12_51102:6,"0,1,450,1,450,1,450,1,450,1,450,1,450,1,450,1,450,1,450,1,450,1,450,1,450,1,450,1,450,1,450,1,450,1,450,1",0,30000,0,0,0,0,0,0,0,0
510401,5,,,50001,1,5,17500,4,0,51101:14_51102:9_51104:1,"0,1,420,1,420,1,420,1,420,1,420,1,420,1,420,1,420,1,420,1,420,1,420,1,420,1,420,1,420,1,420,1,420,1,420,1,420,1,420,1,420,1,420,1,420,1,420,1",0,30000,0,0,0,0,0,0,0,0
510501,5,,,50001,1,6,27900,5,0,51101:17_51102:12_51104:1,"0,1,380,1,380,1,380,1,380,1,380,1,380,1,380,1,380,1,380,1,380,1,380,1,380,1,380,1,380,1,380,1,380,1,380,1,380,1,380,1,380,1,380,1,380,1,380,1,380,1,380,1,380,1,380,1,380,1,380,1",0,30000,0,0,0,0,0,0,0,0
510601,5,,,50001,1,7,39300,6,0,51101:17_51102:16_51103:2_51104:1,"0,1,340,1,340,1,340,1,340,1,340,1,340,1,340,1,340,1,340,1,340,1,340,1,340,1,340,1,340,1,340,1,340,1,340,1,340,1,340,1,340,1,340,1,340,1,340,1,340,1,340,1,340,1,340,1,340,1,340,1,340,1,340,1,340,1,340,1,340,1,340,1",0,30000,0,0,0,0,0,0,0,0
510701,5,,,50001,1,8,51600,7,0,51101:17_51102:20_51103:3_51104:2,"0,1,300,1,300,1,300,1,300,1,300,1,300,1,300,1,300,1,300,1,300,1,300,1,300,1,300,1,300,1,300,1,300,1,300,1,300,1,300,1,300,1,300,1,300,1,300,1,300,1,300,1,300,1,300,1,300,1,300,1,300,1,300,1,300,1,300,1,300,1,300,1,300,1,300,1,300,1,300,1,300,1,300,1",0,30000,0,0,0,0,0,0,0,0
510801,5,,,50001,1,9,63900,8,0,51101:18_51102:25_51103:3_51104:2,"0,1,250,1,250,1,250,1,250,1,250,1,250,1,250,1,250,1,250,1,250,1,250,1,250,1,250,1,250,1,250,1,250,1,250,1,250,1,250,1,250,1,250,1,250,1,250,1,250,1,250,1,250,1,250,1,250,1,250,1,250,1,250,1,250,1,250,1,250,1,250,1,250,1,250,1,250,1,250,1,250,1,250,1,250,1,250,1,250,1,250,1,250,1,250,1",0,30000,0,0,0,0,0,0,0,0
510901,5,,,50001,1,10,76200,9,0,51101:18_51102:30_51103:4_51104:2,"0,1,200,1,200,1,200,1,200,1,200,1,200,1,200,1,200,1,200,1,200,1,200,1,200,1,200,1,200,1,200,1,200,1,200,1,200,1,200,1,200,1,200,1,200,1,200,1,200,1,200,1,200,1,200,1,200,1,200,1,200,1,200,1,200,1,200,1,200,1,200,1,200,1,200,1,200,1,200,1,200,1,200,1,200,1,200,1,200,1,200,1,200,1,200,1,200,1,200,1,200,1,200,1,200,1,200,1",0,30000,0,0,0,0,0,0,0,0
511001,5,,,50001,1,11,87000,10,0,51101:18_51102:36_51103:4_51104:2,"0,1,150,1,150,1,150,1,150,1,150,1,150,1,150,1,150,1,150,1,150,1,150,1,150,1,150,1,150,1,150,1,150,1,150,1,150,1,150,1,150,1,150,1,150,1,150,1,150,1,150,1,150,1,150,1,150,1,150,1,150,1,150,1,150,1,150,1,150,1,150,1,150,1,150,1,150,1,150,1,150,1,150,1,150,1,150,1,150,1,150,1,150,1,150,1,150,1,150,1,150,1,150,1,150,1,150,1,150,1,150,1,150,1,150,1,150,1,150,1",0,30000,0,0,0,0,0,0,0,0
610101,6,,,60001,1,1,0,1,61101,0:0,0,0,30000,0,0,"50,50",0,0,0,0,0
610102,6,,,60001,1,2,1000,1,0,61101:5,"0,1,500,1,500,1,500,1,500,1",0,30000,0,0,0,0,0,0,0,0
610201,6,,,60001,1,3,3500,2,0,61101:9_61102:3,"0,1,480,1,480,1,480,1,480,1,480,1,480,1,480,1,480,1,480,1,480,1,480,1",0,30000,0,0,0,0,0,0,0,0
610301,6,,,60001,1,4,9000,3,0,61101:12_61102:6,"0,1,450,1,450,1,450,1,450,1,450,1,450,1,450,1,450,1,450,1,450,1,450,1,450,1,450,1,450,1,450,1,450,1,450,1",0,30000,0,0,0,0,0,0,0,0
610401,6,,,60001,1,5,17500,4,0,61101:14_61102:9_61104:1,"0,1,420,1,420,1,420,1,420,1,420,1,420,1,420,1,420,1,420,1,420,1,420,1,420,1,420,1,420,1,420,1,420,1,420,1,420,1,420,1,420,1,420,1,420,1,420,1",0,30000,0,0,0,0,0,0,0,0
610501,6,,,60001,1,6,27900,5,0,61101:17_61102:12_61104:1,"0,1,380,1,380,1,380,1,380,1,380,1,380,1,380,1,380,1,380,1,380,1,380,1,380,1,380,1,380,1,380,1,380,1,380,1,380,1,380,1,380,1,380,1,380,1,380,1,380,1,380,1,380,1,380,1,380,1,380,1",0,30000,0,0,0,0,0,0,0,0
610601,6,,,60001,1,7,39300,6,0,61101:17_61102:16_61103:2_61104:1,"0,1,340,1,340,1,340,1,340,1,340,1,340,1,340,1,340,1,340,1,340,1,340,1,340,1,340,1,340,1,340,1,340,1,340,1,340,1,340,1,340,1,340,1,340,1,340,1,340,1,340,1,340,1,340,1,340,1,340,1,340,1,340,1,340,1,340,1,340,1,340,1",0,30000,0,0,0,0,0,0,0,0
610701,6,,,60001,1,8,51600,7,0,61101:17_61102:20_61103:3_61104:2,"0,1,300,1,300,1,300,1,300,1,300,1,300,1,300,1,300,1,300,1,300,1,300,1,300,1,300,1,300,1,300,1,300,1,300,1,300,1,300,1,300,1,300,1,300,1,300,1,300,1,300,1,300,1,300,1,300,1,300,1,300,1,300,1,300,1,300,1,300,1,300,1,300,1,300,1,300,1,300,1,300,1,300,1",0,30000,0,0,0,0,0,0,0,0
610801,6,,,60001,1,9,63900,8,0,61101:18_61102:25_61103:3_61104:2,"0,1,250,1,250,1,250,1,250,1,250,1,250,1,250,1,250,1,250,1,250,1,250,1,250,1,250,1,250,1,250,1,250,1,250,1,250,1,250,1,250,1,250,1,250,1,250,1,250,1,250,1,250,1,250,1,250,1,250,1,250,1,250,1,250,1,250,1,250,1,250,1,250,1,250,1,250,1,250,1,250,1,250,1,250,1,250,1,250,1,250,1,250,1,250,1",0,30000,0,0,0,0,0,0,0,0
610901,6,,,60001,1,10,76200,9,0,61101:18_61102:30_61103:4_61104:2,"0,1,200,1,200,1,200,1,200,1,200,1,200,1,200,1,200,1,200,1,200,1,200,1,200,1,200,1,200,1,200,1,200,1,200,1,200,1,200,1,200,1,200,1,200,1,200,1,200,1,200,1,200,1,200,1,200,1,200,1,200,1,200,1,200,1,200,1,200,1,200,1,200,1,200,1,200,1,200,1,200,1,200,1,200,1,200,1,200,1,200,1,200,1,200,1,200,1,200,1,200,1,200,1,200,1,200,1",0,30000,0,0,0,0,0,0,0,0
611001,6,,,60001,1,11,87000,10,0,61101:18_61102:36_61103:4_61104:2,"0,1,150,1,150,1,150,1,150,1,150,1,150,1,150,1,150,1,150,1,150,1,150,1,150,1,150,1,150,1,150,1,150,1,150,1,150,1,150,1,150,1,150,1,150,1,150,1,150,1,150,1,150,1,150,1,150,1,150,1,150,1,150,1,150,1,150,1,150,1,150,1,150,1,150,1,150,1,150,1,150,1,150,1,150,1,150,1,150,1,150,1,150,1,150,1,150,1,150,1,150,1,150,1,150,1,150,1,150,1,150,1,150,1,150,1,150,1,150,1",0,30000,0,0,0,0,0,0,0,0
620101,6,,,60002,1,1,0,1,62101,0:0,0,0,30000,0,0,"50,50",0,0,0,0,0
620102,6,,,60002,1,2,0,1,0,62101:4,"0,2,100,2",0,30000,0,0,0,0,0,0,0,0
620103,6,,,60002,1,3,1000,1,0,62101:8_62102:3,"0,1,300,1,300,1,300,1,300,1,300,1,300,1,300,1,300,1,300,1,300,1",0,30000,0,0,0,0,0,0,0,0
620201,6,,,60002,1,4,4300,2,0,62101:17_62102:6_62104:1,"0,2,550,2,550,2,550,2,550,2,550,2,550,2,550,2,550,2,550,2,550,2,550,2",0,30000,0,0,0,0,0,0,0,0
620301,6,,,60002,1,5,11000,3,0,62101:21_62102:10_62104:1,"0,2,500,2,500,2,500,2,500,2,500,2,500,2,500,2,500,2,500,2,500,2,500,2,500,2,500,2,500,2,500,2",0,30000,0,0,0,0,0,0,0,0
620401,6,,,60002,1,6,19000,4,0,62101:22_62102:15_62103:2_62104:1,"0,2,450,2,450,2,450,2,450,2,450,2,450,2,450,2,450,2,450,2,450,2,450,2,450,2,450,2,450,2,450,2,450,2,450,2,450,2,450,2",0,30000,0,0,0,0,0,0,0,0
620501,6,,,60002,1,7,28100,5,0,62101:27_62102:20_62103:2_62104:1,"0,2,400,2,400,2,400,2,400,2,400,2,400,2,400,2,400,2,400,2,400,2,400,2,400,2,400,2,400,2,400,2,400,2,400,2,400,2,400,2,400,2,400,2,400,2,400,2,400,2",0,30000,0,0,0,0,0,0,0,0
620601,6,,,60002,1,8,38100,6,0,62101:28_62102:27_62103:3_62104:2,"0,2,360,2,360,2,360,2,360,2,360,2,360,2,360,2,360,2,360,2,360,2,360,2,360,2,360,2,360,2,360,2,360,2,360,2,360,2,360,2,360,2,360,2,360,2,360,2,360,2,360,2,360,2,360,2,360,2,360,2",0,30000,0,0,0,0,0,0,0,0
620701,6,,,60002,1,9,48900,7,0,62101:31_62102:35_62103:4_62104:2,"0,2,320,2,320,2,320,2,320,2,320,2,320,2,320,2,320,2,320,2,320,2,320,2,320,2,320,2,320,2,320,2,320,2,320,2,320,2,320,2,320,2,320,2,320,2,320,2,320,2,320,2,320,2,320,2,320,2,320,2,320,2,320,2,320,2,320,2,320,2,320,2",0,30000,0,0,0,0,0,0,0,0
620801,6,,,60002,1,10,60400,8,0,62101:31_62102:45_62103:6_62104:2,"0,2,280,2,280,2,280,2,280,2,280,2,280,2,280,2,280,2,280,2,280,2,280,2,280,2,280,2,280,2,280,2,280,2,280,2,280,2,280,2,280,2,280,2,280,2,280,2,280,2,280,2,280,2,280,2,280,2,280,2,280,2,280,2,280,2,280,2,280,2,280,2,280,2,280,2,280,2,280,2,280,2,280,2",0,30000,0,0,0,0,0,0,0,0
620901,6,,,60002,1,11,72200,9,0,62101:31_62102:55_62103:8_62104:2,"0,2,240,2,240,2,240,2,240,2,240,2,240,2,240,2,240,2,240,2,240,2,240,2,240,2,240,2,240,2,240,2,240,2,240,2,240,2,240,2,240,2,240,2,240,2,240,2,240,2,240,2,240,2,240,2,240,2,240,2,240,2,240,2,240,2,240,2,240,2,240,2,240,2,240,2,240,2,240,2,240,2,240,2,240,2,240,2,240,2,240,2,240,2,240,2",0,30000,0,0,0,0,0,0,0,0
621001,6,,,60002,1,12,83700,10,0,62101:30_62102:65_62103:11_62104:2,"0,2,200,2,200,2,200,2,200,2,200,2,200,2,200,2,200,2,200,2,200,2,200,2,200,2,200,2,200,2,200,2,200,2,200,2,200,2,200,2,200,2,200,2,200,2,200,2,200,2,200,2,200,2,200,2,200,2,200,2,200,2,200,2,200,2,200,2,200,2,200,2,200,2,200,2,200,2,200,2,200,2,200,2,200,2,200,2,200,2,200,2,200,2,200,2,200,2,200,2,200,2,200,2,200,2,200,2",0,30000,0,0,0,0,0,0,0,0
710101,7,,,70001,1,1,0,1,71101,0:0,0,0,30000,0,0,"50,50",0,0,0,0,0
710102,7,,,70001,1,2,1000,1,0,71101:5,"0,1,500,1,500,1,500,1,500,1",0,30000,0,0,0,0,0,0,0,0
710201,7,,,70001,1,3,3500,2,0,71101:9_71102:3,"0,1,480,1,480,1,480,1,480,1,480,1,480,1,480,1,480,1,480,1,480,1,480,1",0,30000,0,0,0,0,0,0,0,0
710301,7,,,70001,1,4,9000,3,0,71101:12_71102:6,"0,1,450,1,450,1,450,1,450,1,450,1,450,1,450,1,450,1,450,1,450,1,450,1,450,1,450,1,450,1,450,1,450,1,450,1",0,30000,0,0,0,0,0,0,0,0
710401,7,,,70001,1,5,17500,4,0,71101:14_71102:9_71104:1,"0,1,420,1,420,1,420,1,420,1,420,1,420,1,420,1,420,1,420,1,420,1,420,1,420,1,420,1,420,1,420,1,420,1,420,1,420,1,420,1,420,1,420,1,420,1,420,1",0,30000,0,0,0,0,0,0,0,0
710501,7,,,70001,1,6,27900,5,0,71101:17_71102:12_71104:1,"0,1,380,1,380,1,380,1,380,1,380,1,380,1,380,1,380,1,380,1,380,1,380,1,380,1,380,1,380,1,380,1,380,1,380,1,380,1,380,1,380,1,380,1,380,1,380,1,380,1,380,1,380,1,380,1,380,1,380,1",0,30000,0,0,0,0,0,0,0,0
710601,7,,,70001,1,7,39300,6,0,71101:17_71102:16_71103:2_71104:1,"0,1,340,1,340,1,340,1,340,1,340,1,340,1,340,1,340,1,340,1,340,1,340,1,340,1,340,1,340,1,340,1,340,1,340,1,340,1,340,1,340,1,340,1,340,1,340,1,340,1,340,1,340,1,340,1,340,1,340,1,340,1,340,1,340,1,340,1,340,1,340,1",0,30000,0,0,0,0,0,0,0,0
710701,7,,,70001,1,8,51600,7,0,71101:17_71102:20_71103:3_71104:2,"0,1,300,1,300,1,300,1,300,1,300,1,300,1,300,1,300,1,300,1,300,1,300,1,300,1,300,1,300,1,300,1,300,1,300,1,300,1,300,1,300,1,300,1,300,1,300,1,300,1,300,1,300,1,300,1,300,1,300,1,300,1,300,1,300,1,300,1,300,1,300,1,300,1,300,1,300,1,300,1,300,1,300,1",0,30000,0,0,0,0,0,0,0,0
710801,7,,,70001,1,9,63900,8,0,71101:18_71102:25_71103:3_71104:2,"0,1,250,1,250,1,250,1,250,1,250,1,250,1,250,1,250,1,250,1,250,1,250,1,250,1,250,1,250,1,250,1,250,1,250,1,250,1,250,1,250,1,250,1,250,1,250,1,250,1,250,1,250,1,250,1,250,1,250,1,250,1,250,1,250,1,250,1,250,1,250,1,250,1,250,1,250,1,250,1,250,1,250,1,250,1,250,1,250,1,250,1,250,1,250,1",0,30000,0,0,0,0,0,0,0,0
710901,7,,,70001,1,10,76200,9,0,71101:18_71102:30_71103:4_71104:2,"0,1,200,1,200,1,200,1,200,1,200,1,200,1,200,1,200,1,200,1,200,1,200,1,200,1,200,1,200,1,200,1,200,1,200,1,200,1,200,1,200,1,200,1,200,1,200,1,200,1,200,1,200,1,200,1,200,1,200,1,200,1,200,1,200,1,200,1,200,1,200,1,200,1,200,1,200,1,200,1,200,1,200,1,200,1,200,1,200,1,200,1,200,1,200,1,200,1,200,1,200,1,200,1,200,1,200,1",0,30000,0,0,0,0,0,0,0,0
711001,7,,,70001,1,11,87000,10,0,71101:18_71102:36_71103:4_71104:2,"0,1,150,1,150,1,150,1,150,1,150,1,150,1,150,1,150,1,150,1,150,1,150,1,150,1,150,1,150,1,150,1,150,1,150,1,150,1,150,1,150,1,150,1,150,1,150,1,150,1,150,1,150,1,150,1,150,1,150,1,150,1,150,1,150,1,150,1,150,1,150,1,150,1,150,1,150,1,150,1,150,1,150,1,150,1,150,1,150,1,150,1,150,1,150,1,150,1,150,1,150,1,150,1,150,1,150,1,150,1,150,1,150,1,150,1,150,1,150,1",0,30000,0,0,0,0,0,0,0,0
720101,7,,,70002,1,1,0,1,72101,0:0,0,0,30000,0,0,"50,50",0,0,0,0,0
720102,7,,,70002,1,2,0,1,0,72101:4,"0,2,100,2",0,30000,0,0,0,0,0,0,0,0
720103,7,,,70002,1,3,1000,1,0,72101:8_72102:3,"0,1,300,1,300,1,300,1,300,1,300,1,300,1,300,1,300,1,300,1,300,1",0,30000,0,0,0,0,0,0,0,0
720201,7,,,70002,1,4,4300,2,0,72101:17_72102:6_72104:1,"0,2,550,2,550,2,550,2,550,2,550,2,550,2,550,2,550,2,550,2,550,2,550,2",0,30000,0,0,0,0,0,0,0,0
720301,7,,,70002,1,5,11000,3,0,72101:21_72102:10_72104:1,"0,2,500,2,500,2,500,2,500,2,500,2,500,2,500,2,500,2,500,2,500,2,500,2,500,2,500,2,500,2,500,2",0,30000,0,0,0,0,0,0,0,0
720401,7,,,70002,1,6,19000,4,0,72101:22_72102:15_72103:2_72104:1,"0,2,450,2,450,2,450,2,450,2,450,2,450,2,450,2,450,2,450,2,450,2,450,2,450,2,450,2,450,2,450,2,450,2,450,2,450,2,450,2",0,30000,0,0,0,0,0,0,0,0
720501,7,,,70002,1,7,28100,5,0,72101:27_72102:20_72103:2_72104:1,"0,2,400,2,400,2,400,2,400,2,400,2,400,2,400,2,400,2,400,2,400,2,400,2,400,2,400,2,400,2,400,2,400,2,400,2,400,2,400,2,400,2,400,2,400,2,400,2,400,2",0,30000,0,0,0,0,0,0,0,0
720601,7,,,70002,1,8,38100,6,0,72101:28_72102:27_72103:3_72104:2,"0,2,360,2,360,2,360,2,360,2,360,2,360,2,360,2,360,2,360,2,360,2,360,2,360,2,360,2,360,2,360,2,360,2,360,2,360,2,360,2,360,2,360,2,360,2,360,2,360,2,360,2,360,2,360,2,360,2,360,2",0,30000,0,0,0,0,0,0,0,0
720701,7,,,70002,1,9,48900,7,0,72101:31_72102:35_72103:4_72104:2,"0,2,320,2,320,2,320,2,320,2,320,2,320,2,320,2,320,2,320,2,320,2,320,2,320,2,320,2,320,2,320,2,320,2,320,2,320,2,320,2,320,2,320,2,320,2,320,2,320,2,320,2,320,2,320,2,320,2,320,2,320,2,320,2,320,2,320,2,320,2,320,2",0,30000,0,0,0,0,0,0,0,0
720801,7,,,70002,1,10,60400,8,0,72101:31_72102:45_72103:6_72104:2,"0,2,280,2,280,2,280,2,280,2,280,2,280,2,280,2,280,2,280,2,280,2,280,2,280,2,280,2,280,2,280,2,280,2,280,2,280,2,280,2,280,2,280,2,280,2,280,2,280,2,280,2,280,2,280,2,280,2,280,2,280,2,280,2,280,2,280,2,280,2,280,2,280,2,280,2,280,2,280,2,280,2,280,2",0,30000,0,0,0,0,0,0,0,0
720901,7,,,70002,1,11,72200,9,0,72101:31_72102:55_72103:8_72104:2,"0,2,240,2,240,2,240,2,240,2,240,2,240,2,240,2,240,2,240,2,240,2,240,2,240,2,240,2,240,2,240,2,240,2,240,2,240,2,240,2,240,2,240,2,240,2,240,2,240,2,240,2,240,2,240,2,240,2,240,2,240,2,240,2,240,2,240,2,240,2,240,2,240,2,240,2,240,2,240,2,240,2,240,2,240,2,240,2,240,2,240,2,240,2,240,2",0,30000,0,0,0,0,0,0,0,0
721001,7,,,70002,1,12,83700,10,0,72101:30_72102:65_72103:11_72104:2,"0,2,200,2,200,2,200,2,200,2,200,2,200,2,200,2,200,2,200,2,200,2,200,2,200,2,200,2,200,2,200,2,200,2,200,2,200,2,200,2,200,2,200,2,200,2,200,2,200,2,200,2,200,2,200,2,200,2,200,2,200,2,200,2,200,2,200,2,200,2,200,2,200,2,200,2,200,2,200,2,200,2,200,2,200,2,200,2,200,2,200,2,200,2,200,2,200,2,200,2,200,2,200,2,200,2,200,2",0,30000,0,0,0,0,0,0,0,0
730101,7,,,70003,1,1,0,1,73105,0:0,0,0,30000,0,0,"50,70",0,0,0,1,180
730102,7,,,70003,1,2,10000,1,0,73101:8_73102:16_73103:2,"0,2,1200,2,1200,2,1200,2,1200,2,1200,2,1200,2,1200,2,1200,2,1200,2,1200,2,1200,2,1200,2",0,30000,0,0,0,0,0,0,0,0
1110101,11,,,110001,1,1,0,1,0,121101:2,"0,2",300,30000,0,0,0,0,0,0,0,0
1110102,11,,,110001,1,2,1000,1,0,121101:2,"0,2",300,30000,0,0,0,0,0,0,0,0
1110103,11,,,110001,1,3,2000,1,0,121101:2,"0,2",300,30000,0,0,0,0,0,0,0,0
1120101,11,,,110002,1,1,0,1,0,121101:2,"0,2",900,30000,0,0,0,0,0,0,0,0
1120102,11,,,110002,1,2,1000,1,0,121101:2,"0,2",900,30000,0,0,0,0,0,0,0,0
1120103,11,,,110002,1,3,2000,1,0,121101:2,"0,2",900,30000,0,0,0,0,0,0,0,0
1130101,11,,,110003,1,1,0,1,0,121101:2,"0,2",3000,30000,0,0,0,0,0,0,0,0
1130102,11,,,110003,1,2,1000,1,0,121101:2,"0,2",3000,30000,0,0,0,0,0,0,0,0
1130103,11,,,110003,1,3,2000,1,0,121101:2,"0,2",3000,30000,0,0,0,0,0,0,0,0
1140101,11,,,110004,1,1,0,1,0,121101:2,"0,2",12000,30000,0,0,0,0,0,0,0,0
1140102,11,,,110004,1,2,1000,1,0,121101:2,"0,2",12000,30000,0,0,0,0,0,0,0,0
1140103,11,,,110004,1,3,2000,1,0,121101:2,"0,2",12000,30000,0,0,0,0,0,0,0,0
1150101,11,,,110005,1,1,0,1,0,121101:2,"0,2",0,30000,0,0,0,0,0,0,0,0
1150102,11,,,110005,1,2,1000,1,0,121101:2,"0,2",0,30000,0,0,0,0,0,0,0,0
1150103,11,,,110005,1,3,2000,1,0,121101:2,"0,2",0,30000,0,0,0,0,0,0,0,0
1210101,12,,,120001,1,1,0,1,121101,0:0,0,0,30000,0,0,"50,55",0,0,0,0,0
1210102,12,,,120001,1,2,1000,1,"121101,121101",0:0,0,0,30000,0,0,0,"65,60,1500",0,0,0,0
1210201,12,,,120001,1,3,2000,2,0,121101:10,"0,2,1000,2,1000,2,1000,2,1000,2",0,30000,0,0,0,0,0,0,0,0
1210301,12,,,120001,1,4,7000,3,0,121101:12_121105:5,"0,2,1000,2,1000,2,1000,2,1000,2,1000,2,1000,2,1000,3",0,30000,0,0,0,0,0,0,0,0
1210401,12,,,120001,1,5,15000,4,0,121101:18_121105:10_121102:1,"0,2,1000,3,1000,3,1000,3,1000,3,1000,3,1000,3,1000,3,1000,3,1000,3",0,30000,0,0,0,0,0,0,0,0
1210501,12,,,120001,1,6,25000,5,0,121101:25_121105:21_121102:4,"0,4,1000,4,1000,4,1000,4,1000,4,1000,5,1000,5,1000,5,1000,5,1000,5,1000,5",0,30000,0,0,0,0,0,0,0,0
1210601,12,,,120001,1,7,36000,6,0,121101:34_121105:30_121102:6,"0,5,1000,5,1000,5,1000,5,1000,6,1000,6,1000,6,1000,6,1000,6,1000,6,1000,7,1000,7",0,30000,0,0,0,0,0,0,0,0
1210701,12,,,120001,1,8,48000,7,0,121101:60_121105:65_121102:12,"0,9,1000,9,1000,9,1000,9,1000,9,1000,9,1000,9,1000,10,1000,10,1000,10,1000,10,1000,12,1000,12",0,30000,0,0,0,0,0,0,0,0
1210801,12,,,120001,1,9,61000,8,0,121101:65_121105:70_121102:15,"0,10,1000,10,1000,10,1000,10,1000,10,1000,10,1000,10,1000,11,1000,11,1000,11,1000,11,1000,13,1000,13",0,30000,0,0,0,0,0,0,0,0
1210901,12,,,120001,1,10,75000,9,0,121101:90_121105:113_121102:29,"0,14,1000,14,1000,14,1000,14,1000,14,1000,14,1000,14,1000,14,1000,14,1000,14,1000,15,1000,15,1000,15,1000,15,1000,16,1000,16",0,30000,0,0,0,0,0,0,0,0
1211001,12,,,120001,1,11,91000,10,121113,0:0,0,0,30000,0,0,"95,95",0,0,0,1,0
1211002,12,,,120001,1,12,94000,10,0,121101:6_121105:12_121102:2,"0,3,1500,3,1500,3,1500,3,2000,4,2000,4",0,30000,0,0,0,0,0,0,0,0
2110101,21,,,210001,1,1,0,1,"9999101,9999102,9999103,9999104",0:0,0,0,30000,0,0,"75,25,25,25,25,75,75,75",0,0,0,0,0
2110102,21,,,210001,1,2,0,1,0,9999101:4_9999102:4,"0,8",0,30000,0,0,0,0,0,0,0,0
3010101,30,,,300001,1,1,0,1,301101,0:0,0,0,30000,0,0,"57,59",0,0,0,0,0
3010201,30,,,300001,1,2,1000,2,0,301101:9,"0,1,800,1,800,1,800,1,800,1,800,1,800,1,800,1,800,1",0,30000,0,0,0,0,0,0,0,0
3010301,30,,,300001,1,3,8200,3,0,301101:20_301105:6,"0,1,700,1,700,1,700,1,700,1,700,1,700,1,700,1,700,1,700,1,700,1,700,1,700,1,700,1,700,1,700,1,700,1,700,1,700,1,700,1,700,1,700,1,700,1,700,1,700,1,700,1",0,30000,0,0,0,0,0,0,0,0
3010401,30,,,300001,1,4,26400,4,0,301101:15_301105:9,"0,1,600,1,600,1,600,1,600,1,600,1,600,1,600,1,600,1,600,1,600,1,600,1,600,1,600,1,600,1,600,1,600,1,600,1,600,1,600,1,600,1,600,1,600,1,600,1",0,30000,0,0,0,0,0,0,0,0
3010501,30,,,300001,1,5,40800,5,0,301101:17_301105:12_301102:1,"0,1,500,1,500,1,500,1,500,1,500,1,500,1,500,1,500,1,500,1,500,1,500,1,500,1,500,1,500,1,500,1,500,1,500,1,500,1,500,1,500,1,500,1,500,1,500,1,500,1,500,1,500,1,500,1,500,1,500,1",0,30000,0,0,0,0,0,0,0,0
3010601,30,,,300001,1,6,55800,6,0,301101:19_301105:16_301102:1,"0,1,450,1,450,1,450,1,450,1,450,1,450,1,450,1,450,1,450,1,450,1,450,1,450,1,450,1,450,1,450,1,450,1,450,1,450,1,450,1,450,1,450,1,450,1,450,1,450,1,450,1,450,1,450,1,450,1,450,1,450,1,450,1,450,1,450,1,450,1,450,1",0,30000,0,0,0,0,0,0,0,0
3010701,30,,,300001,1,7,72100,7,0,301101:21_301105:19_301102:2,"0,1,400,1,400,1,400,1,400,1,400,1,400,1,400,1,400,1,400,1,400,1,400,1,400,1,400,1,400,1,400,1,400,1,400,1,400,1,400,1,400,1,400,1,400,1,400,1,400,1,400,1,400,1,400,1,400,1,400,1,400,1,400,1,400,1,400,1,400,1,400,1,400,1,400,1,400,1,400,1,400,1,400,1",0,30000,0,0,0,0,0,0,0,0
3010801,30,,,300001,1,8,88900,8,0,301101:23_301105:22_301102:3,"0,1,350,1,350,1,350,1,350,1,350,1,350,1,350,1,350,1,350,1,350,1,350,1,350,1,350,1,350,1,350,1,350,1,350,1,350,1,350,1,350,1,350,1,350,1,350,1,350,1,350,1,350,1,350,1,350,1,350,1,350,1,350,1,350,1,350,1,350,1,350,1,350,1,350,1,350,1,350,1,350,1,350,1,350,1,350,1,350,1,350,1,350,1,350,1",0,30000,0,0,0,0,0,0,0,0
3010901,30,,,300001,1,9,105800,9,0,301101:22_301105:28_301102:4,"0,1,300,1,300,1,300,1,300,1,300,1,300,1,300,1,300,1,300,1,300,1,300,1,300,1,300,1,300,1,300,1,300,1,300,1,300,1,300,1,300,1,300,1,300,1,300,1,300,1,300,1,300,1,300,1,300,1,300,1,300,1,300,1,300,1,300,1,300,1,300,1,300,1,300,1,300,1,300,1,300,1,300,1,300,1,300,1,300,1,300,1,300,1,300,1,300,1,300,1,300,1,300,1,300,1,300,1",0,30000,0,0,0,0,0,0,0,0
3011001,30,,,300001,1,10,122000,10,0,301101:22_301105:33_301102:5,"0,1,300,1,300,1,300,1,300,1,300,1,300,1,300,1,300,1,300,1,300,1,300,1,300,1,300,1,300,1,300,1,300,1,300,1,300,1,300,1,300,1,300,1,300,1,300,1,300,1,300,1,300,1,300,1,300,1,300,1,300,1,300,1,300,1,300,1,300,1,300,1,300,1,300,1,300,1,300,1,300,1,300,1,300,1,300,1,300,1,300,1,300,1,300,1,300,1,300,1,300,1,300,1,300,1,300,1,300,1,300,1,300,1,300,1,300,1,300,1",0,30000,0,0,0,0,0,0,0,0
3020101,30,,,300002,1,1,0,1,302101,0:0,0,0,30000,0,0,"49,64",0,0,0,0,0
3020102,30,,,300002,1,2,0,1,"302101,302101,302101,302101",0:0,0,0,30000,0,0,0,"49,64,4000",0,0,0,0
3020103,30,,,300002,1,3,1000,1,0,302101:9_302105:2,"0,1,400,1,400,1,400,1,400,1,400,1,400,1,400,1,400,1,400,1,400,1",0,30000,0,0,0,0,0,0,0,0
3020201,30,,,300002,1,4,5400,2,0,302101:17_302105:6_302104:1,"0,2,700,2,700,2,700,2,700,2,700,2,700,2,700,2,700,2,700,2,700,2,700,2",0,30000,0,0,0,0,0,0,0,0
3020301,30,,,300002,1,5,13800,3,0,302101:22_302105:9_302104:1,"0,2,680,2,680,2,680,2,680,2,680,2,680,2,680,2,680,2,680,2,680,2,680,2,680,2,680,2,680,2,680,2",0,30000,0,0,0,0,0,0,0,0
3020401,30,,,300002,1,6,24700,4,0,302101:26_302105:12_302102:1_302104:1,"0,2,660,2,660,2,660,2,660,2,660,2,660,2,660,2,660,2,660,2,660,2,660,2,660,2,660,2,660,2,660,2,660,2,660,2,660,2,660,2",0,30000,0,0,0,0,0,0,0,0
3020501,30,,,300002,1,7,37900,5,0,302101:30_302105:17_302102:2_302104:1,"0,2,640,2,640,2,640,2,640,2,640,2,640,2,640,2,640,2,640,2,640,2,640,2,640,2,640,2,640,2,640,2,640,2,640,2,640,2,640,2,640,2,640,2,640,2,640,2,640,2",0,30000,0,0,0,0,0,0,0,0
3020601,30,,,300002,1,8,53900,6,0,302101:30_302105:25_302102:3_302104:2,"0,2,620,2,620,2,620,2,620,2,620,2,620,2,620,2,620,2,620,2,620,2,620,2,620,2,620,2,620,2,620,2,620,2,620,2,620,2,620,2,620,2,620,2,620,2,620,2,620,2,620,2,620,2,620,2,620,2,620,2",0,30000,0,0,0,0,0,0,0,0
3020701,30,,,300002,1,9,72500,7,0,302101:32_302105:34_302102:4_302104:2,"0,2,600,2,600,2,600,2,600,2,600,2,600,2,600,2,600,2,600,2,600,2,600,2,600,2,600,2,600,2,600,2,600,2,600,2,600,2,600,2,600,2,600,2,600,2,600,2,600,2,600,2,600,2,600,2,600,2,600,2,600,2,600,2,600,2,600,2,600,2,600,2",0,30000,0,0,0,0,0,0,0,0
3020801,30,,,300002,1,10,94100,8,0,302101:33_302105:43_302102:6_302104:2,"0,2,600,2,600,2,600,2,600,2,600,2,600,2,600,2,600,2,600,2,600,2,600,2,600,2,600,2,600,2,600,2,600,2,600,2,600,2,600,2,600,2,600,2,600,2,600,2,600,2,600,2,600,2,600,2,600,2,600,2,600,2,600,2,600,2,600,2,600,2,600,2,600,2,600,2,600,2,600,2,600,2,600,2",0,30000,0,0,0,0,0,0,0,0
3020901,30,,,300002,1,11,119300,9,0,302101:34_302105:52_302102:8_302104:2,"0,2,600,2,600,2,600,2,600,2,600,2,600,2,600,2,600,2,600,2,600,2,600,2,600,2,600,2,600,2,600,2,600,2,600,2,600,2,600,2,600,2,600,2,600,2,600,2,600,2,600,2,600,2,600,2,600,2,600,2,600,2,600,2,600,2,600,2,600,2,600,2,600,2,600,2,600,2,600,2,600,2,600,2,600,2,600,2,600,2,600,2,600,2,600,2",0,30000,0,0,0,0,0,0,0,0
3021001,30,,,300002,1,12,148100,10,0,302101:36_302105:59_302102:11_302104:2,"0,2,600,2,600,2,600,2,600,2,600,2,600,2,600,2,600,2,600,2,600,2,600,2,600,2,600,2,600,2,600,2,600,2,600,2,600,2,600,2,600,2,600,2,600,2,600,2,600,2,600,2,600,2,600,2,600,2,600,2,600,2,600,2,600,2,600,2,600,2,600,2,600,2,600,2,600,2,600,2,600,2,600,2,600,2,600,2,600,2,600,2,600,2,600,2,600,2,600,2,600,2,600,2,600,2,600,2",0,30000,0,0,0,0,0,0,0,0
3030101,30,,,300003,1,1,0,1,303115,0:0,0,0,30000,0,0,"50,98",0,0,0,1,180
3030102,30,,,300003,1,2,10000,1,0,303101:8_303105:16_303102:2,"0,2,1200,2,1200,2,1200,2,1200,2,1200,2,1200,2,1200,2,1200,2,1200,2,1200,2,1200,2,1200,2",0,30000,0,0,0,0,0,0,0,0
3110101,31,,,300001,1,1,0,1,301101,0:0,0,0,30000,0,0,"57,59",0,0,0,0,0
3110201,31,,,300001,1,2,1000,2,0,301101:9,"0,1,800,1,800,1,800,1,800,1,800,1,800,1,800,1,800,1",0,30000,0,0,0,0,0,0,0,0
3110311,31,,,300001,1,3,7800,3,0,301101:22_301105:7,"0,1,600,1,600,1,600,1,600,1,600,1,600,1,600,1,600,1,600,1,600,1,600,1,600,1,600,1,600,1,600,1,600,1,600,1,600,1,600,1,600,1,600,1,600,1,600,1,600,1,600,1,600,1,600,1,600,1",0,30000,0,0,0,0,0,0,0,0
3110401,31,,,300001,1,4,25400,4,0,301101:25_301105:10,"0,1,450,1,450,1,450,1,450,1,450,1,450,1,450,1,450,1,450,1,450,1,450,1,450,1,450,1,450,1,450,1,450,1,450,1,450,1,450,1,450,1,450,1,450,1,450,1,450,1,450,1,450,1,450,1,450,1,450,1,450,1,450,1,450,1,450,1,450,1",0,30000,0,0,0,0,0,0,0,0
3110501,31,,,300001,1,5,40900,5,0,301101:25_301105:13_301102:2,"0,1,330,1,330,1,330,1,330,1,330,1,330,1,330,1,330,1,330,1,330,1,330,1,330,1,330,1,330,1,330,1,330,1,330,1,330,1,330,1,330,1,330,1,330,1,330,1,330,1,330,1,330,1,330,1,330,1,330,1,330,1,330,1,330,1,330,1,330,1,330,1,330,1,330,1,330,1,330,1",0,30000,0,0,0,0,0,0,0,0
3110601,31,,,300001,1,6,54200,6,0,301101:25_301105:21_301102:4,"0,1,255,1,255,1,255,1,255,1,255,1,255,1,255,1,255,1,255,1,255,1,255,1,255,1,255,1,255,1,255,1,255,1,255,1,255,1,255,1,255,1,255,1,255,1,255,1,255,1,255,1,255,1,255,1,255,1,255,1,255,1,255,1,255,1,255,1,255,1,255,1,255,1,255,1,255,1,255,1,255,1,255,1,255,1,255,1,255,1,255,1,255,1,255,1,255,1,255,1",0,30000,0,0,0,0,0,0,0,0
3110701,31,,,300001,1,7,66500,7,0,301101:30_301105:24_301102:6,"0,1,225,1,225,1,225,1,225,1,225,1,225,1,225,1,225,1,225,1,225,1,225,1,225,1,225,1,225,1,225,1,225,1,225,1,225,1,225,1,225,1,225,1,225,1,225,1,225,1,225,1,225,1,225,1,225,1,225,1,225,1,225,1,225,1,225,1,225,1,225,1,225,1,225,1,225,1,225,1,225,1,225,1,225,1,225,1,225,1,225,1,225,1,225,1,225,1,225,1,225,1,225,1,225,1,225,1,225,1,225,1,225,1,225,1,225,1,225,1",0,30000,0,0,0,0,0,0,0,0
3110801,31,,,300001,1,8,79700,8,0,301101:23_301105:39_301102:8,"0,1,188,1,188,1,188,1,188,1,188,1,188,1,188,1,188,1,188,1,188,1,188,1,188,1,188,1,188,1,188,1,188,1,188,1,188,1,188,1,188,1,188,1,188,1,188,1,188,1,188,1,188,1,188,1,188,1,188,1,188,1,188,1,188,1,188,1,188,1,188,1,188,1,188,1,188,1,188,1,188,1,188,1,188,1,188,1,188,1,188,1,188,1,188,1,188,1,188,1,188,1,188,1,188,1,188,1,188,1,188,1,188,1,188,1,188,1,188,1,188,1,188,1,188,1,188,1,188,1,188,1,188,1,188,1,188,1,188,1",0,30000,0,0,0,0,0,0,0,0
3110901,31,,,300001,1,9,92900,9,0,301101:19_301105:49_301102:12,"0,1,165,1,165,1,165,1,165,1,165,1,165,1,165,1,165,1,165,1,165,1,165,1,165,1,165,1,165,1,165,1,165,1,165,1,165,1,165,1,165,1,165,1,165,1,165,1,165,1,165,1,165,1,165,1,165,1,165,1,165,1,165,1,165,1,165,1,165,1,165,1,165,1,165,1,165,1,165,1,165,1,165,1,165,1,165,1,165,1,165,1,165,1,165,1,165,1,165,1,165,1,165,1,165,1,165,1,165,1,165,1,165,1,165,1,165,1,165,1,165,1,165,1,165,1,165,1,165,1,165,1,165,1,165,1,165,1,165,1,165,1,165,1,165,1,165,1,165,1,165,1,165,1,165,1,165,1,165,1",0,30000,0,0,0,0,0,0,0,0
3111001,31,,,300001,1,10,106100,10,0,301101:19_301105:63_301102:18,"0,1,152,1,152,1,152,1,152,1,152,1,152,1,152,1,152,1,152,1,152,1,152,1,152,1,152,1,152,1,152,1,152,1,152,1,152,1,152,1,152,1,152,1,152,1,152,1,152,1,152,1,152,1,152,1,152,1,152,1,152,1,152,1,152,1,152,1,152,1,152,1,152,1,152,1,152,1,152,1,152,1,152,1,152,1,152,1,152,1,152,1,152,1,152,1,152,1,152,1,152,1,152,1,152,1,152,1,152,1,152,1,152,1,152,1,152,1,152,1,152,1,152,1,152,1,152,1,152,1,152,1,152,1,152,1,152,1,152,1,152,1,152,1,152,1,152,1,152,1,152,1,152,1,152,1,152,1,152,1,152,1,152,1,152,1,152,1,152,1,152,1,152,1,152,1,152,1,152,1,152,1,152,1,152,1,152,1,152,1,152,1,152,1,152,1,152,1,152,1",0,30000,0,0,0,0,0,0,0,0
3120101,31,,,300002,1,1,0,1,302101,0:0,0,0,30000,0,0,"49,64",0,0,0,0,0
3120102,31,,,300002,1,2,0,1,"302101,302101,302101,302101",0:0,0,0,30000,0,0,0,"49,64,4000",0,0,0,0
3120103,31,,,300002,1,3,1000,1,0,302101:13_302105:2,"0,1,250,1,250,1,250,1,250,1,250,1,250,1,250,1,250,1,250,1,250,1,250,1,250,1,250,1,250,1",0,30000,0,0,0,0,0,0,0,0
3120201,31,,,300002,1,4,5300,2,0,302101:22_302105:8,"0,2,440,2,440,2,440,2,440,2,440,2,440,2,440,2,440,2,440,2,440,2,440,2,440,2,440,2,440,2",0,30000,0,0,0,0,0,0,0,0
3120311,31,,,300002,1,5,11700,3,0,302101:28_302105:12,"0,2,420,2,420,2,420,2,420,2,420,2,420,2,420,2,420,2,420,2,420,2,420,2,420,2,420,2,420,2,420,2,420,2,420,2,420,2,420,2",0,30000,0,0,0,0,0,0,0,0
3120401,31,,,300002,1,6,20100,4,0,302101:30_302105:18_302102:2,"0,2,400,2,400,2,400,2,400,2,400,2,400,2,400,2,400,2,400,2,400,2,400,2,400,2,400,2,400,2,400,2,400,2,400,2,400,2,400,2,400,2,400,2,400,2,400,2,400,2",0,30000,0,0,0,0,0,0,0,0
3120501,31,,,300002,1,7,30500,5,0,302101:30_302105:26_302102:4,"0,2,380,2,380,2,380,2,380,2,380,2,380,2,380,2,380,2,380,2,380,2,380,2,380,2,380,2,380,2,380,2,380,2,380,2,380,2,380,2,380,2,380,2,380,2,380,2,380,2,380,2,380,2,380,2,380,2,380,2",0,30000,0,0,0,0,0,0,0,0
3120601,31,,,300002,1,8,41900,6,0,302101:24_302105:44_302102:6,"0,2,360,2,360,2,360,2,360,2,360,2,360,2,360,2,360,2,360,2,360,2,360,2,360,2,360,2,360,2,360,2,360,2,360,2,360,2,360,2,360,2,360,2,360,2,360,2,360,2,360,2,360,2,360,2,360,2,360,2,360,2,360,2,360,2,360,2,360,2,360,2,360,2",0,30000,0,0,0,0,0,0,0,0
3120701,31,,,300002,1,9,55300,7,0,302101:25_302105:57_302102:8,"0,2,340,2,340,2,340,2,340,2,340,2,340,2,340,2,340,2,340,2,340,2,340,2,340,2,340,2,340,2,340,2,340,2,340,2,340,2,340,2,340,2,340,2,340,2,340,2,340,2,340,2,340,2,340,2,340,2,340,2,340,2,340,2,340,2,340,2,340,2,340,2,340,2,340,2,340,2,340,2,340,2,340,2,340,2,340,2,340,2",0,30000,0,0,0,0,0,0,0,0
3120801,31,,,300002,1,10,70600,8,0,302101:25_302105:69_302102:12,"0,2,320,2,320,2,320,2,320,2,320,2,320,2,320,2,320,2,320,2,320,2,320,2,320,2,320,2,320,2,320,2,320,2,320,2,320,2,320,2,320,2,320,2,320,2,320,2,320,2,320,2,320,2,320,2,320,2,320,2,320,2,320,2,320,2,320,2,320,2,320,2,320,2,320,2,320,2,320,2,320,2,320,2,320,2,320,2,320,2,320,2,320,2,320,2,320,2,320,2,320,2,320,2,320,2",0,30000,0,0,0,0,0,0,0,0
3120901,31,,,300002,1,11,87900,9,0,302101:20_302105:84_302102:16,"0,2,300,2,300,2,300,2,300,2,300,2,300,2,300,2,300,2,300,2,300,2,300,2,300,2,300,2,300,2,300,2,300,2,300,2,300,2,300,2,300,2,300,2,300,2,300,2,300,2,300,2,300,2,300,2,300,2,300,2,300,2,300,2,300,2,300,2,300,2,300,2,300,2,300,2,300,2,300,2,300,2,300,2,300,2,300,2,300,2,300,2,300,2,300,2,300,2,300,2,300,2,300,2,300,2,300,2,300,2,300,2,300,2,300,2,300,2,300,2",0,30000,0,0,0,0,0,0,0,0
3121001,31,,,300002,1,12,106200,10,0,302101:15_302105:96_302102:24,"0,3,420,3,420,3,420,3,420,3,420,3,420,3,420,3,420,3,420,3,420,3,420,3,420,3,420,3,420,3,420,3,420,3,420,3,420,3,420,3,420,3,420,3,420,3,420,3,420,3,420,3,420,3,420,3,420,3,420,3,420,3,420,3,420,3,420,3,420,3,420,3,420,3,420,3,420,3,420,3,420,3,420,3,420,3,420,3,420,3",0,30000,0,0,0,0,0,0,0,0
3131101,31,,,300003,1,1,0,1,303101,0:0,0,0,30000,0,0,"64,52",0,0,0,0,0
3131102,31,,,300003,1,2,0,1,0,303101:9_303105:23_303102:2,"0,2,400,2,400,2,400,2,400,2,400,2,400,2,400,2,400,2,400,2,400,2,400,2,400,2,400,2,400,2,400,2,400,2",0,30000,0,0,0,0,0,0,0,0
3131103,31,,,300003,1,3,7000,1,303115,0:0,0,0,30000,0,0,"50,50",0,0,0,0,180
3131104,31,,,300003,1,4,8500,1,0,303101:14_303105:46_303102:4,"0,2,300,2,300,2,300,2,300,2,300,2,300,2,300,2,300,2,300,2,300,2,300,2,300,2,300,2,300,2,300,2,300,2,300,2,300,2,300,2,300,2,300,2,300,2,300,2,300,2,300,2,300,2,300,2,300,2,300,2,300,2,300,2",0,30000,0,0,0,0,0,0,0,0
3210101,32,,,300001,1,1,0,1,301101,0:0,0,0,30000,0,0,"57,59",0,0,0,0,0
3210201,32,,,300001,1,2,1000,2,0,301101:9,"0,1,800,1,800,1,800,1,800,1,800,1,800,1,800,1,800,1",0,30000,0,0,0,0,0,0,0,0
3210321,32,,,300001,1,3,7800,3,0,301101:22_301105:7,"0,1,600,1,600,1,600,1,600,1,600,1,600,1,600,1,600,1,600,1,600,1,600,1,600,1,600,1,600,1,600,1,600,1,600,1,600,1,600,1,600,1,600,1,600,1,600,1,600,1,600,1,600,1,600,1,600,1",0,30000,0,0,0,0,0,0,0,0
3210401,32,,,300001,1,4,25400,4,0,301101:25_301105:10,"0,1,450,1,450,1,450,1,450,1,450,1,450,1,450,1,450,1,450,1,450,1,450,1,450,1,450,1,450,1,450,1,450,1,450,1,450,1,450,1,450,1,450,1,450,1,450,1,450,1,450,1,450,1,450,1,450,1,450,1,450,1,450,1,450,1,450,1,450,1",0,30000,0,0,0,0,0,0,0,0
3210501,32,,,300001,1,5,40900,5,0,301101:25_301105:13_301102:2,"0,1,330,1,330,1,330,1,330,1,330,1,330,1,330,1,330,1,330,1,330,1,330,1,330,1,330,1,330,1,330,1,330,1,330,1,330,1,330,1,330,1,330,1,330,1,330,1,330,1,330,1,330,1,330,1,330,1,330,1,330,1,330,1,330,1,330,1,330,1,330,1,330,1,330,1,330,1,330,1",0,30000,0,0,0,0,0,0,0,0
3210601,32,,,300001,1,6,54200,6,0,301101:25_301105:21_301102:4,"0,1,255,1,255,1,255,1,255,1,255,1,255,1,255,1,255,1,255,1,255,1,255,1,255,1,255,1,255,1,255,1,255,1,255,1,255,1,255,1,255,1,255,1,255,1,255,1,255,1,255,1,255,1,255,1,255,1,255,1,255,1,255,1,255,1,255,1,255,1,255,1,255,1,255,1,255,1,255,1,255,1,255,1,255,1,255,1,255,1,255,1,255,1,255,1,255,1,255,1",0,30000,0,0,0,0,0,0,0,0
3210701,32,,,300001,1,7,66500,7,0,301101:30_301105:24_301102:6,"0,1,225,1,225,1,225,1,225,1,225,1,225,1,225,1,225,1,225,1,225,1,225,1,225,1,225,1,225,1,225,1,225,1,225,1,225,1,225,1,225,1,225,1,225,1,225,1,225,1,225,1,225,1,225,1,225,1,225,1,225,1,225,1,225,1,225,1,225,1,225,1,225,1,225,1,225,1,225,1,225,1,225,1,225,1,225,1,225,1,225,1,225,1,225,1,225,1,225,1,225,1,225,1,225,1,225,1,225,1,225,1,225,1,225,1,225,1,225,1",0,30000,0,0,0,0,0,0,0,0
3210801,32,,,300001,1,8,79700,8,0,301101:23_301105:39_301102:8,"0,1,188,1,188,1,188,1,188,1,188,1,188,1,188,1,188,1,188,1,188,1,188,1,188,1,188,1,188,1,188,1,188,1,188,1,188,1,188,1,188,1,188,1,188,1,188,1,188,1,188,1,188,1,188,1,188,1,188,1,188,1,188,1,188,1,188,1,188,1,188,1,188,1,188,1,188,1,188,1,188,1,188,1,188,1,188,1,188,1,188,1,188,1,188,1,188,1,188,1,188,1,188,1,188,1,188,1,188,1,188,1,188,1,188,1,188,1,188,1,188,1,188,1,188,1,188,1,188,1,188,1,188,1,188,1,188,1,188,1",0,30000,0,0,0,0,0,0,0,0
3210901,32,,,300001,1,9,92900,9,0,301101:19_301105:49_301102:12,"0,1,165,1,165,1,165,1,165,1,165,1,165,1,165,1,165,1,165,1,165,1,165,1,165,1,165,1,165,1,165,1,165,1,165,1,165,1,165,1,165,1,165,1,165,1,165,1,165,1,165,1,165,1,165,1,165,1,165,1,165,1,165,1,165,1,165,1,165,1,165,1,165,1,165,1,165,1,165,1,165,1,165,1,165,1,165,1,165,1,165,1,165,1,165,1,165,1,165,1,165,1,165,1,165,1,165,1,165,1,165,1,165,1,165,1,165,1,165,1,165,1,165,1,165,1,165,1,165,1,165,1,165,1,165,1,165,1,165,1,165,1,165,1,165,1,165,1,165,1,165,1,165,1,165,1,165,1,165,1",0,30000,0,0,0,0,0,0,0,0
3211001,32,,,300001,1,10,106100,10,0,301101:19_301105:63_301102:18,"0,1,152,1,152,1,152,1,152,1,152,1,152,1,152,1,152,1,152,1,152,1,152,1,152,1,152,1,152,1,152,1,152,1,152,1,152,1,152,1,152,1,152,1,152,1,152,1,152,1,152,1,152,1,152,1,152,1,152,1,152,1,152,1,152,1,152,1,152,1,152,1,152,1,152,1,152,1,152,1,152,1,152,1,152,1,152,1,152,1,152,1,152,1,152,1,152,1,152,1,152,1,152,1,152,1,152,1,152,1,152,1,152,1,152,1,152,1,152,1,152,1,152,1,152,1,152,1,152,1,152,1,152,1,152,1,152,1,152,1,152,1,152,1,152,1,152,1,152,1,152,1,152,1,152,1,152,1,152,1,152,1,152,1,152,1,152,1,152,1,152,1,152,1,152,1,152,1,152,1,152,1,152,1,152,1,152,1,152,1,152,1,152,1,152,1,152,1,152,1",0,30000,0,0,0,0,0,0,0,0
3220101,32,,,300002,1,1,0,1,302101,0:0,0,0,30000,0,0,"49,64",0,0,0,0,0
3220102,32,,,300002,1,2,0,1,"302101,302101,302101,302101",0:0,0,0,30000,0,0,0,"49,64,4000",0,0,0,0
3220103,32,,,300002,1,3,1000,1,0,302101:13_302105:2,"0,1,250,1,250,1,250,1,250,1,250,1,250,1,250,1,250,1,250,1,250,1,250,1,250,1,250,1,250,1",0,30000,0,0,0,0,0,0,0,0
3220201,32,,,300002,1,4,5300,2,0,302101:22_302105:8,"0,2,440,2,440,2,440,2,440,2,440,2,440,2,440,2,440,2,440,2,440,2,440,2,440,2,440,2,440,2",0,30000,0,0,0,0,0,0,0,0
3220321,32,,,300002,1,5,11700,3,0,302101:28_302105:12,"0,2,420,2,420,2,420,2,420,2,420,2,420,2,420,2,420,2,420,2,420,2,420,2,420,2,420,2,420,2,420,2,420,2,420,2,420,2,420,2",0,30000,0,0,0,0,0,0,0,0
3220401,32,,,300002,1,6,20100,4,0,302101:30_302105:18_302102:2,"0,2,400,2,400,2,400,2,400,2,400,2,400,2,400,2,400,2,400,2,400,2,400,2,400,2,400,2,400,2,400,2,400,2,400,2,400,2,400,2,400,2,400,2,400,2,400,2,400,2",0,30000,0,0,0,0,0,0,0,0
3220501,32,,,300002,1,7,30500,5,0,302101:30_302105:26_302102:4,"0,2,380,2,380,2,380,2,380,2,380,2,380,2,380,2,380,2,380,2,380,2,380,2,380,2,380,2,380,2,380,2,380,2,380,2,380,2,380,2,380,2,380,2,380,2,380,2,380,2,380,2,380,2,380,2,380,2,380,2",0,30000,0,0,0,0,0,0,0,0
3220601,32,,,300002,1,8,41900,6,0,302101:24_302105:44_302102:6,"0,2,360,2,360,2,360,2,360,2,360,2,360,2,360,2,360,2,360,2,360,2,360,2,360,2,360,2,360,2,360,2,360,2,360,2,360,2,360,2,360,2,360,2,360,2,360,2,360,2,360,2,360,2,360,2,360,2,360,2,360,2,360,2,360,2,360,2,360,2,360,2,360,2",0,30000,0,0,0,0,0,0,0,0
3220701,32,,,300002,1,9,55300,7,0,302101:25_302105:57_302102:8,"0,2,340,2,340,2,340,2,340,2,340,2,340,2,340,2,340,2,340,2,340,2,340,2,340,2,340,2,340,2,340,2,340,2,340,2,340,2,340,2,340,2,340,2,340,2,340,2,340,2,340,2,340,2,340,2,340,2,340,2,340,2,340,2,340,2,340,2,340,2,340,2,340,2,340,2,340,2,340,2,340,2,340,2,340,2,340,2,340,2",0,30000,0,0,0,0,0,0,0,0
3220801,32,,,300002,1,10,70600,8,0,302101:25_302105:69_302102:12,"0,2,320,2,320,2,320,2,320,2,320,2,320,2,320,2,320,2,320,2,320,2,320,2,320,2,320,2,320,2,320,2,320,2,320,2,320,2,320,2,320,2,320,2,320,2,320,2,320,2,320,2,320,2,320,2,320,2,320,2,320,2,320,2,320,2,320,2,320,2,320,2,320,2,320,2,320,2,320,2,320,2,320,2,320,2,320,2,320,2,320,2,320,2,320,2,320,2,320,2,320,2,320,2,320,2",0,30000,0,0,0,0,0,0,0,0
3220901,32,,,300002,1,11,87900,9,0,302101:20_302105:84_302102:16,"0,2,300,2,300,2,300,2,300,2,300,2,300,2,300,2,300,2,300,2,300,2,300,2,300,2,300,2,300,2,300,2,300,2,300,2,300,2,300,2,300,2,300,2,300,2,300,2,300,2,300,2,300,2,300,2,300,2,300,2,300,2,300,2,300,2,300,2,300,2,300,2,300,2,300,2,300,2,300,2,300,2,300,2,300,2,300,2,300,2,300,2,300,2,300,2,300,2,300,2,300,2,300,2,300,2,300,2,300,2,300,2,300,2,300,2,300,2,300,2",0,30000,0,0,0,0,0,0,0,0
3221001,32,,,300002,1,12,106200,10,0,302101:15_302105:96_302102:24,"0,3,420,3,420,3,420,3,420,3,420,3,420,3,420,3,420,3,420,3,420,3,420,3,420,3,420,3,420,3,420,3,420,3,420,3,420,3,420,3,420,3,420,3,420,3,420,3,420,3,420,3,420,3,420,3,420,3,420,3,420,3,420,3,420,3,420,3,420,3,420,3,420,3,420,3,420,3,420,3,420,3,420,3,420,3,420,3,420,3",0,30000,0,0,0,0,0,0,0,0
3232101,32,,,300003,1,1,0,1,303101,0:0,0,0,30000,0,0,"64,52",0,0,0,0,0
3232102,32,,,300003,1,2,0,1,0,303101:9_303105:23_303102:2,"0,2,400,2,400,2,400,2,400,2,400,2,400,2,400,2,400,2,400,2,400,2,400,2,400,2,400,2,400,2,400,2,400,2",0,30000,0,0,0,0,0,0,0,0
3232103,32,,,300003,1,3,7000,1,303115,0:0,0,0,30000,0,0,"50,50",0,0,0,0,0
3232104,32,,,300003,1,4,8500,1,0,303101:14_303105:46_303102:4,"0,2,300,2,300,2,300,2,300,2,300,2,300,2,300,2,300,2,300,2,300,2,300,2,300,2,300,2,300,2,300,2,300,2,300,2,300,2,300,2,300,2,300,2,300,2,300,2,300,2,300,2,300,2,300,2,300,2,300,2,300,2,300,2",0,30000,0,0,0,0,0,0,0,0
