paipaiworld_config,Unnamed: 1,Unnamed: 2,Unnamed: 3,Unnamed: 4,Unnamed: 5,Unnamed: 6,Unnamed: 7,Unnamed: 8,Unnamed: 9,Unnamed: 10,Unnamed: 11,Unnamed: 12
INT_K,INT_S,INT_S,INT_S,LIST<INT>_S,INT_S,INT_S,MAP<INT:LONG>_S,STRING_S,STRING_S,LIST<INT>_S,STRING_C,STRING_C
order,affix_group_id,affix_group_order,affix_lv,font_affix_condition,use_num_max,weight,add_attr,affix_name,affix_desc,affix_wildcard,affix_icon_atlas,affix_icon
词条id,词条组id,词条组内编号,词条等级,前置词条id,可使用最大次数,随机权重,实际增加的属性,词条名字,词条的描述,描述通配符id（属性id）,词条图标图集,词条图标
1010201,101,2,1,0,1,100,3040102:3000_9201:3000,攻击,攻击+%s,3040102,SkillBuffIcon_atlas0,3600002
1010202,101,2,2,1010201,1,100,3040102:5000_9201:5000,攻击,攻击+%s,3040102,SkillBuffIcon_atlas0,3600002
1010203,101,2,3,1010202,1,100,3040102:7000_9201:7000,攻击,攻击+%s,3040102,SkillBuffIcon_atlas0,3600002
1010204,101,2,4,1010203,1,100,3040102:10000_9201:10000,攻击,攻击+%s,3040102,SkillBuffIcon_atlas0,3600002
1010205,101,2,5,1010204,1,100,3040102:15000_9201:15000,攻击,攻击+%s,3040102,SkillBuffIcon_atlas0,3600002
1010401,101,4,1,0,3,100,3040202:1500_9201:3000,防御,防御+%s,3040202,SkillBuffIcon_atlas0,3590003
1010501,101,5,1,0,1,100,3040301:3000_9201:5000,攻击伤害,攻击伤害+%s,3040301,SkillBuffIcon_atlas0,3600002
1010502,101,5,2,1010501,1,100,3040301:5000_9201:7000,攻击伤害,攻击伤害+%s,3040301,SkillBuffIcon_atlas0,3600002
1010503,101,5,3,1010502,1,100,3040301:7000_9201:10000,攻击伤害,攻击伤害+%s,3040301,SkillBuffIcon_atlas0,3600002
1010504,101,5,4,1010503,1,100,3040301:10000_9201:15000,攻击伤害,攻击伤害+%s,3040301,SkillBuffIcon_atlas0,3600002
1010505,101,5,5,1010504,1,100,3040301:15000_9201:3000,攻击伤害,攻击伤害+%s,3040301,SkillBuffIcon_atlas0,3600002
1010701,101,7,1,0,1,100,3040701:3000_9201:5000,伤害总加成,伤害总加成+%s,3040701,SkillBuffIcon_atlas0,3600002
1010702,101,7,2,1010701,1,100,3040701:5000_9201:7000,伤害总加成,伤害总加成+%s,3040701,SkillBuffIcon_atlas0,3600002
1010703,101,7,3,1010702,1,100,3040701:7000_9201:10000,伤害总加成,伤害总加成+%s,3040701,SkillBuffIcon_atlas0,3600002
1010704,101,7,4,1010703,1,100,3040701:10000_9201:15000,伤害总加成,伤害总加成+%s,3040701,SkillBuffIcon_atlas0,3600002
1010705,101,7,5,1010704,1,100,3040701:15000_9201:3000,伤害总加成,伤害总加成+%s,3040701,SkillBuffIcon_atlas0,3600002
1010801,101,8,1,0,1,100,3040901:1500_9201:5000,攻击速度,攻击速度+%s,3040901,SkillBuffIcon_atlas0,3600004
1010802,101,8,2,1010801,1,100,3040901:1500_9201:7000,攻击速度,攻击速度+%s,3040901,SkillBuffIcon_atlas0,3600004
1010803,101,8,3,1010802,1,100,3040901:1500_9201:10000,攻击速度,攻击速度+%s,3040901,SkillBuffIcon_atlas0,3600004
1010804,101,8,4,1010803,1,100,3040901:1500_9201:15000,攻击速度,攻击速度+%s,3040901,SkillBuffIcon_atlas0,3600004
1010805,101,8,5,1010804,1,100,3040901:1500_9201:3000,攻击速度,攻击速度+%s,3040901,SkillBuffIcon_atlas0,3600004
1010901,101,9,1,0,1,100,3041501:1_9201:3000,目标数量,目标数量+%s,3041501,SkillBuffIcon_atlas0,3610003
10109011,101,9,1,10109011,1,100,3041501:1_9201:6000,目标数量,目标数量+%s,3041501,SkillBuffIcon_atlas0,3610003
10109012,101,9,1,10109012,1,100,3041501:2_9201:9000,目标数量,目标数量+%s,3041501,SkillBuffIcon_atlas0,3610003
1010902,101,9,2,1010902,1,100,3040102:4000_9201:5000,攻击,攻击+%s,3040102,SkillBuffIcon_atlas0,3600002
1010903,101,9,3,1010903,1,100,3040102:5000_9201:6000,攻击,攻击+%s,3040102,SkillBuffIcon_atlas0,3600002
1010904,101,9,4,1010904,1,100,3040102:6000_9201:7000,攻击,攻击+%s,3040102,SkillBuffIcon_atlas0,3600002
1010905,101,9,5,1010905,1,100,3040102:7000_9201:8000,攻击,攻击+%s,3040102,SkillBuffIcon_atlas0,3600002
1010906,101,9,6,1010906,1,100,3040102:8000_9201:9000,攻击,攻击+%s,3040102,SkillBuffIcon_atlas0,3600002
1010907,101,9,7,1010907,1,100,3040102:9000_9201:10000,攻击,攻击+%s,3040102,SkillBuffIcon_atlas0,3600002
1010908,101,9,8,1010908,1,100,3040102:10000_9201:12000,攻击,攻击+%s,3040102,SkillBuffIcon_atlas0,3600002
1010909,101,9,9,1010909,1,100,3040102:11000_9201:12000,攻击,攻击+%s,3040102,SkillBuffIcon_atlas0,3600002
1010910,101,9,10,1010910,20,100,3040102:12000_9201:12000,攻击,攻击+%s,3040102,SkillBuffIcon_atlas0,3600002
1011001,101,9,1,0,1,100,3041001:3000_9201:10000,攻击范围,攻击范围+%s,3041001,SkillBuffIcon_atlas0,3610001
1011002,101,9,2,1011001,1,100,3041001:5000_9201:15000,攻击范围,攻击范围+%s,3041001,SkillBuffIcon_atlas0,3610001
1011003,101,9,3,1011002,1,100,3041001:7000_9201:3000,攻击范围,攻击范围+%s,3041001,SkillBuffIcon_atlas0,3610001
1011004,101,9,4,1011003,1,100,3041001:10000_9201:5000,攻击范围,攻击范围+%s,3041001,SkillBuffIcon_atlas0,3610001
1011005,101,9,5,1011004,1,100,3041001:15000_9201:7000,攻击范围,攻击范围+%s,3041001,SkillBuffIcon_atlas0,3610001
1011101,101,11,1,0,1,100,3041201:1500_9201:10000,暴击几率,暴击几率+%s,3041201,SkillBuffIcon_atlas0,3600003
1011102,101,11,2,1011101,1,100,3041201:1500_9201:15000,暴击几率,暴击几率+%s,3041201,SkillBuffIcon_atlas0,3600003
1011103,101,11,3,1011102,1,100,3041201:1500_9201:3000,暴击几率,暴击几率+%s,3041201,SkillBuffIcon_atlas0,3600003
1011104,101,11,4,1011103,1,100,3041201:1500_9201:5000,暴击几率,暴击几率+%s,3041201,SkillBuffIcon_atlas0,3600003
1011105,101,11,5,1011104,1,100,3041201:1500_9201:7000,暴击几率,暴击几率+%s,3041201,SkillBuffIcon_atlas0,3600003
1011201,101,12,1,0,1,100,3041301:3000_9201:10000,暴击伤害,暴击伤害+%s,3041301,SkillBuffIcon_atlas0,3600003
1011202,101,12,2,1011201,1,100,3041301:5000_9201:15000,暴击伤害,暴击伤害+%s,3041301,SkillBuffIcon_atlas0,3600003
1011203,101,12,3,1011202,1,100,3041301:7000_9201:3000,暴击伤害,暴击伤害+%s,3041301,SkillBuffIcon_atlas0,3600003
1011204,101,12,4,1011203,1,100,3041301:10000_9201:5000,暴击伤害,暴击伤害+%s,3041301,SkillBuffIcon_atlas0,3600003
1011205,101,12,5,1011204,1,100,3041301:15000_9201:7000,暴击伤害,暴击伤害+%s,3041301,SkillBuffIcon_atlas0,3600003
2010101,201,1,1,0,1,100,3050001:3000_3050000:1_9201:10000,攻击附加冰元素系数,攻击附加冰元素系数+%s,3050001,SkillBuffIcon_atlas0,3550001
2010102,201,1,2,2010101,1,100,3050001:5000_3050000:1_9201:15000,攻击附加冰元素系数,攻击附加冰元素系数+%s,3050001,SkillBuffIcon_atlas0,3550001
2010103,201,1,3,2010102,1,100,3050001:7000_3050000:1_9201:3000,攻击附加冰元素系数,攻击附加冰元素系数+%s,3050001,SkillBuffIcon_atlas0,3550001
2010104,201,1,4,2010103,1,100,3050001:10000_3050000:1_9201:5000,攻击附加冰元素系数,攻击附加冰元素系数+%s,3050001,SkillBuffIcon_atlas0,3550001
2010105,201,1,5,2010104,1,100,3050001:15000_3050000:1_9201:7000,攻击附加冰元素系数,攻击附加冰元素系数+%s,3050001,SkillBuffIcon_atlas0,3550001
2010301,201,3,1,20101,1,100,3050102:3000_9201:10000,冰元素攻击,冰元素攻击+%s,3050102,SkillBuffIcon_atlas0,3550001
2010302,201,3,2,"2010301,20101",1,100,3050102:5000_9201:15000,冰元素攻击,冰元素攻击+%s,3050102,SkillBuffIcon_atlas0,3550001
2010303,201,3,3,"2010302,20101",1,100,3050102:7000_9201:3000,冰元素攻击,冰元素攻击+%s,3050102,SkillBuffIcon_atlas0,3550001
2010304,201,3,4,"2010303,20101",1,100,3050102:10000_9201:5000,冰元素攻击,冰元素攻击+%s,3050102,SkillBuffIcon_atlas0,3550001
2010305,201,3,5,"2010304,20101",1,100,3050102:15000_9201:7000,冰元素攻击,冰元素攻击+%s,3050102,SkillBuffIcon_atlas0,3550001
2010401,201,4,1,20101,1,100,3050301:3000_9201:10000,冰元素伤害,冰元素伤害+%s,3050301,SkillBuffIcon_atlas0,3550001
2010402,201,4,2,"2010401,20101",1,100,3050301:5000_9201:15000,冰元素伤害,冰元素伤害+%s,3050301,SkillBuffIcon_atlas0,3550001
2010403,201,4,3,"2010402,20101",1,100,3050301:7000_9201:3000,冰元素伤害,冰元素伤害+%s,3050301,SkillBuffIcon_atlas0,3550001
2010404,201,4,4,"2010403,20101",1,100,3050301:10000_9201:5000,冰元素伤害,冰元素伤害+%s,3050301,SkillBuffIcon_atlas0,3550001
2010405,201,4,5,"2010404,20101",1,100,3050301:15000_9201:7000,冰元素伤害,冰元素伤害+%s,3050301,SkillBuffIcon_atlas0,3550001
3010101,301,1,1,0,1,100,3060001:3000_3060000:1_9201:10000,攻击附加火元素系数,攻击附加火元素系数+%s,3060001,SkillBuffIcon_atlas0,3560001
3010102,301,1,2,3010101,1,100,3060001:5000_3060000:1_9201:15000,攻击附加火元素系数,攻击附加火元素系数+%s,3060001,SkillBuffIcon_atlas0,3560001
3010103,301,1,3,3010102,1,100,3060001:7000_3060000:1_9201:3000,攻击附加火元素系数,攻击附加火元素系数+%s,3060001,SkillBuffIcon_atlas0,3560001
3010104,301,1,4,3010103,1,100,3060001:10000_3060000:1_9201:5000,攻击附加火元素系数,攻击附加火元素系数+%s,3060001,SkillBuffIcon_atlas0,3560001
3010105,301,1,5,3010104,1,100,3060001:15000_3060000:1_9201:7000,攻击附加火元素系数,攻击附加火元素系数+%s,3060001,SkillBuffIcon_atlas0,3560001
3010301,301,3,1,30101,1,100,3060102:3000_9201:10000,火元素攻击,火元素攻击+%s,3060102,SkillBuffIcon_atlas0,3560001
3010302,301,3,2,"3010301,30101",1,100,3060102:5000_9201:15000,火元素攻击,火元素攻击+%s,3060102,SkillBuffIcon_atlas0,3560001
3010303,301,3,3,"3010302,30101",1,100,3060102:7000_9201:3000,火元素攻击,火元素攻击+%s,3060102,SkillBuffIcon_atlas0,3560001
3010304,301,3,4,"3010303,30101",1,100,3060102:10000_9201:5000,火元素攻击,火元素攻击+%s,3060102,SkillBuffIcon_atlas0,3560001
3010305,301,3,5,"3010304,30101",1,100,3060102:15000_9201:7000,火元素攻击,火元素攻击+%s,3060102,SkillBuffIcon_atlas0,3560001
3010401,301,4,1,30101,1,100,3060301:3000_9201:10000,火元素伤害,火元素伤害+%s,3060301,SkillBuffIcon_atlas0,3560001
3010402,301,4,2,"3010401,30101",1,100,3060301:5000_9201:15000,火元素伤害,火元素伤害+%s,3060301,SkillBuffIcon_atlas0,3560001
3010403,301,4,3,"3010402,30101",1,100,3060301:7000_9201:3000,火元素伤害,火元素伤害+%s,3060301,SkillBuffIcon_atlas0,3560001
3010404,301,4,4,"3010403,30101",1,100,3060301:10000_9201:5000,火元素伤害,火元素伤害+%s,3060301,SkillBuffIcon_atlas0,3560001
3010405,301,4,5,"3010404,30101",1,100,3060301:15000_9201:7000,火元素伤害,火元素伤害+%s,3060301,SkillBuffIcon_atlas0,3560001
4010101,401,1,1,0,1,100,3070001:3000_3070000:1_9201:10000,攻击附加电元素系数,攻击附加电元素系数+%s,3070001,SkillBuffIcon_atlas0,3570001
4010102,401,1,2,4010101,1,100,3070001:5000_3070000:1_9201:15000,攻击附加电元素系数,攻击附加电元素系数+%s,3070001,SkillBuffIcon_atlas0,3570001
4010103,401,1,3,4010102,1,100,3070001:7000_3070000:1_9201:3000,攻击附加电元素系数,攻击附加电元素系数+%s,3070001,SkillBuffIcon_atlas0,3570001
4010104,401,1,4,4010103,1,100,3070001:10000_3070000:1_9201:5000,攻击附加电元素系数,攻击附加电元素系数+%s,3070001,SkillBuffIcon_atlas0,3570001
4010105,401,1,5,4010104,1,100,3070001:15000_3070000:1_9201:7000,攻击附加电元素系数,攻击附加电元素系数+%s,3070001,SkillBuffIcon_atlas0,3570001
4010301,401,3,1,40101,1,100,3070102:3000_9201:10000,电元素攻击,电元素攻击+%s,3070102,SkillBuffIcon_atlas0,3570001
4010302,401,3,2,"4010301,40101",1,100,3070102:5000_9201:15000,电元素攻击,电元素攻击+%s,3070102,SkillBuffIcon_atlas0,3570001
4010303,401,3,3,"4010302,40101",1,100,3070102:7000_9201:3000,电元素攻击,电元素攻击+%s,3070102,SkillBuffIcon_atlas0,3570001
4010304,401,3,4,"4010303,40101",1,100,3070102:10000_9201:5000,电元素攻击,电元素攻击+%s,3070102,SkillBuffIcon_atlas0,3570001
4010305,401,3,5,"4010304,40101",1,100,3070102:15000_9201:7000,电元素攻击,电元素攻击+%s,3070102,SkillBuffIcon_atlas0,3570001
4010401,401,4,1,40101,1,100,3070301:3000_9201:10000,电元素伤害,电元素伤害+%s,3070301,SkillBuffIcon_atlas0,3570001
4010402,401,4,2,"4010401,40101",1,100,3070301:5000_9201:15000,电元素伤害,电元素伤害+%s,3070301,SkillBuffIcon_atlas0,3570001
4010403,401,4,3,"4010402,40101",1,100,3070301:7000_9201:3000,电元素伤害,电元素伤害+%s,3070301,SkillBuffIcon_atlas0,3570001
4010404,401,4,4,"4010403,40101",1,100,3070301:10000_9201:5000,电元素伤害,电元素伤害+%s,3070301,SkillBuffIcon_atlas0,3570001
4010405,401,4,5,"4010404,40101",1,100,3070301:15000_9201:7000,电元素伤害,电元素伤害+%s,3070301,SkillBuffIcon_atlas0,3570001
5010101,501,1,1,0,1,100,3080001:3000_3080000:1_9201:10000,攻击附加毒元素系数,攻击附加毒元素系数+%s,3080001,SkillBuffIcon_atlas0,3580001
5010102,501,1,2,5010101,1,100,3080001:5000_3080000:1_9201:15000,攻击附加毒元素系数,攻击附加毒元素系数+%s,3080001,SkillBuffIcon_atlas0,3580001
5010103,501,1,3,5010102,1,100,3080001:7000_3080000:1_9201:3000,攻击附加毒元素系数,攻击附加毒元素系数+%s,3080001,SkillBuffIcon_atlas0,3580001
5010104,501,1,4,5010103,1,100,3080001:10000_3080000:1_9201:5000,攻击附加毒元素系数,攻击附加毒元素系数+%s,3080001,SkillBuffIcon_atlas0,3580001
5010105,501,1,5,5010104,1,100,3080001:15000_3080000:1_9201:7000,攻击附加毒元素系数,攻击附加毒元素系数+%s,3080001,SkillBuffIcon_atlas0,3580001
5010301,501,3,1,50101,1,100,3080102:3000_9201:10000,毒元素攻击,毒元素攻击+%s,3080102,SkillBuffIcon_atlas0,3580001
5010302,501,3,2,"5010301,50101",1,100,3080102:5000_9201:15000,毒元素攻击,毒元素攻击+%s,3080102,SkillBuffIcon_atlas0,3580001
5010303,501,3,3,"5010302,50101",1,100,3080102:7000_9201:3000,毒元素攻击,毒元素攻击+%s,3080102,SkillBuffIcon_atlas0,3580001
5010304,501,3,4,"5010303,50101",1,100,3080102:10000_9201:5000,毒元素攻击,毒元素攻击+%s,3080102,SkillBuffIcon_atlas0,3580001
5010305,501,3,5,"5010304,50101",1,100,3080102:15000_9201:7000,毒元素攻击,毒元素攻击+%s,3080102,SkillBuffIcon_atlas0,3580001
5010401,501,4,1,50101,1,100,3080301:3000_9201:10000,毒元素伤害,毒元素伤害+%s,3080301,SkillBuffIcon_atlas0,3580001
5010402,501,4,2,"5010401,50101",1,100,3080301:5000_9201:15000,毒元素伤害,毒元素伤害+%s,3080301,SkillBuffIcon_atlas0,3580001
5010403,501,4,3,"5010402,50101",1,100,3080301:7000_9201:3000,毒元素伤害,毒元素伤害+%s,3080301,SkillBuffIcon_atlas0,3580001
5010404,501,4,4,"5010403,50101",1,100,3080301:10000_9201:5000,毒元素伤害,毒元素伤害+%s,3080301,SkillBuffIcon_atlas0,3580001
5010405,501,4,5,"5010404,50101",1,100,3080301:15000_9201:7000,毒元素伤害,毒元素伤害+%s,3080301,SkillBuffIcon_atlas0,3580001
900010101,90001,1,1,0,1,500,3040102:4000_9201:5000,攻击,攻击+%s,3040102,SkillBuffIcon_atlas0,3550001
900010202,90001,2,2,900010202,1,500,3040102:5000_9201:5000,攻击,攻击+%s,3040102,SkillBuffIcon_atlas0,3550002
900010302,90001,3,2,900010302,1,500,3040102:6000_9201:6000,攻击,攻击+%s,3040102,SkillBuffIcon_atlas0,3550003
900010403,90001,4,3,900010403,1,500,3040102:7000_9201:7000,攻击,攻击+%s,3040102,SkillBuffIcon_atlas0,3550002
900010503,90001,5,3,900010503,1,500,3040102:8000_9201:8000,攻击,攻击+%s,3040102,SkillBuffIcon_atlas0,3550003
900010604,90001,6,4,900010604,1,500,3040102:9000_9201:9000,攻击,攻击+%s,3040102,SkillBuffIcon_atlas0,3550002
900010704,90001,7,4,900010704,1,500,3040102:10000_9201:10000,攻击,攻击+%s,3040102,SkillBuffIcon_atlas0,3550003
900010805,90001,8,5,900010805,20,500,3040102:12000_9201:12000,攻击,攻击+%s,3040102,SkillBuffIcon_atlas0,3550002
901010101,90101,1,1,0,1,500,3060001:4000_3060000:1_9201:3000,火焰之刃,攻击时附带%s的火元素伤害,3060001,SkillBuffIcon_atlas0,3560001
901010202,90101,2,2,901010202,1,500,3060102:12500_9201:5000,点燃,火元素伤害+%s，攻击有15%%几率使目标燃烧,3060102,SkillBuffIcon_atlas0,3560002
901010302,90101,3,2,901010302,1,500,3060102:15000_9201:7000,陨石,每8次攻击释放1次陨石，造成150%攻击力的火焰伤害,,SkillBuffIcon_atlas0,3560003
901010403,90101,4,3,901010403,1,500,3060102:17500_9201:10000,强化点燃,燃烧伤害+50%，燃烧的目标受到伤害+50%,"3060102,3060102",SkillBuffIcon_atlas0,3560002
901010503,90101,5,3,901010503,1,500,3060102:20000_9201:15000,强化陨石,释放陨石需要的攻击-%s次，陨石会使被伤害的目标陷入燃烧。,,SkillBuffIcon_atlas0,3560003
901010604,90101,6,4,901010604,1,500,3060102:22500_9201:22000,烈焰缠身,燃烧伤害+%s，燃烧时被攻击会受到35%%%攻击力的额外伤害。,3060102,SkillBuffIcon_atlas0,3560002
901010704,90101,7,4,901010704,1,500,3060102:25000_9201:30000,双重陨石,火元素伤害+%s，陨石释放次数+1。,3060102,SkillBuffIcon_atlas0,3560003
901010805,90101,8,5,901010805,30,500,3060102:27500_9201:40000,死亡爆炸,燃烧时死亡，对周围同伴造成自身最大生命50%的火元素伤害，并使目标燃烧。,,SkillBuffIcon_atlas0,3560004
902010101,90201,1,1,0,1,500,3070001:3000_3070000:1_9201:3000,雷电之刃,攻击时附带攻击%s的电元素伤害,3070001,SkillBuffIcon_atlas0,3570001
902010202,90201,2,2,902010202,1,500,3070102:10000_9201:5000,触电,电元素伤害+%s，攻击有%s几率使目标触电。触电状态下，被攻击会受到35%%攻击的触电伤害，触电状态持续5秒。,"3070102,3070102",SkillBuffIcon_atlas0,3570002
902010302,90201,3,2,902010302,1,500,3070102:10000_9201:7000,闪电链,每8次攻击释放1次闪电链，对周围任意目标造成150%攻击力的电元素伤害，并弹射3次，每次弹射会使伤害降低25%。,,SkillBuffIcon_atlas0,3570003
902010403,90201,4,3,902010403,1,500,3070102:10000_9201:10000,强化触电,电元素伤害+%s，触电伤害+%s。,"3070102,3070102",SkillBuffIcon_atlas0,3570002
902010503,90201,5,3,902010503,1,500,3070102:20000_9201:15000,强化闪电链,释放闪电链需要的攻击-3次，闪电链每次弹射时伤害不再降低,,SkillBuffIcon_atlas0,3570003
902010604,90201,6,4,902010604,1,500,3070102:30000_9201:22000,双重触电,触电伤害+%s，攻击使目标触电时会立刻触发1次触电伤害,3070102,SkillBuffIcon_atlas0,3570002
902010704,90201,7,4,902010704,1,500,3070102:40000_9201:30000,双重闪电链,电元素伤害+%s，闪电链的释放次数+1,3070102,SkillBuffIcon_atlas0,3570003
902010805,90201,8,5,902010805,1,500,3070102:50000_9201:40000,电磁爆炸,触电伤害+300%，触电伤害范围扩大，并使受到伤害的目标触电。,,SkillBuffIcon_atlas0,3570001
903010101,90301,1,1,0,1,500,3080001:3000_3080000:1_9201:3000,枯木之刃,攻击时附带攻击%s的毒元素伤害，攻击有15%%几率使目标中毒。中毒的目标每秒受到20%%攻击力的中毒伤害，中毒持续20秒。,3080001,SkillBuffIcon_atlas0,3580001
903010202,90301,2,2,903010202,1,500,3080102:10000_9201:5000,剧毒,毒元素伤害+%s，中毒伤害+%s,"3080102,3080102",SkillBuffIcon_atlas0,3580002
903010302,90301,3,2,903010302,1,500,3080102:10000_9201:7000,传染,每8次攻击释放1次剧毒传染，最周围造成150%攻击力的毒元素伤害，并使目标中毒。,3080102,SkillBuffIcon_atlas0,3580003
903010403,90301,4,3,903010403,1,500,3080102:10000_9201:10000,强化剧毒,中毒伤害+%s，中毒的目标再次中毒时立刻受到5次中毒伤害。,3080102,SkillBuffIcon_atlas0,3580002
903010503,90301,5,3,903010503,1,500,3080102:20000_9201:15000,强化传染,释放剧毒传染需要的攻击-%s次，中毒状态可以叠加2层。,3080102,SkillBuffIcon_atlas0,3580003
903010604,90301,6,4,903010604,1,500,3080102:30000_9201:22000,死亡传染,中毒伤害+%s，中毒时死亡会使附近任意怪物获得1层瘟疫。瘟疫中的目标每秒受到20%%攻击力的中毒伤害，中毒持续20秒。瘟疫状态最多可叠加99层。,3080102,SkillBuffIcon_atlas0,3580002
903010704,90301,7,4,903010704,1,500,3080102:40000_9201:30000,双重传染,毒元素伤害+%s，剧毒传染释放次数+1,3080102,SkillBuffIcon_atlas0,3580003
903010805,90301,8,5,903010805,1,500,3080102:50000_9201:40000,极速腐化,毒元素伤害+%s，中毒/瘟疫状态触发时间减少为0.33秒,3080102,SkillBuffIcon_atlas0,3580001
904010101,90401,1,1,0,1,500,3040202:2000_9201:3000,强壮,防御+%s，生命上限+%s,"3040202,3040202",SkillBuffIcon_atlas0,3590001
904010202,90401,2,2,0,1,500,3041102:2000_9201:5000,以战养战,击中怪物回血效果+%s,3041102,SkillBuffIcon_atlas0,3590002
904010303,90401,3,3,0,1,500,3041102:2000_9201:7000,夺取,击杀怪物回复自身%s的生命,3041102,SkillBuffIcon_atlas0,3590002
904010403,90401,4,3,0,1,500,3040202:2000_9201:10000,护体,每损失10%血量就获得一个最大生命20%的护盾。拥有护盾的角色损失生命时会优先扣除护盾值。,,SkillBuffIcon_atlas0,3590003
904010504,90401,5,4,0,1,500,3041102:2000_9201:15000,坚定,当前生命值低于最大值50%%时，防御+%s,3041102,SkillBuffIcon_atlas0,3590004
904010705,90401,7,5,0,1,500,3040202:2000_9201:22000,复活,角色濒死时触发复活，复活会使角色回复100%生命，每次挑战最多触发1次。,,SkillBuffIcon_atlas0,3590005
905010101,90501,1,1,0,1,500,3040102:4000_9201:3000,精致之刃,攻击+%s,3040102,SkillBuffIcon_atlas0,3600001
905010202,90501,2,2,905010202,1,500,3040102:4000_3041201:600_9201:5000,锐眼,攻击+%s，暴击率+%s,"3040102,3041201",SkillBuffIcon_atlas0,3600001
905010302,90501,3,2,905010302,1,500,3040102:5000_3041301:2500_9201:6000,狂暴,攻击+%s，暴击伤害+%s,"3040102,3041301",SkillBuffIcon_atlas0,3600002
905010403,90501,4,3,905010403,1,500,3040102:6000_3041201:300_9201:7000,致命暴击,暴击时获得1层致命暴击状态，提高40%攻击,,SkillBuffIcon_atlas0,3600003
905010503,90501,5,3,905010503,1,500,3040102:7000_3041201:300_9201:8000,嗜血,致命暴击效果翻倍,,SkillBuffIcon_atlas0,3600002
905010604,90501,6,4,905010604,1,500,3040102:8000_3041201:500_9201:9000,强化锐眼,攻击+%s，暴击率+%s,"3040102,3041201",SkillBuffIcon_atlas0,3600002
905010704,90501,7,4,905010704,1,500,3040102:9000_3041201:300_9201:10000,强化致命暴击,致命暴击状态到达5层时，自身暴击伤害+100%,,SkillBuffIcon_atlas0,3600003
905010805,90501,8,5,905010805,30,500,3040102:10000_3041201:500_9201:12000,斩杀,斩杀，攻击血量低于50%目标有15%几率直接秒杀,,SkillBuffIcon_atlas0,3600004
906010101,90601,1,1,0,1,500,3041001:3000_9201:3000,巨大之刃,攻击范围+%s,3041001,SkillBuffIcon_atlas0,3610001
906010202,90601,2,2,0,1,500,3041001:3000_9201:5000,旋风斩,每8秒触发一次旋风斩，对攻击范围内的所有目标造成一次150%攻击力的伤害,,SkillBuffIcon_atlas0,3610002
906010302,90601,3,2,906010202,1,500,3041001:5000_9201:7000,强化旋风斩,旋风斩伤害+50%，旋风斩触发时间-3秒,,SkillBuffIcon_atlas0,3610002
906010403,90601,4,3,0,1,500,3041001:5000_9201:10000,多重打击,攻击时15%几率触发多重打击，额外攻击一次,,SkillBuffIcon_atlas0,3610003
906010503,90601,5,3,906010403,1,500,3041001:7000_9201:15000,强化多重打击,多重打击触发几率+15%，额外攻击次数+1,,SkillBuffIcon_atlas0,3610003
906010604,90601,6,4,"906010202,906010403",1,500,3041001:7000_9201:22000,多重旋风斩,旋风斩也会触发多重打击，触发几率与普通攻击相同,,SkillBuffIcon_atlas0,3610002
906010704,90601,7,4,0,1,500,3041001:10000_9201:30000,百战不殆,攻击范围内的所有敌人伤害降低%s，受到伤害提升%s,"3041001,3041001",SkillBuffIcon_atlas0,3610004
906010805,90601,8,5,0,1,500,3041001:15000_9201:40000,浴血战神,攻击范围内，敌人越多，玩家伤害越高，每个敌人提供150%伤害,,SkillBuffIcon_atlas0,3610004
100010101,10001,1,1,0,1,1,3540100:1_9201:3000,攻击速度提高,攻击速度提高5%，持续4秒，最多叠加3层,,SkillBuffIcon_atlas0,3610004
100020101,10002,1,1,0,1,1,3540300:1_9201:5000,攻击提高,攻击提高5%，持续4秒，最多叠加3层,,SkillBuffIcon_atlas0,3610004
100030101,10003,1,1,0,1,1,3540500:1_9201:7000,防御提高,防御提高5%，持续4秒，最多叠加3层,,SkillBuffIcon_atlas0,3610004
100040101,10004,1,1,0,1,1,3540700:1_9201:10000,生命提高,生命提高5%，持续4秒，最多叠加3层,,SkillBuffIcon_atlas0,3610004
100050101,10005,1,1,0,1,1,3540900:1_9201:15000,击中回血效果提高,击中回血效果提高5%，持续4秒，最多叠加3层,,SkillBuffIcon_atlas0,3610004
100060101,10006,1,1,0,1,1,3541100:1_9201:22000,暴击几率提高,暴击几率提高5%，持续4秒，最多叠加3层,,SkillBuffIcon_atlas0,3610004
100070101,10007,1,1,0,1,1,3541300:1_9201:30000,暴击伤害提高,暴击伤害提高5%，持续4秒，最多叠加3层,,SkillBuffIcon_atlas0,3610004
100080101,10008,1,1,0,1,1,3541500:1_9201:40000,伤害提高,伤害提高5%，持续4秒，最多叠加3层,,SkillBuffIcon_atlas0,3610004
100090101,10009,1,1,0,1,1,3541700:1_9201:10000,受到伤害提高,受到伤害提高5%，持续4秒，最多叠加3层,,SkillBuffIcon_atlas0,3610004
100100101,10010,1,1,0,1,1,3541900:1_9201:15000,持续伤害提高,持续伤害提高5%，持续4秒，最多叠加3层,,SkillBuffIcon_atlas0,3610004
100110101,10011,1,1,0,1,1,3542100:1_9201:22000,受到持续伤害提高,受到持续伤害提高5%，持续4秒，最多叠加3层,,SkillBuffIcon_atlas0,3610004
100120101,10012,1,1,0,1,1,5500100:1_9201:30000,护盾技能,每隔8秒获得自身生命上限20%的护盾，持续4秒,,SkillBuffIcon_atlas0,3610004
900020101,90002,1,1,0,1,500,3050001:4000_3050000:1_9201:3000,冰霜之刃,攻击时附带%s的冰元素伤害,3050001,SkillBuffIcon_atlas0,3550001
900020202,90002,2,2,900020202,1,500,3050301:10000_3550100:1_3551000:1_9201:5000,冰爆,冰元素伤害+%s，攻击有15%%几率使目标冰冻，同时受到冰元素伤害,3050301,SkillBuffIcon_atlas0,3550002
900020302,90002,3,2,900020302,1,500,3550400:1_9201:6000,冰霜新星,每8次攻击释放1次冰霜新星，造成冰元素伤害，并有几率使目标冰冻,,SkillBuffIcon_atlas0,3550003
900020403,90002,4,3,900020403,1,500,3050301:10000_3551101:100000_9201:7000,强化冰爆,冰元素伤害+%s，攻击冰冻的目标时造成额外10%%最大生命值的伤害,3050301,SkillBuffIcon_atlas0,3550002
900020503,90002,5,3,900020503,1,500,3550501:3_3551400:1_9201:8000,强化冰霜新星,释放冰霜新星需要的攻击-%s次，冰霜新星必定使目标冰冻,3550501,SkillBuffIcon_atlas0,3550003
900020604,90002,6,4,900020604,1,500,3550206:1500_3550800:1_9201:9000,双重冰爆,冰冻几率+%s，对已经处于冰冻的目标再次触发冰冻时造成30%%攻击的伤害。,3550206,SkillBuffIcon_atlas0,3550002
900020704,90002,7,4,900020704,1,500,3050301:10000_3550600:1_9201:10000,双重冰霜新星,冰元素伤害+%s，冰霜新星释放次数+1,3050301,SkillBuffIcon_atlas0,3550003
900020805,90002,8,5,900020805,1,500,3550206:1500_3551200:1_9201:12000,冰霜终结,冰冻几率+%s，冰冻时间+%s秒，攻击冰冻目标被会造成50%%的额外伤害。,"3550206,3551200",SkillBuffIcon_atlas0,3550001
900020904,90002,9,4,900020805,30,500,3050301:20000_9201:12000,强化冰霜伤害,冰元素伤害+%s,3050301,SkillBuffIcon_atlas0,3550001
901020101,90102,1,1,0,1,500,3060001:4000_3060000:1_9201:3000,火焰之刃,攻击时附带%s的火元素伤害,3060001,SkillBuffIcon_atlas0,3560001
901020202,90102,2,2,901020202,1,500,3060301:12500_3560100:1_9201:5000,点燃,火元素伤害+%s，攻击有15%%几率使目标燃烧,3060102,SkillBuffIcon_atlas0,3560002
901020302,90102,3,2,901020302,1,500,3060102:15000_3560400:1_9201:7000,陨石,每8次攻击释放1次陨石，造成150%攻击力的火焰伤害,,SkillBuffIcon_atlas0,3560003
901020403,90102,4,3,901020403,1,500,3060701:17500_3560600:1_9201:10000,强化点燃,燃烧伤害+50%，燃烧的目标受到伤害+50%,"3060102,3060102",SkillBuffIcon_atlas0,3560002
901020503,90102,5,3,901020503,1,500,3560501:3_3560800:1_9201:15000,强化陨石,释放陨石需要的攻击-%s次，陨石会使被伤害的目标陷入燃烧。,3560501,SkillBuffIcon_atlas0,3560003
901020604,90102,6,4,901020604,1,500,3060701:17500_3561300:1_9201:22000,烈焰缠身,燃烧伤害+%s，燃烧时被攻击会受到35%%%攻击力的额外伤害。,3060102,SkillBuffIcon_atlas0,3560002
901020704,90102,7,4,901020704,1,500,3060301:17500_3560503:1_9201:30000,双重陨石,火元素伤害+%s，陨石释放次数+1。,3060102,SkillBuffIcon_atlas0,3560003
901020805,90102,8,5,901020805,1,500,3060102:17500_3561000:1_9201:40000,死亡爆炸,燃烧时死亡，对周围同伴造成自身最大生命50%的火元素伤害，并使目标燃烧。,,SkillBuffIcon_atlas0,3560004
902020101,90202,1,1,0,1,500,3070001:3000_3070000:1_9201:3000,雷电之刃,攻击时附带攻击%s的电元素伤害,3070001,SkillBuffIcon_atlas0,3570001
902020202,90202,2,2,902020202,1,500,3070301:10000_3570100:1_9201:5000,触电,电元素伤害+%s，攻击有15%%几率使目标触电。触电状态下，被攻击会受到35%%攻击的触电伤害，触电状态持续5秒。,"3070102,3070102",SkillBuffIcon_atlas0,3570002
902020302,90202,3,2,902020302,1,500,3570600:1_3570400:1_9201:7000,闪电链,每8次攻击释放1次闪电链，对周围任意目标造成150%攻击力的电元素伤害，并弹射3次，每次弹射会使伤害降低25%。,,SkillBuffIcon_atlas0,3570003
902020403,90202,4,3,902020403,1,500,3070301:10000_3570800:1_9201:10000,强化触电,电元素伤害+%s，触电时受到伤害提高20%%,"3070102,3070102",SkillBuffIcon_atlas0,3570002
902020503,90202,5,3,902020503,1,500,3570701:3_3570503:2500_9201:15000,强化闪电链,释放闪电链需要的攻击-%s次，闪电链每次弹射时伤害不再降低,3570701,SkillBuffIcon_atlas0,3570003
902020604,90202,6,4,902020604,1,500,3571000:1_3570201:3000_9201:22000,双重触电,触电伤害+%s，攻击使目标触电时会立刻触发1次触电伤害,3070102,SkillBuffIcon_atlas0,3570002
902020704,90202,7,4,902020704,1,500,3070301:40000_3570703:1_9201:30000,双重闪电链,电元素伤害+%s，闪电链的释放次数+1,3070102,SkillBuffIcon_atlas0,3570003
902020805,90202,8,5,902020805,1,500,3570201:30000_3571200:1_9201:40000,电磁爆炸,触电伤害+300%，触电伤害范围扩大，并使受到伤害的目标触电。,,SkillBuffIcon_atlas0,3570001
903020101,90302,1,1,0,1,500,3080001:3000_3080000:1_3580100:1_9201:3000,枯木之刃,攻击时附带攻击%s的毒元素伤害，攻击有15%%几率使目标中毒。中毒的目标每秒受到20%%攻击力的中毒伤害，中毒持续20秒。,3080001,SkillBuffIcon_atlas0,3580001
903020202,90302,2,2,903020202,1,500,3080301:10000_3080701:4000_9201:5000,剧毒,毒元素伤害+%s，中毒伤害+%s,"3080102,3080102",SkillBuffIcon_atlas0,3580002
903020302,90302,3,2,903020302,1,500,3580400:1_9201:7000,传染,每8次攻击释放1次中毒传染，对周围造成150%攻击力的毒元素伤害，并使目标中毒。,3080102,SkillBuffIcon_atlas0,3580003
903020403,90302,4,3,903020403,1,500,3080701:5000_3580600:1_9201:10000,强化剧毒,中毒伤害+%s，中毒的目标再次中毒时立刻受到5次中毒伤害。,3080102,SkillBuffIcon_atlas0,3580002
903020503,90302,5,3,903020503,1,500,3580501:3_3580207:1_9201:15000,强化传染,释放中毒传染需要的攻击-%s次，中毒状态可以叠加2层。,3080102,SkillBuffIcon_atlas0,3580003
903020604,90302,6,4,903020604,1,500,3080701:6000_3580800:1_9201:22000,死亡传染,中毒伤害+%s，中毒时死亡会使附近任意怪物获得1层瘟疫。瘟疫中的目标每秒受到20%%攻击力的中毒伤害，持续20秒，最多可叠加10层。,3080102,SkillBuffIcon_atlas0,3580002
903020704,90302,7,4,903020704,1,500,3080301:40000_3580503:1_9201:30000,双重传染,毒元素伤害+%s，中毒传染释放次数+1,3080102,SkillBuffIcon_atlas0,3580003
903020805,90302,8,5,903020805,1,500,3080301:50000_3580208:6700_9201:40000,极速腐化,毒元素伤害+%s，中毒/瘟疫状态触发时间减少为0.33秒,3080102,SkillBuffIcon_atlas0,3580001
99990001,9999,1,1,0,1,100,3592200:1_3592201:10_9201:1000,击回10,击回10,,SkillBuffIcon_atlas0,3600002
99990002,9999,2,1,0,1,100,3592200:1_3592202:200_9201:1000,击回2%,击回2%,,SkillBuffIcon_atlas0,3600002
99990003,9999,3,1,0,1,100,3592300:1_3592401:3000_9201:1000,击回效果提高30%,击回效果提高30%,,SkillBuffIcon_atlas0,3600002
99990004,9999,4,1,0,1,100,95000101:1,冰弹技能,冰弹技能,,SkillBuffIcon_atlas0,3600002
99990005,9999,5,1,0,1,100,95100101:1,陨石技能,陨石技能,,SkillBuffIcon_atlas0,3600002
99990006,9999,6,1,0,1,100,95200101:1,雷电技能,雷电技能,,SkillBuffIcon_atlas0,3600002
99990007,9999,7,1,0,1,100,5200300:1_5200301:2_9201:1000,雷电目标+2,雷电目标+2,,SkillBuffIcon_atlas0,3600002
99990008,9999,8,1,0,1,100,5200500:1_5200501:3000_9201:1000,雷电伤害+30%,雷电伤害+30%,,SkillBuffIcon_atlas0,3600002
99990009,9999,9,1,0,1,100,5200300:1_5200301:-1_9201:1000,雷电目标-1,雷电目标-1,,SkillBuffIcon_atlas0,3600002
99990010,9999,10,1,0,1,100,5200500:1_5200501:-1000_9201:1000,雷电伤害-10%,雷电伤害-10%,,SkillBuffIcon_atlas0,3600002
99990011,9999,11,1,0,1,100,5000300:1_5000301:4_9201:1000,冰弹数量+4,冰弹数量+4,,SkillBuffIcon_atlas0,3600002
99990012,9999,12,1,0,1,100,5000500:1_5000501:6000_9201:1000,冰弹伤害+60%,冰弹伤害+60%,,SkillBuffIcon_atlas0,3600002
99990013,9999,13,1,0,1,100,5000700:1_5000701:90_9201:1000,冰弹范围+90°,冰弹范围+90°,,SkillBuffIcon_atlas0,3600002
99990014,9999,14,1,0,1,100,5000900:1_5000901:1_5001101:-4000_9201:1000,追加1次60%伤害的冰弹,追加1次60%伤害的冰弹,,SkillBuffIcon_atlas0,3600002
99990015,9999,15,1,0,1,100,5001300:1_9201:1000,冰弹命中后产生冰爆,冰弹命中后产生冰爆,,SkillBuffIcon_atlas0,3600002
99990016,9999,16,1,0,1,100,5100300:1_5100301:300_5100302:2000_9201:1000,陨石范围+0.3米,陨石范围+0.3米，陨石特效大小+20%,,SkillBuffIcon_atlas0,3600002
99990017,9999,17,1,0,1,100,5100500:1_5100501:6000_9201:1000,陨石伤害+60%,陨石伤害+60%,,SkillBuffIcon_atlas0,3600002
99990018,9999,18,1,0,1,100,5100700:1_5100701:2_9201:1000,陨石数量+2,陨石数量+2,,SkillBuffIcon_atlas0,3600002
99990019,9999,19,1,0,1,100,5100900:1_5100901:1250_9201:1000,陨石爆炸后产生额外半径1.25米、60%伤害的冲击波,陨石爆炸后产生额外半径1.25米、60%伤害的冲击波,,SkillBuffIcon_atlas0,3600002
99990020,9999,20,1,0,1,100,5020300:1_5020301:-3000_9201:1000,冰弹CD-30%,冰弹CD-30%,,SkillBuffIcon_atlas0,3600002
99990021,9999,21,1,0,1,100,5120300:1_5120301:-5000_9201:1000,陨石CD-50%,陨石CD-50%,,SkillBuffIcon_atlas0,3600002
99990022,9999,22,1,0,1,100,5220300:1_5220301:-4000_9201:1000,雷击CD-40%,雷击CD-40%,,SkillBuffIcon_atlas0,3600002
99990023,9999,23,1,0,1,100,7000100:1_7000101:5000_9201:1000,普攻伤害+50%,普攻伤害+50%,,SkillBuffIcon_atlas0,3600002
99990024,9999,24,1,0,1,100,5001500:1_5001501:5000_5001502:1500_9201:4000,冰冻,寒冰弹有50%概率造成1.5秒冰冻,,SkillBuffIcon_atlas0,3550002
99990025,9999,25,1,0,1,100,5101100:1_9201:4000,陨石燃烧,陨石附加燃烧，每秒造成30%的伤害，持续3秒,,SkillBuffIcon_atlas0,3560004
99990026,9999,26,1,0,1,100,5200700:1_5200701:5000_5200702:1500_9201:4000,触电,落雷有50%概率造成1.5秒麻痹,,SkillBuffIcon_atlas0,3570003
99990027,9999,27,1,0,1,100,920001:1,炎域,学习炎域技能,,SkillBuffIcon_atlas0,3570003
99990028,9999,28,1,0,1,100,920011:1_920012:1,毒爆,学习施加毒爆技能,,SkillBuffIcon_atlas0,3570003
99990029,9999,29,1,0,1,100,920021:1,爆炎冲刺,学习爆炎冲刺技能,,SkillBuffIcon_atlas0,3570003
99990030,9999,30,1,0,1,100,920022:1,升龙击,学习升龙击技能,,SkillBuffIcon_atlas0,3570003
99990031,9999,31,1,0,1,100,920023:1,爆炎砸地,学习爆炎砸地技能,,SkillBuffIcon_atlas0,3570003
99990032,9999,32,1,0,1,100,920031:1,闪电链,学习闪电链技能,,SkillBuffIcon_atlas0,3570003
99990033,9999,33,1,0,1,100,920041:1,召唤守卫,学习守卫技能,,SkillBuffIcon_atlas0,3570003
99910001,9991,1,1,0,1,100,920031:1_3041501:2,闪电链,学习闪电链技能,,SkillBuffIcon_atlas0,3570003
99910002,9991,2,2,0,2,100,4070301:6000_4070701:6000,闪电增伤,电系伤害+60%,,SkillBuffIcon_atlas0,3570003
99910003,9991,3,2,0,2,100,1920031:-1200,快速充电,闪电链冷却-20%,,SkillBuffIcon_atlas0,3570003
99910004,9991,4,2,0,2,100,5200701:2000,强化麻痹,闪电链造成麻痹概率+20%,,SkillBuffIcon_atlas0,3570003
99910005,9991,5,3,0,2,100,5920031:2,多重弹射,闪电链弹射次数+2,,SkillBuffIcon_atlas0,3570003
99910006,9991,6,3,0,1,100,920032:1,电环,释放一圈电环,,SkillBuffIcon_atlas0,3570003
99910007,9991,7,3,0,1,100,920033:1,雷暴云,召唤持续3秒的雷暴云，每秒随机劈下闪电对敌人造成伤害,,SkillBuffIcon_atlas0,3570003
99910008,9991,8,4,0,2,100,7920032:20000_9920032:20000_13920032:1,过载,电环伤害+80%,,SkillBuffIcon_atlas0,3570003
99910009,9991,9,4,0,1,100,4920032:6000,静电力场,电环范围+100%,,SkillBuffIcon_atlas0,3570003
99910010,9991,10,4,0,2,100,1920033:-4500,麻痹时间,雷暴云冷却-45%,,SkillBuffIcon_atlas0,3570003
99910011,9991,11,5,0,2,100,7920031:16000_9920031:16000_13920031:1,高能力场,闪电链伤害+80%,,SkillBuffIcon_atlas0,3570003
99910012,9991,12,6,0,1,100,12920031:1500_920034:1,连环闪电,闪电链每弹射一次，伤害+15%；击杀敌人时再次释放闪电链,,SkillBuffIcon_atlas0,3570003
99920001,9992,1,1,0,1,100,7000304:8000_5200711:2000_7000314:1_3041501:2,高能电刃,普攻附加额外闪电伤害，且有15%概率使目标麻痹,,SkillBuffIcon_atlas0,3570003
99920002,9992,2,2,0,2,100,4070301:6000_4070701:6000,闪电增伤,电系伤害+60%,,SkillBuffIcon_atlas0,3570003
99920003,9992,3,2,0,2,100,3041501:2_7000314:1,电弧,电刃附加电弧，对附近敌人造成溅射伤害,,SkillBuffIcon_atlas0,3570003
99920004,9992,4,2,0,2,100,5200711:1500,强化麻痹,电刃造成麻痹概率+15%,,SkillBuffIcon_atlas0,3570003
99920005,9992,5,3,0,2,100,7000304:1500_7000314:1,电能强化,电弧伤害+60%,,SkillBuffIcon_atlas0,3570003
99920006,9992,6,3,0,1,100,920053:1,电刃强化,每攻击3次，向前方劈出一道超强电刃,,SkillBuffIcon_atlas0,3570003
99920007,9992,7,3,0,1,100,14920052:1,雷神附体,攻击时有几率向周围释放电波,,SkillBuffIcon_atlas0,3570003
99920008,9992,8,4,0,2,100,14920053:1_7920053:-1500_9920053:-1500,超级电刃,超强电刃数量+1,,SkillBuffIcon_atlas0,3570003
99920009,9992,9,4,0,1,100,4920053:5000,远程打击,超强电刃攻击距离+100%,,SkillBuffIcon_atlas0,3570003
99920010,9992,10,4,0,2,100,8200556:3000,雷神降世,雷神附体概率+30%,,SkillBuffIcon_atlas0,3570003
99920011,9992,11,5,0,2,100,7920053:6000_9920053:6000,电刃增伤,超强电刃伤害+40%,,SkillBuffIcon_atlas0,3570003
99920012,9992,12,6,0,1,100,920054:1,天罚,每击杀一个敌人，会劈出一道超强电刃,,SkillBuffIcon_atlas0,3570003
99930001,9993,1,1,0,1,100,920061:1,暴风雪,学习暴风雪技能,,SkillBuffIcon_atlas0,3570003
99930006,9993,6,3,0,1,100,16920061:1,极寒领域,暴风雪经过的路径留下极寒领域，持续造成伤害,,SkillBuffIcon_atlas0,3570003
99930007,9993,7,3,0,1,100,920072:1_5001501:800,寒冰冻结,暴风雪有X%概率冰冻敌人1秒，冰冻结束后产生冰爆,,SkillBuffIcon_atlas0,3570003
800000001,8000,1,1,0,1,100,3050000:1_5000100:1_5000101:1_9201:3000,寒冰弹,学习寒冰弹技能,,SkillBuffIcon_atlas0,3550003
800010101,8000,2,2,800010101,1,200,5000300:1_5000301:2_5000500:1_5000501:2000_5000700:1_5000701:90_9201:4000,强化寒冰弹,寒冰弹伤害+20%，寒冰弹数量+2且释放范围提高至180度,,SkillBuffIcon_atlas0,3550001
800010102,8000,3,3,800010102,1,300,5000301:2_5000501:2000_5000701:180_9201:5500,强化寒冰弹,寒冰弹伤害+20%，寒冰弹数量+2且改为向四周360度发射,,SkillBuffIcon_atlas0,3550001
800010201,8000,4,2,800010201,1,200,5000900:1_5000901:1_5001101:-6000_5000903:500_9201:4000,追加寒冰弹,追加一波40%伤害的寒冰弹,,SkillBuffIcon_atlas0,3550003
800010202,8000,5,3,800010202,1,300,5001101:4000_9201:5500,追加寒冰弹,追加寒冰弹伤害+100%,,SkillBuffIcon_atlas0,3550003
800010301,8000,6,2,800010301,1,200,5001500:1_5001501:5000_5001502:1500_9201:4000,冰冻,寒冰弹有50%概率造成1.5秒冰冻,,SkillBuffIcon_atlas0,3550002
800010302,8000,7,3,800010302,1,300,5001501:5000_9201:5500,冰冻,寒冰弹造成冰冻概率提升至100%,,SkillBuffIcon_atlas0,3550002
9800010301,8000,6,2,9800010301,1,200,5001300:1_5001301:-7500_9201:4000,冰爆,冰弹击中目标后产生冰爆造成25%的伤害,,SkillBuffIcon_atlas0,3550002
9800010302,8000,7,3,9800010302,1,300,5001301:2500_9201:5500,冰爆,冰爆伤害+100%,,SkillBuffIcon_atlas0,3550002
800030101,8000,8,2,800030101,1,200,5000500:1_5000501:4000_9201:4000,寒冰弹伤害,寒冰弹伤害+40%,,SkillBuffIcon_atlas0,3550003
800030102,8000,9,3,800030102,3,200,5000501:5000_9201:5500,寒冰弹伤害,寒冰弹伤害+50%,,SkillBuffIcon_atlas0,3550003
800030201,8000,10,2,800030201,1,200,5020300:1_5020301:-3000_9201:4000,寒冰弹冷却,寒冰弹冷却-25%,,SkillBuffIcon_atlas0,3550001
800030202,8000,11,3,800030202,1,300,5020301:-3000_9201:5500,寒冰弹冷却,寒冰弹冷却-25%,,SkillBuffIcon_atlas0,3550001
800100001,8001,1,1,0,1,100,3060000:1_5100100:1_5100101:1_5100300:1_5100302:10000_9201:3000,火焰陨石,学习火焰陨石技能,,SkillBuffIcon_atlas0,3560001
800110101,8001,2,2,800110101,1,200,5100300:1_5100301:300_5100302:5000_5100500:1_5100501:3000_9201:4000,强化火焰陨石,陨石落地爆炸范围+20%，陨石伤害+30%,,SkillBuffIcon_atlas0,3560002
800110102,8001,3,3,800110102,1,300,5100301:300_5100302:5000_5100501:3000_9201:5500,强化火焰陨石,陨石落地爆炸范围+20%，陨石伤害+30%,,SkillBuffIcon_atlas0,3560002
800110201,8001,4,2,800110201,1,200,5100700:1_5100701:1_5100500:1_5100501:-2000_9201:4000,火焰陨石数量,陨石数量+1，陨石伤害-20%,,SkillBuffIcon_atlas0,3560001
800110202,8001,5,3,800110202,1,300,5100701:1_5100501:-1000_9201:5500,火焰陨石数量,陨石数量+1，陨石伤害-10%,,SkillBuffIcon_atlas0,3560001
800110301,8001,6,2,800110301,1,200,5101100:1_5101201:3000_5101205:3000_9201:4000,陨石燃烧,陨石附加燃烧，每秒造成30%的伤害，持续3秒,,SkillBuffIcon_atlas0,3560004
800110302,8001,7,3,800110302,1,300,5101100:1_5101201:4000_9201:5500,陨石燃烧,燃烧伤害提高至70%/秒,,SkillBuffIcon_atlas0,3560004
9800110301,8001,6,2,9800110301,1,200,5100900:1_5100901:1250_5100902:-4000_9201:4000,爆炸冲击波,陨石落地后产生冲击波造成60%伤害,,SkillBuffIcon_atlas0,3560004
9800110302,8001,7,3,9800110302,1,300,5100902:6000_9201:5500,爆炸冲击波,冲击波伤害+100%,,SkillBuffIcon_atlas0,3560004
800130101,8001,8,2,800130101,1,200,5100500:1_5100501:4000_9201:4000,火焰陨石伤害,火焰陨石伤害+40%,,SkillBuffIcon_atlas0,3560002
800130102,8001,9,3,800130102,3,200,5100501:5000_9201:5500,火焰陨石伤害,火焰陨石伤害+50%,,SkillBuffIcon_atlas0,3560002
800130201,8001,10,2,800130201,1,200,5120300:1_5120301:-3000_9201:4000,火焰陨石冷却,火焰陨石冷却-25%,,SkillBuffIcon_atlas0,3560003
800130202,8001,11,3,800130202,1,300,5120301:-3000_9201:5500,火焰陨石冷却,火焰陨石冷却-25%,,SkillBuffIcon_atlas0,3560003
800200001,8002,1,1,0,1,100,3070000:1_5200100:1_5200101:1_9201:3000,落雷,学习落雷技能,,SkillBuffIcon_atlas0,3570001
800210101,8002,2,2,800210101,1,200,5200300:1_5200301:2_5200500:1_5200501:-1000_9201:4000,落雷数量,落雷数量+2，落雷伤害-10%,,SkillBuffIcon_atlas0,3570001
800210102,8002,3,3,800210102,1,300,5200301:3_5200501:-2000_9201:5500,落雷数量,落雷数量+3，落雷伤害-20%,,SkillBuffIcon_atlas0,3570001
800210201,8002,4,2,800210201,1,200,5200300:1_5200301:1_5200500:1_5200501:2000_9201:4000,落雷威力,落雷数量+1，落雷伤害+20%,,SkillBuffIcon_atlas0,3570002
800210202,8002,5,3,800210202,1,300,5200301:1_5200501:2000_9201:5500,落雷威力,落雷数量+1，落雷伤害+20%,,SkillBuffIcon_atlas0,3570002
800210301,8002,6,2,800210301,1,200,5200700:1_5200701:5000_5200702:1500_9201:4000,触电,落雷有50%概率造成1.5秒麻痹,,SkillBuffIcon_atlas0,3570003
800210302,8002,7,3,800210302,1,300,5200701:5000_9201:5500,触电,落雷造成麻痹概率提升至100%,,SkillBuffIcon_atlas0,3570003
800230101,8002,8,2,800230101,1,200,5200500:1_5200501:4000_9201:4000,落雷伤害,落雷伤害+40%,,SkillBuffIcon_atlas0,3570002
800230102,8002,9,3,800230102,3,200,5200501:5000_9201:5500,落雷伤害,落雷伤害+50%,,SkillBuffIcon_atlas0,3570002
800230201,8002,10,2,800230201,1,200,5220300:1_5220301:-3000_9201:4000,落雷冷却,落雷冷却-25%,,SkillBuffIcon_atlas0,3570003
800230202,8002,11,3,800230202,1,300,5220301:-3000_9201:5500,落雷冷却,落雷冷却-25%,,SkillBuffIcon_atlas0,3570003
801100001,8011,1,1,0,1,100,7000100:1_7000101:5000_9201:3000,精致之刃,攻击伤害+50%,,SkillBuffIcon_atlas0,3610001
801100101,8011,2,2,0,1,500000,3041501:1_7000100:1_7000101:-500_9201:3000,攻击目标数量,攻击目标+1，攻击伤害-5%,,SkillBuffIcon_atlas0,3610003
801100102,8011,3,3,801100102,1,500000,3041501:1_7000101:-500_9201:3000,攻击目标数量,攻击目标+1，攻击伤害-5%,,SkillBuffIcon_atlas0,3610003
801100103,8011,4,4,801100103,1,500000,3041501:2_7000101:-1000_9201:5000,攻击目标数量,攻击目标+2，攻击伤害-10%,,SkillBuffIcon_atlas0,3610003
801100201,8011,5,2,801100201,1,200,7000101:6000_9201:4000,进阶精致之刃,攻击伤害+60%,,SkillBuffIcon_atlas0,3610004
801100202,8011,6,3,801100202,1,200,7000101:7000_9201:4500,进阶精致之刃,攻击伤害+70%,,SkillBuffIcon_atlas0,3610004
801100203,8011,7,4,801100203,3,200,7000101:8000_9201:5000,进阶精致之刃,攻击伤害+80%,,SkillBuffIcon_atlas0,3610004
801100301,8011,8,2,801100301,1,200,3040901:2500_9201:4000,强化攻速,攻击速度+25%,,SkillBuffIcon_atlas0,3610002
801100302,8011,9,3,801100302,1,200,3040901:2500_9201:4500,强化攻速,攻击速度+25%,,SkillBuffIcon_atlas0,3610002
801100303,8011,10,4,801100303,3,200,3040901:3000_9201:5000,强化攻速,攻击速度+30%,,SkillBuffIcon_atlas0,3610002
801200001,8012,1,1,0,1,100,3040102:3000_9201:3000,强化攻击,攻击+30%,,SkillBuffIcon_atlas0,3600002
801200101,8012,2,2,801200101,1,200,3040102:4000_9201:4000,进阶强化攻击,攻击+40%,,SkillBuffIcon_atlas0,3600003
801200102,8012,3,3,801200102,1,200,3040102:4000_9201:4500,进阶强化攻击,攻击+40%,,SkillBuffIcon_atlas0,3600003
801200103,8012,4,4,801200103,4,200,3040102:5000_9201:5500,进阶强化攻击,攻击+50%,,SkillBuffIcon_atlas0,3600003
801200201,8012,5,2,801200201,1,200,3040102:1000_3041201:800_9201:4000,强化暴击,攻击+10%，暴击率+8%,,SkillBuffIcon_atlas0,3600001
801200202,8012,6,3,801200202,1,200,3040102:1000_3041201:800_9201:4500,强化暴击,攻击+10%，暴击率+8%,,SkillBuffIcon_atlas0,3600001
801200203,8012,7,4,801200203,4,200,3041201:1200_3041301:3000_9201:4500,强化暴击,暴击率+12%，暴击伤害+30%,,SkillBuffIcon_atlas0,3600001
700000001,7000,1,1,0,1,200,3050000:1_7000301:1500,冰刃,攻击附带15%冰属性伤害,,SkillBuffIcon_atlas0,3550001
700010101,7000,2,2,700010101,1,200,3050001:4000,冰元素强化,冰属性伤害+40%,,SkillBuffIcon_atlas0,3550001
700010102,7000,3,3,700010102,1,300,3050001:5000,冰元素强化+,冰属性伤害+50%,,SkillBuffIcon_atlas0,3550001
700010112,7000,4,3,700010112,1,400,3050001:6000,冰元素强化++,冰属性伤害+60%,,SkillBuffIcon_atlas0,3550001
700010122,7000,5,3,700010122,1,500,3050001:7500,冰元素强化+++,冰属性伤害+75%,,SkillBuffIcon_atlas0,3550001
700010132,7000,6,3,700010132,1,500,3050001:10000,终极冰元素强化,冰属性伤害+100%,,SkillBuffIcon_atlas0,3550001
700010103,7000,7,2,700010103,1,0,7000501:1_5001501:3000_5001502:1500_9201:3000_3041501:1,冰冻,攻击有30%概率造成1.5秒冰冻,,SkillBuffIcon_atlas0,3550002
700010104,7000,8,4,700010104,1,0,5000100:1_5000101:1_5000500:1_9201:3000_3041501:1,寒冰弹,学习寒冰弹技能,,SkillBuffIcon_atlas0,3550003
700010105,7000,9,5,700010105,1,0,5000501:5000_9201:3000_3041501:1,寒冰弹伤害,寒冰弹伤害+50%,,SkillBuffIcon_atlas0,3550002
700010106,7000,10,5,700010106,1,0,5020300:1_5020301:-3000_9201:3000_3041501:1,寒冰弹冷却,寒冰弹冷却-30%,,SkillBuffIcon_atlas0,3550002
700010107,7000,11,5,700010107,1,0,5000900:1_5000901:1_5001101:-6500_5000903:500_9201:3000_3041501:1,追加寒冰弹,追加一波35%伤害的寒冰弹,,SkillBuffIcon_atlas0,3550002
700010108,7000,12,6,700010108,1,0,5000501:10000_5000300:1_5000301:6_5000700:1_5000701:270_9201:3000_3041501:1,终极寒冰弹,寒冰弹伤害+100%，寒冰弹数量+6且改为向四周360度发射,,SkillBuffIcon_atlas0,3550003
700100001,7001,1,1,0,1,200,3060000:1_7000302:1500,火刃,攻击附带15%火属性伤害,,SkillBuffIcon_atlas0,3560001
700100101,7001,2,2,700100101,1,200,3060001:4000,火元素强化,火属性伤害+40%,,SkillBuffIcon_atlas0,3560001
700100102,7001,3,3,700100102,1,300,3060001:5000,火元素强化+,火属性伤害+50%,,SkillBuffIcon_atlas0,3560001
700100112,7001,4,3,700100112,1,400,3060001:6000,火元素强化++,火属性伤害+60%,,SkillBuffIcon_atlas0,3560001
700100122,7001,5,3,700100122,1,500,3060001:7500,火元素强化+++,火属性伤害+75%,,SkillBuffIcon_atlas0,3560001
700100132,7001,6,3,700100132,1,500,3060001:10000,终极火元素强化,火属性伤害+100%,,SkillBuffIcon_atlas0,3560001
700100103,7001,7,2,700100103,1,0,7000502:1_5101205:3000_5101201:3000_9201:3000_3041501:1,燃烧,攻击附加燃烧，每秒造成30%的伤害，持续3秒,,SkillBuffIcon_atlas0,3560002
700100104,7001,8,4,700100104,1,0,5100100:1_5100101:1_5100300:1_5100302:12000_9201:3000_3041501:1,火焰陨石,学习火焰陨石技能,,SkillBuffIcon_atlas0,3560003
700100105,7001,9,5,700100105,1,0,5100501:5000_9201:3000_3041501:1,火焰陨石伤害,火焰陨石伤害+50%,,SkillBuffIcon_atlas0,3560002
700100106,7001,10,5,700100106,1,0,5120300:1_5120301:-3000_9201:3000_3041501:1,火焰陨石冷却,火焰陨石冷却-30%,,SkillBuffIcon_atlas0,3560002
700100107,7001,11,5,700100107,1,0,5100301:1000_5100302:8000_9201:3000_3041501:1,火焰陨石范围,陨石落地爆炸范围+40%,,SkillBuffIcon_atlas0,3560002
700100108,7001,12,6,700100108,1,0,5100700:1_5100701:2_5100501:5000_9201:3000_3041501:1,终极火焰陨石,火焰陨石伤害+50%，陨石数量+2,,SkillBuffIcon_atlas0,3560003
700200001,7002,1,1,0,1,100,3070000:1_7000304:4000_9201:3000,电刃,攻击附带40%电属性伤害,,SkillBuffIcon_atlas0,3570001
700200101,7002,2,2,700200101,1,200,3070001:8000_9201:3000,电元素强化,电属性伤害+80%,,SkillBuffIcon_atlas0,3570001
700200102,7002,3,3,700200102,1,300,3070001:9000_9201:3000,电元素强化+,电属性伤害+90%,,SkillBuffIcon_atlas0,3570001
700200112,7002,4,3,700200112,1,400,3070001:10000_9201:3000,电元素强化++,电属性伤害+100%,,SkillBuffIcon_atlas0,3570001
700200122,7002,5,3,700200122,15,500,3070001:12000_9201:3000,电元素强化+++,电属性伤害+120%,,SkillBuffIcon_atlas0,3570001
700200132,7002,6,3,700200132,1,5000000,3070001:30000_9201:3000,终极电元素强化,电属性伤害+300%,,SkillBuffIcon_atlas0,3570001
700200103,7002,7,2,700200103,1,0,7000504:1_5200701:4500_5200702:1000_9201:3000_3041501:1,麻痹,攻击有45%概率造成1秒麻痹,,SkillBuffIcon_atlas0,3570003
700200104,7002,8,4,700200104,1,0,5200100:1_5200101:1_5200500:1_9201:3000_3041501:1,落雷,学习落雷技能,,SkillBuffIcon_atlas0,3570002
700200105,7002,9,5,700200105,1,0,5200501:5000_9201:3000_3041501:1,落雷伤害,落雷伤害+50%,,SkillBuffIcon_atlas0,3570003
700200106,7002,10,5,700200106,1,0,5220300:1_5220301:-3000_9201:3000_3041501:1,落雷冷却,落雷冷却-30%,,SkillBuffIcon_atlas0,3570003
700200107,7002,11,5,700200107,1,0,5200300:1_5200301:2_9201:3000_3041501:1,落雷数量,落雷数量+2,,SkillBuffIcon_atlas0,3570003
700200108,7002,12,6,700200108,1,0,5200501:10000_5200301:6_9201:3000_3041501:1,终极落雷,落雷伤害+100%，落雷数量+6,,SkillBuffIcon_atlas0,3570002
700400001,7004,1,1,0,1,0,7000305:5000_9201:3000,精致之刃,攻击伤害+50%,,SkillBuffIcon_atlas1,3600004
700400002,7004,2,2,700400002,1,0,7000305:5000_9201:3000,强化精致之刃,攻击伤害+50%,,SkillBuffIcon_atlas2,3600004
700400003,7004,3,3,700400003,1,0,7000305:6000_9201:3000,强化精致之刃+,攻击伤害+60%,,SkillBuffIcon_atlas3,3600004
700400004,7004,4,4,700400004,1,0,7000305:7500_9201:3000,强化精致之刃++,攻击伤害+75%,,SkillBuffIcon_atlas4,3600004
700400101,7004,5,1,0,1,0,3041501:1_7000100:1_7000101:-1000_9201:3000,分裂攻击,攻击目标+1，攻击伤害-10%,,SkillBuffIcon_atlas5,3610003
700400102,7004,6,2,700400102,1,0,3041501:1_7000101:-1000_9201:3000,强化分裂攻击,攻击目标+1，攻击伤害-10%,,SkillBuffIcon_atlas6,3610003
700400103,7004,7,3,700400103,1,0,3041501:2_7000101:-1500_9201:3000,强化分裂攻击+,攻击目标+2，攻击伤害-15%,,SkillBuffIcon_atlas7,3610003
700400104,7004,8,4,700400104,1,0,3041501:3_7000101:-2000_9201:3000,强化分裂攻击++,攻击目标+3，攻击伤害-20%,,SkillBuffIcon_atlas8,3610003
600100001,6001,1,1,0,1,200,920031:1,闪电链,学习闪电链技能,,SkillBuffIcon_atlas0,shandianlian
600100101,6001,2,2,600100101,2,200,3070301:6000_3070701:6000,闪电增伤,电系伤害+60%,,SkillBuffIcon_atlas0,shandianzengshang
600100102,6001,3,2,600100102,2,200,1920031:-1200,快速充电,闪电链冷却-30%,,SkillBuffIcon_atlas0,shandianlian
600100103,6001,4,2,600100103,2,200,5200701:2000,强化麻痹,闪电链造成麻痹概率+20%,,SkillBuffIcon_atlas0,mabi
600100201,6001,5,3,600100201,2,400,5920031:3,多重弹射,闪电链弹射次数+3,,SkillBuffIcon_atlas0,shandianlian
600100202,6001,6,3,600100202,1,400,920032:1,电环,释放一圈电环,,SkillBuffIcon_atlas0,dianhuan
600100203,6001,7,3,600100203,1,400,920033:1,雷暴云,召唤持续6秒的雷暴云，每秒随机劈下闪电对敌人造成伤害,,SkillBuffIcon_atlas0,leibaoyun
600100301,6001,8,4,600100301,2,600,7920032:6800_9920032:6800_13920032:1,过载,电环伤害+80%,,SkillBuffIcon_atlas0,dianhuan
600100302,6001,9,4,600100302,1,600,4920032:2730,静电力场,电环范围+65%,,SkillBuffIcon_atlas0,dianhuan
600100303,6001,10,4,600100303,2,600,1920033:-3500,麻痹时间,雷暴云冷却-35%,,SkillBuffIcon_atlas0,leibaoyun
600100401,6001,11,5,600100401,2,800,7920031:12000_9920031:12000_13920031:1,高能力场,闪电链伤害+100%,,SkillBuffIcon_atlas0,shandianlian
600100501,6001,12,6,600100501,1,1600,12920031:500_920034:1,连环闪电,闪电链每弹射一次，伤害+5%；击杀敌人时再次释放闪电链,,SkillBuffIcon_atlas0,shandianlian
600200001,6002,1,1,0,1,200,3070000:1_7000304:5000_5200711:2000,高能电刃,普攻附加额外闪电伤害，且有20%概率使目标麻痹,,SkillBuffIcon_atlas0,gaonengdianren
600200101,6002,2,2,600200101,2,200,3070301:6000_3070701:6000,闪电增伤,电系伤害+60%,,SkillBuffIcon_atlas0,shandianzengshang
600200102,6002,3,2,600200102,2,200,920051:1_7000314:1_7920051:5500_9920051:5500,电弧,电刃附加电弧，对附近敌人造成溅射伤害,,SkillBuffIcon_atlas0,dianhu
600200103,6002,4,2,600200103,2,200,5200711:2000,强化麻痹,电刃造成麻痹概率+20%,,SkillBuffIcon_atlas0,mabi
600200201,6002,5,3,600200201,2,400,7920051:3300_9920051:3300_7000314:1,电能强化,电弧伤害+60%,,SkillBuffIcon_atlas0,dianhu
600200202,6002,6,3,600200202,1,400,920053:1,电刃强化,每攻击3次，向前方劈出一道超强电刃,,SkillBuffIcon_atlas0,gaonengdianren
600200203,6002,7,3,600200203,1,400,920052:1_72005201:2500,雷神附体,攻击时有几率向周围释放电波,,SkillBuffIcon_atlas0,leishenfuti
600200301,6002,8,4,600200301,2,600,14920053:1,超级电刃,超强电刃数量+1,,SkillBuffIcon_atlas0,gaonengdianren
600200302,6002,9,4,600200302,1,600,4920053:4500,远程打击,超强电刃攻击距离+75%,,SkillBuffIcon_atlas0,gaonengdianren
600200303,6002,10,4,600200303,2,600,72005201:1500,雷神降世,雷神附体概率+15%,,SkillBuffIcon_atlas0,leishenfuti
600200401,6002,11,5,600200401,2,800,7920053:5400_9920053:5400,电刃增伤,超强电刃伤害+90%,,SkillBuffIcon_atlas0,gaonengdianren
600200501,6002,12,6,600200501,1,1600,920054:1,天罚,每击杀一个敌人，会劈出一道超强电刃,,SkillBuffIcon_atlas0,gaonengdianren
