paipaiworld_config,Unnamed: 1,Unnamed: 2,Unnamed: 3,Unnamed: 4,Unnamed: 5,Unnamed: 6,Unnamed: 7,Unnamed: 8
INT_K,INT_S,INT_C_S,STRING_S_C_T,STRING,STRING,INT_S,INT_C_S,INT_S
id,is_into_buff,formula_parameter_id,name,attr_desc,nameEnglish,type,figure,initial_value
属性ID,是否进入buff中心,公式属性id,属性名称,属性注释 ,实际属性,属性类型,数值类型,初始值
7101,0,7101,武力,人偶武力值，参数1，固定值,load_percent,5,1,0
7201,0,7201,武力,人偶武力值，参数8，万分比,load_percent,5,2,0
7301,0,7301,武力,人偶武力值，参数4，固定值,load_percent,5,1,0
7401,0,7401,武力,人偶武力值，参数9，万分比,load_percent,5,2,0
7402,0,7402,武力,人偶武力值，参数9，万分比,load_percent,5,2,0
7403,0,7403,武力,人偶武力值，参数9，万分比,load_percent,5,2,0
7404,0,7404,武力,人偶武力值，参数9，万分比,load_percent,5,2,0
7501,0,7501,武力,人偶武力值，参数10，万分比,load_percent,5,2,0
7601,0,7601,武力,人偶武力值，参数11，万分比,load_percent,5,2,0
7701,0,7701,武力,人偶武力值，参数12，万分比,load_percent,5,2,0
8101,0,8101,武力,人偶pve值，参数1，固定值,load_percent,5,1,0
8201,0,8201,武力,人偶pve值，参数8，万分比,load_percent,5,2,0
8301,0,8301,武力,人偶pve值，参数4，固定值,load_percent,5,1,0
8401,0,8401,武力,人偶pve值，参数9，万分比,load_percent,5,2,0
8402,0,8401,武力,人偶pve值，参数9，万分比,load_percent,5,2,0
8403,0,8403,武力,人偶pve值，参数9，万分比,load_percent,5,2,0
8404,0,8404,武力,人偶pve值，参数9，万分比,load_percent,5,2,0
8501,0,8501,武力,人偶pve值，参数10，万分比,load_percent,5,2,0
8601,0,8601,武力,人偶pve值，参数11，万分比,load_percent,5,2,0
8701,0,8701,武力,人偶pve值，参数12，万分比,load_percent,5,2,0
9001,0,9001,武力,展示用人偶武力值，参数1，固定值,load_percent,5,1,0
9101,0,9101,武力,展示用人偶武力值，参数1，固定值,load_percent,5,1,65
9201,0,9201,武力,展示用人偶武力值，参数8，万分比,load_percent,5,2,0
9301,0,9301,武力,展示用人偶武力值，参数4，固定值,load_percent,5,1,0
9401,0,9401,武力,展示用人偶武力值，参数9，万分比,load_percent,5,2,0
9402,0,9402,武力,展示用人偶武力值，参数9，万分比,load_percent,5,2,0
9403,0,9403,武力,展示用人偶武力值，参数9，万分比,load_percent,5,2,0
9404,0,9404,武力,展示用人偶武力值，参数9，万分比,load_percent,5,2,0
9501,0,9501,武力,展示用人偶武力值，参数10，万分比,load_percent,5,2,0
9601,0,9601,武力,展示用人偶武力值，参数11，万分比,load_percent,5,2,0
9701,0,9701,武力,展示用人偶武力值，参数12，万分比,load_percent,5,2,0
9001,0,9001,武力,迷宫用， 武力总值，关联迷宫武力公式。,load_percent,5,1,0
10257,1,0,钱币掉落公式,迷宫怪物掉落钱币，掉落值 = 掉落固定值[怪物掉落、武力掉落、装备词条掉落]*（1+掉落经验加成）,技能效果、战斗效果,6,1,0
10258,1,0,怪物掉落钱币,装备额外掉落,技能效果、战斗效果,6,1,0
10259,1,0,掉落钱币加成,迷宫怪物掉落钱币加成万分比（月卡buff，总加成）,技能效果、战斗效果,6,2,0
10260,1,0,经验掉落公式,迷宫怪物掉落经验，掉落值 = 掉落固定值[怪物掉落、武力掉落、装备词条掉落]*（1+掉落经验加成）,技能效果、战斗效果,6,1,0
10261,1,0,怪物掉落经验,装备额外掉落,技能效果、战斗效果,6,1,0
10262,1,0,掉落经验加成,迷宫怪物掉落经验,技能效果、战斗效果,6,2,0
3010000,1,0,角色攻击,迷宫攻击属性公式id，最终值，战斗公式的角色攻击,迷宫属性,10,1,0
3010101,1,0,攻击,迷宫攻击，参数1，固定值,迷宫属性,10,1,10
3010201,1,0,攻击,迷宫攻击，参数8，万分比,迷宫属性,10,2,0
3010301,1,0,攻击,迷宫攻击，参数4，固定值,迷宫属性,10,1,0
3010401,1,0,攻击,迷宫攻击，参数9，万分比,迷宫属性,10,2,0
3010402,1,0,攻击,迷宫攻击，参数9，万分比,迷宫属性,10,2,0
3010403,1,0,攻击,迷宫攻击，参数9，万分比,迷宫属性,10,2,0
3010404,1,0,攻击,迷宫攻击，参数9，万分比,迷宫属性,10,2,0
3010405,1,0,攻击,迷宫攻击，参数9，万分比,迷宫属性,10,2,0
3010501,1,0,攻击,迷宫攻击，参数10，万分比,迷宫属性,10,2,0
3010601,1,0,攻击,迷宫攻击，参数11，万分比,迷宫属性,10,2,0
3010701,1,0,攻击,迷宫攻击，参数12，万分比,迷宫属性,10,2,0
3020000,1,0,角色防御,迷宫防御属性公式id，最终值，战斗公式的角色防御,迷宫属性,10,1,0
3020101,1,0,防御,迷宫防御，参数1，固定值,迷宫属性,10,1,2
3020201,1,0,防御,迷宫防御，参数8，万分比,迷宫属性,10,2,0
3020301,1,0,防御,迷宫防御，参数4，固定值,迷宫属性,10,1,0
3020401,1,0,防御,迷宫防御，参数9，万分比,迷宫属性,10,2,0
3020502,1,0,防御,迷宫防御，参数9，万分比,迷宫属性,10,2,0
3020603,1,0,防御,迷宫防御，参数9，万分比,迷宫属性,10,2,0
3020704,1,0,防御,迷宫防御，参数9，万分比,迷宫属性,10,2,0
3020805,1,0,防御,迷宫防御，参数9，万分比,迷宫属性,10,2,0
3020501,1,0,防御,迷宫防御，参数10，万分比,迷宫属性,10,2,0
3020601,1,0,防御,迷宫防御，参数11，万分比,迷宫属性,10,2,0
3020701,1,0,防御,迷宫防御，参数12，万分比,迷宫属性,10,2,0
3030000,1,0,角色生命,迷宫生命属性公式id，最终值，战斗公式的角色生命,迷宫属性,10,1,0
3030101,1,0,生命,迷宫生命，参数1，固定值,迷宫属性,10,1,560
3030201,1,0,生命,迷宫生命，参数8，万分比,迷宫属性,10,2,0
3030301,1,0,生命,迷宫生命，参数4，固定值,迷宫属性,10,1,0
3030401,1,0,生命,迷宫生命，参数9，万分比,迷宫属性,10,2,0
3030502,1,0,生命,迷宫生命，参数9，万分比,迷宫属性,10,2,0
3030603,1,0,生命,迷宫生命，参数9，万分比,迷宫属性,10,2,0
3030704,1,0,生命,迷宫生命，参数9，万分比,迷宫属性,10,2,0
3030805,1,0,生命,迷宫生命，参数9，万分比,迷宫属性,10,2,0
3030501,1,0,生命,迷宫生命，参数10，万分比,迷宫属性,10,2,0
3030601,1,0,生命,迷宫生命，参数11，万分比,迷宫属性,10,2,0
3030701,1,0,生命,迷宫生命，参数12，万分比,迷宫属性,10,2,0
3000101,1,0,韧性上限,玩家韧性上限,迷宫属性,8,2,200
3000201,1,0,攻击目标数量,,迷宫属性,10,1,0
3000301,1,0,击中怪物回血固定值,,迷宫属性,8,1,0
3000401,1,0,暴击几率,,迷宫属性,10,2,0
3000501,1,0,暴击伤害,,迷宫属性,10,2,0
3000601,1,0,地宫通关值,,迷宫属性,8,1,0
3040101,1,0,攻击,攻击固定值和,迷宫关卡内加成属性,10,1,0
3040102,1,0,攻击,攻击提高和，万分比,迷宫关卡内加成属性,10,2,0
3040201,1,0,防御,防御固定值,迷宫关卡内加成属性,10,1,0
3040202,1,0,防御,防御提高和，万分比,迷宫关卡内加成属性,10,2,0
3040301,1,0,攻击伤害,伤害提高和，万分比,迷宫关卡内加成属性,10,2,0
3040401,1,0,受到伤害,目标受到伤害提高和，万分比,迷宫关卡内加成属性,10,2,0
3040501,1,0,额外伤害,额外伤害固定值和,迷宫关卡内加成属性,10,1,0
3040601,1,0,受到额外伤害,目标额外受伤固定值和,迷宫关卡内加成属性,10,1,0
3040701,1,0,伤害总加成,伤害总加成，万分比,迷宫关卡内加成属性,10,2,0
3040801,1,0,受到伤害总加成,目标受伤总加成，万分比,迷宫关卡内加成属性,10,2,0
3040901,1,0,攻击速度,攻击速度,迷宫关卡内加成属性,10,2,0
3041001,1,0,攻击范围,攻击距离，万分比,迷宫关卡内加成属性,10,2,0
3041101,1,0,击中怪物回血,击中怪物回血,迷宫关卡内加成属性,10,1,0
3041102,1,0,击中回血效果,击中回血效果提高%,迷宫关卡内加成属性,10,2,0
3041201,1,0,暴击几率,暴击几率和，万分比,迷宫关卡内加成属性,10,2,0
3041301,1,0,暴击伤害,暴击伤害和，万分比,迷宫关卡内加成属性,10,2,20000
3041401,1,0,移动速度,移动速度，万分比,迷宫关卡内加成属性,10,2,0
3041501,1,0,攻击数量,攻击目标的个数,迷宫关卡内加成属性,10,1,2
3041601,1,0,持续伤害提高,无元素持续伤害提高，万分比,迷宫关卡内加成属性,10,2,0
3041701,1,0,受到持续伤害提高,受到无元素持续伤害提高，万分比,迷宫关卡内加成属性,10,2,0
3041801,1,0,额外持续伤害,额外无元素持续伤害，固定值,迷宫关卡内加成属性,10,1,0
3041901,1,0,受到额外持续伤害,受到额外无元素持续伤害，固定值,迷宫关卡内加成属性,10,1,0
3050001,1,0,攻击附加冰元素系数,冰元素的转换系数，实现方式为：攻击附带额外冰元素攻击，附带的冰攻=角色攻击*冰元素系数,迷宫关卡内加成属性,10,2,10000
3050101,1,0,冰元素攻击,冰攻击固定值和,迷宫关卡内加成属性,10,1,0
3050102,1,0,冰元素攻击,冰攻击提高和，万分比,迷宫关卡内加成属性,10,2,0
3050301,1,0,冰元素伤害,冰伤害提高和，万分比,迷宫关卡内加成属性,10,2,0
3050401,1,0,受到冰元素伤害,目标受到冰伤害提高和，万分比,迷宫关卡内加成属性,10,2,0
3050501,1,0,额外冰伤害,额外冰伤害固定值和,迷宫关卡内加成属性,10,1,0
3050601,1,0,受到额外冰伤害,目标额外受冰伤害固定值和,迷宫关卡内加成属性,10,1,0
3050701,1,0,冰持续伤害提高,冰元素持续伤害提高，万分比,迷宫关卡内加成属性,10,2,0
3050801,1,0,受到冰持续伤害提高,受到冰元素持续伤害提高，万分比,迷宫关卡内加成属性,10,2,0
3050901,1,0,额外冰持续伤害固定值,额外冰元素持续伤害，固定值,迷宫关卡内加成属性,10,1,0
3051001,1,0,受到额外冰持续伤害固定值,受到额外冰元素持续伤害，固定值,迷宫关卡内加成属性,10,1,0
3060001,1,0,攻击附加火元素系数,火元素的转换系数，实现方式为：攻击附带额外火元素攻击，附带的火攻=角色攻击*火元素系数,迷宫关卡内加成属性,10,2,10000
3060101,1,0,火元素攻击,火攻击固定值和,迷宫关卡内加成属性,10,1,0
3060102,1,0,火元素攻击,火攻击提高和，万分比,迷宫关卡内加成属性,10,2,0
3060301,1,0,火元素伤害,火伤害提高和，万分比,迷宫关卡内加成属性,10,2,0
3060401,1,0,受到火元素伤害,目标受到火伤害提高和，万分比,迷宫关卡内加成属性,10,2,0
3060501,1,0,额外火伤害,额外火伤害固定值和,迷宫关卡内加成属性,10,1,0
3060601,1,0,受到额外火伤害,目标额外受火伤害固定值和,迷宫关卡内加成属性,10,1,0
3060701,1,0,火持续伤害提高,火元素持续伤害提高，万分比,迷宫关卡内加成属性,10,2,0
3060801,1,0,受到火持续伤害提高,受到火元素持续伤害提高，万分比,迷宫关卡内加成属性,10,2,0
3060901,1,0,额外火持续伤害固定值,额外火元素持续伤害，固定值,迷宫关卡内加成属性,10,1,0
3061001,1,0,受到额外火持续伤害固定值,受到额外火元素持续伤害，固定值,迷宫关卡内加成属性,10,1,0
3070001,1,0,攻击附加电元素系数,电元素的转换系数，实现方式为：攻击附带额外电元素攻击，附带的电攻=角色攻击*电元素系数,迷宫关卡内加成属性,10,2,10000
3070101,1,0,电元素攻击,电攻击固定值和,迷宫关卡内加成属性,10,1,0
3070102,1,0,电元素攻击,电攻击提高和，万分比,迷宫关卡内加成属性,10,2,0
3070301,1,0,电元素伤害,电伤害提高和，万分比,迷宫关卡内加成属性,10,2,0
3070401,1,0,受到电元素伤害,目标受到电伤害提高和，万分比,迷宫关卡内加成属性,10,2,0
3070501,1,0,额外电伤害,额外电伤害固定值和,迷宫关卡内加成属性,10,1,0
3070601,1,0,受到额外电伤害,目标额外受电伤害固定值和,迷宫关卡内加成属性,10,1,0
3070701,1,0,电持续伤害提高,电元素持续伤害提高，万分比,迷宫关卡内加成属性,10,2,0
3070801,1,0,受到电持续伤害提高,受到电元素持续伤害提高，万分比,迷宫关卡内加成属性,10,2,0
3070901,1,0,额外电持续伤害固定值,额外电元素持续伤害，固定值,迷宫关卡内加成属性,10,1,0
3071001,1,0,受到额外电持续伤害固定值,受到额外电元素持续伤害，固定值,迷宫关卡内加成属性,10,1,0
3080001,1,0,攻击附加毒元素系数,毒元素的转换系数，实现方式为：攻击附带额外毒元素攻击，附带的毒攻=角色攻击*毒元素系数,迷宫关卡内加成属性,10,2,10000
3080101,1,0,毒元素攻击,毒攻击固定值和,迷宫关卡内加成属性,10,1,0
3080102,1,0,毒元素攻击,毒攻击提高和，万分比,迷宫关卡内加成属性,10,2,0
3080301,1,0,毒元素伤害,毒伤害提高和，万分比,迷宫关卡内加成属性,10,2,0
3080401,1,0,受到毒元素伤害,目标受到毒伤害提高和，万分比,迷宫关卡内加成属性,10,2,0
3080501,1,0,额外毒伤害,额外毒伤害固定值和,迷宫关卡内加成属性,10,1,0
3080601,1,0,受到额外毒伤害,目标额外受毒伤害固定值和,迷宫关卡内加成属性,10,1,0
3080701,1,0,毒持续伤害提高,毒元素持续伤害提高，万分比,迷宫关卡内加成属性,10,2,0
3080801,1,0,受到毒持续伤害提高,受到毒元素持续伤害提高，万分比,迷宫关卡内加成属性,10,2,0
3080901,1,0,额外毒持续伤害固定值,额外毒元素持续伤害，固定值,迷宫关卡内加成属性,10,1,0
3081001,1,0,受到额外毒持续伤害固定值,受到额外毒元素持续伤害，固定值,迷宫关卡内加成属性,10,1,0
3042101,1,0,生命上限,生命值上限提高%,迷宫关卡内加成属性,10,2,0
3042102,1,0,生命上限,生命值上限提高,迷宫关卡内加成属性,10,1,0
3042201,1,0,获取护盾,获取护盾提高%,迷宫关卡内加成属性,10,2,0
3042202,1,0,获取护盾,获取护盾,迷宫关卡内加成属性,10,1,0
3042301,1,0,百战不殆效果,百战不殆效果提高%,迷宫关卡内加成属性,10,2,0
3042401,1,0,旋风斩伤害,旋风斩伤害%,迷宫关卡内加成属性,10,2,0
3042501,1,0,多重打击触发几率,多重打击触发几率提高%,迷宫关卡内加成属性,10,2,0
3042601,1,0,每1%暴击率增加暴击伤害,每1%暴击率增加暴击伤害%,迷宫关卡内加成属性,10,2,0
3042701,1,0,致命暴击叠加层数,致命暴击叠加层数,迷宫关卡内加成属性,10,1,0
3042801,1,0,狂暴叠加层数,狂暴叠加层数,迷宫关卡内加成属性,10,1,0
3042901,1,0,复活时恢复血量提高,复活时恢复血量提高%,迷宫关卡内加成属性,10,2,0
3043001,1,0,对冰冻的敌人伤害提高,对冰冻的敌人伤害提高,迷宫关卡内加成属性,10,2,0
3043101,1,0,对燃烧的敌人伤害提高,对燃烧的敌人伤害提高,迷宫关卡内加成属性,10,2,0
3043201,1,0,对触电的敌人伤害提高,对触电的敌人伤害提高,迷宫关卡内加成属性,10,2,0
3043301,1,0,对中毒的敌人伤害提高,对中毒的敌人伤害提高,迷宫关卡内加成属性,10,2,0
3540100,1,0,攻击速度提高,被动技能,迷宫关卡内加成属性,9,1,0
3540200,1,0,攻击速度提高,逻辑id,迷宫关卡内加成属性,9,1,0
3540201,1,0,攻击速度提高万分比,参数-参数1,迷宫关卡内加成属性,9,2,0
3540205,1,0,攻击速度提高持续时间,参数-参数5持续时间,迷宫关卡内加成属性,9,1,0
3540207,1,0,效果可叠加最大层数,参数-参数7可叠加上限,迷宫关卡内加成属性,9,1,0
3540300,1,0,攻击提高,被动技能,迷宫关卡内加成属性,9,1,0
3540400,1,0,攻击提高,逻辑id,迷宫关卡内加成属性,9,1,0
3540401,1,0,攻击提高万分比,参数-参数1,迷宫关卡内加成属性,9,2,0
3540402,1,0,攻击提高固定值,参数-参数2,迷宫关卡内加成属性,9,1,0
3540405,1,0,攻击提高持续时间,参数-参数5持续时间,迷宫关卡内加成属性,9,1,0
3540407,1,0,效果可叠加最大层数,参数-参数7可叠加上限,迷宫关卡内加成属性,9,1,0
3540500,1,0,防御提高,被动技能,迷宫关卡内加成属性,9,1,0
3540600,1,0,防御提高,逻辑id,迷宫关卡内加成属性,9,1,0
3540601,1,0,防御提高万分比,参数-参数1,迷宫关卡内加成属性,9,2,0
3540602,1,0,防御提高固定值,参数-参数2,迷宫关卡内加成属性,9,1,0
3540605,1,0,防御提高持续时间,参数-参数5持续时间,迷宫关卡内加成属性,9,1,0
3540607,1,0,效果可叠加最大层数,参数-参数7可叠加上限,迷宫关卡内加成属性,9,1,0
3540700,1,0,生命提高,被动技能,迷宫关卡内加成属性,9,1,0
3540800,1,0,生命提高,逻辑id,迷宫关卡内加成属性,9,1,0
3540801,1,0,生命提高万分比,参数-参数1,迷宫关卡内加成属性,9,2,0
3540802,1,0,生命提高固定值,参数-参数2,迷宫关卡内加成属性,9,1,0
3540805,1,0,生命提高持续时间,参数-参数5持续时间,迷宫关卡内加成属性,9,1,0
3540807,1,0,效果可叠加最大层数,参数-参数7可叠加上限,迷宫关卡内加成属性,9,1,0
3540900,1,0,击中回血效果提高,被动技能,迷宫关卡内加成属性,9,1,0
3541000,1,0,击中回血效果提高,逻辑id,迷宫关卡内加成属性,9,1,0
3541001,1,0,击中回血效果提高万分比,参数-参数1,迷宫关卡内加成属性,9,2,0
3541002,1,0,击中回血效果提高固定值,参数-参数2,迷宫关卡内加成属性,9,1,0
3541005,1,0,击中回血效果提高持续时间,参数-参数5持续时间,迷宫关卡内加成属性,9,1,0
3541007,1,0,效果可叠加最大层数,参数-参数7可叠加上限,迷宫关卡内加成属性,9,1,0
3541100,1,0,暴击几率提高,被动技能,迷宫关卡内加成属性,9,1,0
3541200,1,0,暴击几率提高,逻辑id,迷宫关卡内加成属性,9,1,0
3541201,1,0,暴击几率提高万分比,参数-参数1,迷宫关卡内加成属性,9,2,0
3541205,1,0,暴击几率提高持续时间,参数-参数5持续时间,迷宫关卡内加成属性,9,1,0
3541207,1,0,效果可叠加最大层数,参数-参数7可叠加上限,迷宫关卡内加成属性,9,1,0
3541300,1,0,暴击伤害提高,被动技能,迷宫关卡内加成属性,9,1,0
3541400,1,0,暴击伤害提高,逻辑id,迷宫关卡内加成属性,9,2,0
3541401,1,0,暴击伤害提高万分比,参数-参数1,迷宫关卡内加成属性,9,1,0
3541405,1,0,暴击伤害提高持续时间,参数-参数5持续时间,迷宫关卡内加成属性,9,1,0
3541407,1,0,效果可叠加最大层数,参数-参数7可叠加上限,迷宫关卡内加成属性,9,1,0
3541500,1,0,伤害提高,被动技能,迷宫关卡内加成属性,9,1,0
3541600,1,0,伤害提高,逻辑id,迷宫关卡内加成属性,9,1,0
3541601,1,0,伤害提高万分比,参数-参数1,迷宫关卡内加成属性,9,2,0
3541602,1,0,伤害提高固定值,参数-参数2,迷宫关卡内加成属性,9,1,0
3541605,1,0,伤害提高持续时间,参数-参数5持续时间,迷宫关卡内加成属性,9,1,0
3541607,1,0,效果可叠加最大层数,参数-参数7可叠加上限,迷宫关卡内加成属性,9,1,0
3541700,1,0,受到伤害提高,被动技能,迷宫关卡内加成属性,9,1,0
3541800,1,0,受到伤害提高,逻辑id,迷宫关卡内加成属性,9,1,0
3541801,1,0,受到伤害提高万分比,参数-参数1,迷宫关卡内加成属性,9,2,0
3541802,1,0,受到伤害提高固定值,参数-参数2,迷宫关卡内加成属性,9,1,0
3541805,1,0,受到伤害提高持续时间,参数-参数5持续时间,迷宫关卡内加成属性,9,1,0
3541807,1,0,效果可叠加最大层数,参数-参数7可叠加上限,迷宫关卡内加成属性,9,1,0
3541900,1,0,持续伤害提高,被动技能,迷宫关卡内加成属性,9,1,0
3542000,1,0,持续伤害提高,逻辑id,迷宫关卡内加成属性,9,1,0
3542001,1,0,持续伤害提高万分比,参数-参数1,迷宫关卡内加成属性,9,2,0
3542002,1,0,持续伤害提高固定值,参数-参数2,迷宫关卡内加成属性,9,1,0
3542005,1,0,持续伤害提高持续时间,参数-参数5持续时间,迷宫关卡内加成属性,9,1,0
3542007,1,0,效果可叠加最大层数,参数-参数7可叠加上限,迷宫关卡内加成属性,9,1,0
3542100,1,0,受到持续伤害提高,被动技能,迷宫关卡内加成属性,9,1,0
3542200,1,0,受到持续伤害提高,逻辑id,迷宫关卡内加成属性,9,1,0
3542201,1,0,受到持续伤害提高万分比,参数-参数1,迷宫关卡内加成属性,9,2,0
3542202,1,0,受到持续伤害提高固定值,参数-参数2,迷宫关卡内加成属性,9,1,0
3542205,1,0,受到持续伤害提高持续时间,参数-参数5持续时间,迷宫关卡内加成属性,9,1,0
3542207,1,0,效果可叠加最大层数,参数-参数7可叠加上限,迷宫关卡内加成属性,9,1,0
3542300,1,0,移动速度提高,被动技能,迷宫关卡内加成属性,9,1,0
3542400,1,0,移动速度提高,逻辑id,迷宫关卡内加成属性,9,1,0
3542401,1,0,移动速度提高万分比,参数-参数1,迷宫关卡内加成属性,9,2,0
3542405,1,0,移动速度提高持续时间,参数-参数5持续时间,迷宫关卡内加成属性,9,1,0
3542407,1,0,效果可叠加最大层数,参数-参数7可叠加上限,迷宫关卡内加成属性,9,1,0
3542500,1,0,获取护盾提高,被动技能,迷宫关卡内加成属性,9,1,0
3542600,1,0,获取护盾提高,逻辑id,迷宫关卡内加成属性,9,1,0
3542601,1,0,获取护盾提高万分比,参数-参数1,迷宫关卡内加成属性,9,1,0
3542605,1,0,获取护盾提高持续时间,参数-参数5持续时间,迷宫关卡内加成属性,9,1,0
3542607,1,0,触发的效果最大层数,参数-参数7可叠加上限,迷宫关卡内加成属性,9,1,0
3550100,0,0,攻击使目标冰冻,被动技能,迷宫关卡内加成属性,9,1,0
3550200,0,0,冰冻状态,逻辑id,迷宫关卡内加成属性,9,1,0
3550205,0,0,冰冻持续时间,参数-参数5持续时间,迷宫关卡内加成属性,9,1,0
3550206,0,0,冰冻状态的命中几率,参数-参数6命中率,迷宫关卡内加成属性,9,2,0
3550300,0,0,冰霜新星,主动技能,迷宫关卡内加成属性,9,1,0
3550400,0,0,攻击次数触发释放冰霜新星,被动技能,迷宫关卡内加成属性,9,1,0
3550500,0,0,攻击次数触发释放冰霜新星,逻辑id,迷宫关卡内加成属性,9,1,0
3550501,0,0,需要攻击次数,参数-参数1,迷宫关卡内加成属性,9,1,0
3550502,0,0,释放几率,参数-参数2,迷宫关卡内加成属性,9,2,0
3550503,0,0,释放次数,参数-参数3,迷宫关卡内加成属性,9,1,0
3550600,0,0,冰霜新星额外释放冰霜新星,被动技能,迷宫关卡内加成属性,9,1,0
3550700,0,0,冰霜新星额外释放冰霜新星,逻辑id,迷宫关卡内加成属性,9,1,0
3550701,0,0,额外触发冰霜新星时间间隔,参数-参数1,迷宫关卡内加成属性,9,1,0
3550702,0,0,额外触发冰霜新星几率,参数-参数2,迷宫关卡内加成属性,9,2,0
3550703,0,0,额外触发冰霜新星次数,参数-参数3,迷宫关卡内加成属性,9,1,0
3550800,0,0,双重冰冻额外伤害,被动技能,迷宫关卡内加成属性,9,1,0
3550900,0,0,使冰冻目标再次冰冻造成额外伤害,逻辑id,迷宫关卡内加成属性,9,1,0
3550901,0,0,最终冰元素伤害万分比,参数-参数1,迷宫关卡内加成属性,9,2,0
3550902,0,0,额外冰元素伤害固定值,参数-参数2,迷宫关卡内加成属性,9,1,0
3551000,0,0,冰冻时额外造成伤害,被动技能,迷宫关卡内加成属性,9,1,0
3551100,0,0,冰冻时额外造成伤害,逻辑id,迷宫关卡内加成属性,9,1,0
3551101,0,0,冰冻时额外伤害目标最大生命系数,参数-参数1,迷宫关卡内加成属性,9,3,0
3551102,0,0,冰冻时额外伤害固定值,参数-参数2,迷宫关卡内加成属性,9,1,0
3551103,0,0,冰冻时额外伤害触发间隔,参数-参数3,迷宫关卡内加成属性,9,1,0
3551200,0,0,攻击冰冻目标触发额外伤害,被动技能,迷宫关卡内加成属性,9,1,0
3551300,0,0,攻击冰冻目标触发额外伤害,逻辑id,迷宫关卡内加成属性,9,1,0
3551301,0,0,最终冰元素伤害万分比,参数-参数1,迷宫关卡内加成属性,9,2,0
3551302,0,0,最终冰元素伤害固定值,参数-参数2,迷宫关卡内加成属性,9,1,0
3551400,0,0,冰霜新星造成冰冻几率增加,被动技能,迷宫关卡内加成属性,9,1,0
3551500,0,0,冰霜新星造成冰冻几率增加,逻辑id,迷宫关卡内加成属性,9,1,0
3551501,0,0,冰霜新星额外增加冰冻几率,参数-参数1,迷宫关卡内加成属性,9,2,0
3560100,1,0,攻击使目标燃烧,被动技能,迷宫关卡内加成属性,9,1,0
3560200,1,0,燃烧状态,逻辑id,迷宫关卡内加成属性,9,1,0
3560201,1,0,燃烧伤害系数万分比,参数-参数1,迷宫关卡内加成属性,9,2,0
3560202,1,0,燃烧伤害系数固定值,参数-参数2,迷宫关卡内加成属性,9,1,0
3560205,1,0,燃烧持续时间,参数-参数5-持续时间,迷宫关卡内加成属性,9,1,0
3560206,1,0,燃烧的命中率,参数-参数6-命中率,迷宫关卡内加成属性,9,2,0
3560208,1,0,伤害结算间隔,参数-参数3,迷宫关卡内加成属性,9,1,0
3560300,1,0,陨石,主动技能,迷宫关卡内加成属性,9,1,0
3560400,1,0,自动释放陨石,被动技能,迷宫关卡内加成属性,9,1,0
3560500,1,0,自动释放陨石,逻辑id,迷宫关卡内加成属性,9,1,0
3560501,1,0,自动释放陨石需要攻击次数,参数-参数1,迷宫关卡内加成属性,9,1,0
3560502,1,0,自动释放陨石几率,参数-参数2,迷宫关卡内加成属性,9,2,0
3560503,1,0,自动释放陨石次数,参数-参数3,迷宫关卡内加成属性,9,1,0
3560600,1,0,燃烧状态受到伤害提高,被动技能,迷宫关卡内加成属性,9,1,0
3560700,1,0,燃烧状态受到伤害提高,逻辑id,迷宫关卡内加成属性,9,1,0
3560701,1,0,受到伤害提高万分比,参数-参数1,迷宫关卡内加成属性,9,2,0
3560800,1,0,陨石造成燃烧命中率增加,被动技能,迷宫关卡内加成属性,9,1,0
3560900,1,0,陨石造成燃烧命中率增加,逻辑id,迷宫关卡内加成属性,9,1,0
3560901,1,0,陨石额外增加燃烧命中率,参数-参数1,迷宫关卡内加成属性,9,2,0
3561000,1,0,燃烧时死亡触发死亡爆炸,被动技能,迷宫关卡内加成属性,9,1,0
3561100,1,0,燃烧时死亡触发死亡爆炸,逻辑id,迷宫关卡内加成属性,9,1,0
3561102,1,0,释放闪电链的几率,参数-参数2,迷宫关卡内加成属性,9,2,0
3561103,1,0,释放闪电链的次数,参数-参数3,迷宫关卡内加成属性,9,1,0
3561200,1,0,死亡爆炸,主动技能,迷宫关卡内加成属性,9,1,0
3561300,1,0,燃烧时被攻击受到额外伤害,被动技能,迷宫关卡内加成属性,9,1,0
3561400,1,0,燃烧时被攻击受到额外伤害,逻辑id,迷宫关卡内加成属性,9,1,0
3561401,1,0,额外伤害万分比,参数-参数1,迷宫关卡内加成属性,9,1,0
3561402,1,0,额外伤害固定值,参数-参数2,迷宫关卡内加成属性,9,1,0
3561407,1,0,效果触发间隔,参数-参数8,迷宫关卡内加成属性,9,1,0
3570100,1,0,攻击使目标触电,被动技能,迷宫关卡内加成属性,9,1,0
3570200,1,0,触电状态,逻辑id,迷宫关卡内加成属性,9,1,0
3570201,1,0,触电额外受最终伤害万分比,参数-参数1,迷宫关卡内加成属性,9,1,0
3570202,1,0,触电额外伤害固定值,参数-参数2,迷宫关卡内加成属性,9,2,0
3570205,1,0,持续时间,参数-参数5-持续时间,迷宫关卡内加成属性,9,1,0
3570206,1,0,命中几率,参数-参数6-命中率,迷宫关卡内加成属性,9,1,0
3570300,1,0,闪电链,主动技能,迷宫关卡内加成属性,9,2,0
3570400,1,0,闪电链弹射效果,被动技能,迷宫关卡内加成属性,9,1,0
3570500,1,0,闪电链弹射效果,逻辑id,迷宫关卡内加成属性,9,1,0
3570501,1,0,最大可弹射次数,参数-参数1,迷宫关卡内加成属性,9,1,0
3570502,1,0,同目标可弹射次数,参数-参数2,迷宫关卡内加成属性,9,1,0
3570503,1,0,每次弹射伤害降低,参数-参数3,迷宫关卡内加成属性,9,2,0
3570600,1,0,攻击触发释放闪电链,被动技能,迷宫关卡内加成属性,9,1,0
3570700,1,0,攻击触发释放闪电链,逻辑id,迷宫关卡内加成属性,9,1,0
3570701,1,0,需要的攻击次数,参数-参数1,迷宫关卡内加成属性,9,1,0
3570702,1,0,释放闪电链的几率,参数-参数2,迷宫关卡内加成属性,9,2,0
3570703,1,0,释放闪电链的次数,参数-参数3,迷宫关卡内加成属性,9,1,0
3570800,1,0,触电时被攻击受到伤害提高,被动技能,迷宫关卡内加成属性,9,1,0
3570900,1,0,触电时被攻击受到伤害提高,逻辑id,迷宫关卡内加成属性,9,1,0
3570901,1,0,受伤提高万分比,参数-参数1,迷宫关卡内加成属性,9,2,0
3570902,1,0,额外伤害固定值,参数-参数2,迷宫关卡内加成属性,9,1,0
3571000,1,0,造成触电时触发触电伤害,被动技能,迷宫关卡内加成属性,9,1,0
3571100,1,0,造成触电时触发触电伤害,逻辑id,迷宫关卡内加成属性,9,1,0
3571101,1,0,立即造成触电伤害万分比,参数-参数1,迷宫关卡内加成属性,9,2,0
3571102,1,0,触发次数,参数-参数2,迷宫关卡内加成属性,9,1,0
3571103,1,0,触发间隔,参数-参数3,迷宫关卡内加成属性,9,1,0
3571200,1,0,触发触电伤害时释放电磁爆炸,被动技能,迷宫关卡内加成属性,9,1,0
3571300,1,0,触发触电伤害时释放电磁爆炸,逻辑id,迷宫关卡内加成属性,9,1,0
3571302,1,0,释放闪电链的几率,参数-参数2,迷宫关卡内加成属性,9,2,0
3571303,1,0,释放闪电链的次数,参数-参数3,迷宫关卡内加成属性,9,1,0
3571400,1,0,电磁爆炸,主动技能,迷宫关卡内加成属性,9,1,0
3580100,1,0,攻击使目标中毒,被动技能,迷宫关卡内加成属性,9,1,0
3580200,1,0,中毒状态,逻辑id,迷宫关卡内加成属性,9,1,0
3580201,1,0,中毒持续伤害万分比,参数-参数1,迷宫关卡内加成属性,9,2,0
3580202,1,0,中毒持续伤害固定值,参数-参数2,迷宫关卡内加成属性,9,1,0
3580205,1,0,持续时间,参数-参数5-持续时间,迷宫关卡内加成属性,9,1,0
3580206,1,0,命中几率,参数-参数6-命中率,迷宫关卡内加成属性,9,2,0
3580207,1,0,可叠加最大层数,参数-参数7-最大层数,迷宫关卡内加成属性,9,1,0
3580208,1,0,中毒结算间隔,参数-参数3,迷宫关卡内加成属性,9,1,0
3580300,1,0,中毒传染,主动技能,迷宫关卡内加成属性,9,1,0
3580400,1,0,攻击触发释放中毒传染,被动技能,迷宫关卡内加成属性,9,1,0
3580500,1,0,攻击触发释放中毒传染,逻辑id,迷宫关卡内加成属性,9,1,0
3580501,1,0,释放传染需要的攻击次数,参数-参数1,迷宫关卡内加成属性,9,2,0
3580502,1,0,释放传染的几率,参数-参数2,迷宫关卡内加成属性,9,1,0
3580503,1,0,释放传染的次数,参数-参数3,迷宫关卡内加成属性,9,1,0
3580505,1,0,传染的技能id,参数-参数5-持续时间,迷宫关卡内加成属性,9,1,0
3580600,1,0,中毒目标再次中毒受到额外中毒伤害,被动技能,迷宫关卡内加成属性,9,1,0
3580700,1,0,中毒目标再次中毒受到额外中毒伤害,逻辑id,迷宫关卡内加成属性,9,1,0
3580701,1,0,触发中毒伤害次数,参数-参数1,迷宫关卡内加成属性,9,2,0
3580702,1,0,每次中毒造成的伤害万分比,参数-参数2,迷宫关卡内加成属性,9,2,0
3580800,1,0,中毒死亡释放瘟疫,被动技能,迷宫关卡内加成属性,9,1,0
3580900,1,0,中毒死亡释放瘟疫,逻辑id,迷宫关卡内加成属性,9,1,0
3580902,1,0,释放瘟疫的几率,参数-参数2,迷宫关卡内加成属性,9,2,0
3580903,1,0,释放瘟疫的次数,参数-参数3,迷宫关卡内加成属性,9,1,0
3581000,1,0,瘟疫传染,主动技能,迷宫关卡内加成属性,9,1,0
3581100,1,0,瘟疫状态,被动技能,迷宫关卡内加成属性,9,1,0
3581200,1,0,瘟疫状态,逻辑id,迷宫关卡内加成属性,9,1,0
3581201,1,0,瘟疫持续伤害万分比,参数-参数1,迷宫关卡内加成属性,9,2,0
3581202,1,0,瘟疫持续伤害固定值,参数-参数2,迷宫关卡内加成属性,9,1,0
3581205,1,0,持续时间,参数-参数5-持续时间,迷宫关卡内加成属性,9,1,0
3581206,1,0,命中几率,参数-参数6-命中率,迷宫关卡内加成属性,9,2,0
3581207,1,0,可叠加最大层数,参数-参数7-最大层数,迷宫关卡内加成属性,9,1,0
3581208,1,0,瘟疫结算间隔,参数-参数3,迷宫关卡内加成属性,9,1,0
3590100,1,0,损失指定血量时触发技能,被动技能,迷宫关卡内加成属性,9,1,0
3590200,1,0,损失指定血量时触发技能,逻辑id,迷宫关卡内加成属性,9,1,0
3590201,1,0,损失指定血量大于等于自身百万分比,参数-参数1,迷宫关卡内加成属性,9,3,0
3590202,1,0,触发几率,参数-参数2,迷宫关卡内加成属性,9,2,0
3590203,1,0,触发次数,参数-参数3,迷宫关卡内加成属性,9,1,0
3590300,1,0,获得护盾,被动技能,迷宫关卡内加成属性,9,1,0
3590400,1,0,获得护盾,逻辑id,迷宫关卡内加成属性,9,1,0
3590401,1,0,护盾量等于最大生命值百万分比,参数-参数1,迷宫关卡内加成属性,9,3,0
3590405,1,0,护盾持续时间,参数-参数5-持续时间,迷宫关卡内加成属性,9,1,0
3590500,1,0,有护盾时触发技能,被动技能,迷宫关卡内加成属性,9,1,0
3590600,1,0,有护盾时触发技能,逻辑id,迷宫关卡内加成属性,9,1,0
3590602,1,0,触发几率,参数-参数2,迷宫关卡内加成属性,9,2,0
3590603,1,0,触发次数,参数-参数3,迷宫关卡内加成属性,9,1,0
3590700,1,0,击杀触发技能效果,被动技能,迷宫关卡内加成属性,9,1,0
3590800,1,0,击杀触发技能效果,逻辑id,迷宫关卡内加成属性,9,1,0
3590802,1,0,触发几率,参数-参数2,迷宫关卡内加成属性,9,2,0
3590803,1,0,触发次数,参数-参数3,迷宫关卡内加成属性,9,1,0
3590900,1,0,额外回血效果,被动技能,迷宫关卡内加成属性,9,1,0
3591000,1,0,额外回血效果,逻辑id,迷宫关卡内加成属性,9,1,0
3591100,1,0,生命值高于百万分比时触发技能,被动技能,迷宫关卡内加成属性,9,1,0
3591200,1,0,生命值高于百万分比时触发技能,逻辑id,迷宫关卡内加成属性,9,1,0
3591201,1,0,指定百万分比,参数-参数1,迷宫关卡内加成属性,9,3,0
3591202,1,0,触发几率,参数-参数2,迷宫关卡内加成属性,9,2,0
3591203,1,0,触发次数,参数-参数3,迷宫关卡内加成属性,9,1,0
3591300,1,0,生命值低于百万分比时触发技能,被动技能,迷宫关卡内加成属性,9,1,0
3591400,1,0,生命值低于百万分比时触发技能,逻辑id,迷宫关卡内加成属性,9,1,0
3591401,1,0,指定百万分比,参数-参数1,迷宫关卡内加成属性,9,3,0
3591402,1,0,触发几率,参数-参数2,迷宫关卡内加成属性,9,2,0
3591403,1,0,触发次数,参数-参数3,迷宫关卡内加成属性,9,1,0
3591500,1,0,死亡时触发技能,被动技能,迷宫关卡内加成属性,9,1,0
3591600,1,0,死亡时触发技能,逻辑id,迷宫关卡内加成属性,9,1,0
3591602,1,0,触发几率,参数-参数2,迷宫关卡内加成属性,9,2,0
3591603,1,0,触发次数,参数-参数3,迷宫关卡内加成属性,9,1,0
3591700,1,0,复活,主动技能,迷宫关卡内加成属性,9,1,0
3591800,1,0,复活,被动技能,迷宫关卡内加成属性,9,1,0
3591900,1,0,复活,逻辑id,迷宫关卡内加成属性,9,1,0
3591902,1,0,每次挑战最大触发次数,参数-参数2,迷宫关卡内加成属性,9,1,0
3591908,1,0,复活触发冷却时间,参数-参数8,迷宫关卡内加成属性,9,1,0
3600100,1,0,攻击触发释放技能,被动技能,迷宫关卡内加成属性,9,1,0
3600200,1,0,攻击触发释放技能,逻辑id,迷宫关卡内加成属性,9,1,0
3600201,1,0,攻击释放多重打击需要的攻击次数,参数-参数1,迷宫关卡内加成属性,9,1,0
3600202,1,0,攻击释放多重打击的几率,参数-参数2,迷宫关卡内加成属性,9,2,0
3600203,1,0,攻击释放多重打击的次数,参数-参数3,迷宫关卡内加成属性,9,1,0
3600300,1,0,多重打击效果,被动技能,迷宫关卡内加成属性,9,1,0
3600400,1,0,多重打击效果,逻辑id,迷宫关卡内加成属性,9,1,0
3600401,1,0,触发多重打击额外攻击次数,参数-参数1,迷宫关卡内加成属性,9,1,0
3600402,1,0,触发多重打击伤害系数,参数-参数2,迷宫关卡内加成属性,9,2,0
3600500,1,0,旋风斩,被动技能,迷宫关卡内加成属性,9,1,0
3600600,1,0,攻击触发释放旋风斩,被动技能,迷宫关卡内加成属性,9,1,0
3600700,1,0,攻击触发释放旋风斩,逻辑id,迷宫关卡内加成属性,9,1,0
3600701,1,0,释放旋风斩需要的攻击次数,参数-参数1,迷宫关卡内加成属性,9,1,0
3600702,1,0,释放旋风斩的几率,参数-参数2,迷宫关卡内加成属性,9,2,0
3600703,1,0,释放旋风斩的次数,参数-参数3,迷宫关卡内加成属性,9,1,0
3600800,1,0,半月斩,主动技能,迷宫关卡内加成属性,9,1,0
3600900,1,0,旋风斩触发释放半月斩,被动技能,迷宫关卡内加成属性,9,1,0
3601000,1,0,旋风斩触发释放半月斩,逻辑id,迷宫关卡内加成属性,9,1,0
3601002,1,0,释放半月斩的几率,参数-参数2,迷宫关卡内加成属性,9,2,0
3601003,1,0,释放半月斩的次数,参数-参数3,迷宫关卡内加成属性,9,1,0
3601100,1,0,光环技能,光环技能,迷宫关卡内加成属性,9,1,0
3601200,1,0,光环效果影响范围变化,被动技能,迷宫关卡内加成属性,9,1,0
3601300,1,0,光环效果影响范围变化,逻辑id,迷宫关卡内加成属性,9,1,0
3601301,1,0,影响半径增加自身攻击半径万分比,参数-参数1,迷宫关卡内加成属性,9,2,0
3601302,1,0,影响半径直接增加万分比,参数-参数2,迷宫关卡内加成属性,9,2,0
3601303,1,0,影响半径直接增加固定值,参数-参数3,迷宫关卡内加成属性,9,1,0
3610100,1,0,重击,主动技能,迷宫关卡内加成属性,9,1,0
3610200,1,0,攻击次数触发技能,被动技能,迷宫关卡内加成属性,9,1,0
3610300,1,0,攻击次数触发技能,逻辑id,迷宫关卡内加成属性,9,1,0
3610301,1,0,需要的攻击次数,参数-参数1,迷宫关卡内加成属性,9,1,0
3610302,1,0,触发的几率,参数-参数2,迷宫关卡内加成属性,9,2,0
3610303,1,0,触发技能次数,参数-参数3,迷宫关卡内加成属性,9,1,0
3610400,1,0,重击技能暴击率,被动技能,迷宫关卡内加成属性,9,1,0
3610500,1,0,重击技能暴击率,逻辑id,迷宫关卡内加成属性,9,1,0
3610501,1,0,重击的暴击几率提高,参数-参数1,迷宫关卡内加成属性,9,2,0
3610600,1,0,暴击触发技能,被动技能,迷宫关卡内加成属性,9,1,0
3610700,1,0,暴击触发技能,逻辑id,迷宫关卡内加成属性,9,1,0
3610702,1,0,触发的几率,参数-参数2,迷宫关卡内加成属性,9,2,0
3610703,1,0,触发技能次数,参数-参数3,迷宫关卡内加成属性,9,1,0
3610800,1,0,技能攻击累计额外次数,被动技能,迷宫关卡内加成属性,9,1,0
3610900,1,0,技能攻击累计额外次数,逻辑id,迷宫关卡内加成属性,9,1,0
3610901,1,0,额外增加的攻击次数,参数-参数1,迷宫关卡内加成属性,9,1,0
3611000,1,0,致命暴击状态,被动技能,迷宫关卡内加成属性,9,1,0
3611100,1,0,致命暴击状态,逻辑id,迷宫关卡内加成属性,9,1,0
3611101,1,0,攻击速度提高万分比,参数-参数1,迷宫关卡内加成属性,9,2,0
3611105,1,0,持续时间,参数-参数5-持续时间,迷宫关卡内加成属性,9,1,0
3611106,1,0,命中几率,参数-参数6-命中率,迷宫关卡内加成属性,9,2,0
3611107,1,0,最大可叠加层数,参数-参数7-最大层数,迷宫关卡内加成属性,9,1,0
3611200,1,0,斩杀,被动技能,迷宫关卡内加成属性,9,1,0
3611300,1,0,斩杀,逻辑id,迷宫关卡内加成属性,9,1,0
3611301,1,0,斩杀线要求的血量最大百万分比,参数-参数1,迷宫关卡内加成属性,9,3,0
3611303,1,0,触发冷却时间,参数-参数3,迷宫关卡内加成属性,9,1,0
3611400,1,0,斩杀暴击时触发技能,被动技能,迷宫关卡内加成属性,9,1,0
3611500,1,0,斩杀暴击时触发技能,逻辑id,迷宫关卡内加成属性,9,1,0
3611502,1,0,触发几率,参数-参数2,迷宫关卡内加成属性,9,2,0
3611503,1,0,触发次数,参数-参数3,迷宫关卡内加成属性,9,1,0
3611600,1,0,斩杀血线变化技能,被动技能,迷宫关卡内加成属性,9,1,0
3611700,1,0,斩杀血线变化技能,逻辑id,迷宫关卡内加成属性,9,1,0
3611701,1,0,斩杀血线百万分比增加值,参数-参数1,迷宫关卡内加成属性,9,3,0
3591001,1,0,回复击中回血效果系数万分比,参数-参数1,迷宫关卡内加成属性,10,2,0
3591002,1,0,回复生命固定值,参数-参数2,迷宫关卡内加成属性,10,1,0
3591003,1,0,回复最大生命值百万分比,参数-参数3,迷宫关卡内加成属性,10,3,0
3592000,1,0,击杀回血效果提高,被动技能,迷宫关卡内加成属性,10,1,0
3592100,1,0,击杀回血效果提高,逻辑id,迷宫关卡内加成属性,10,1,0
3592101,1,0,击杀回血效果提高万分比,参数-参数1,迷宫关卡内加成属性,10,2,0
3592200,1,0,普攻击中触发回血效果,被动技能,迷宫关卡内加成属性,10,1,0
3592201,1,0,普攻击中回复生命固定值,参数-参数2,迷宫关卡内加成属性,10,1,0
3592202,1,0,普攻击中回复最大生命值百万分比,参数-参数3,迷宫关卡内加成属性,10,1,0
3592300,1,0,普攻击中回血效果提高,被动技能,迷宫关卡内加成属性,10,1,0
3592400,1,0,普攻击中回血效果提高,逻辑id,迷宫关卡内加成属性,10,1,0
3592401,1,0,普攻击中回血效果提高万分比,参数-参数1,迷宫关卡内加成属性,10,1,0
3050000,1,0,攻击附加冰元素,标记属性，有这个id表示攻击要额外计算冰属性公式,迷宫关卡内加成属性,10,2,0
3060000,1,0,攻击附加火元素,标记属性，有这个id表示攻击要额外计算火属性公式,迷宫关卡内加成属性,10,2,0
3070000,1,0,攻击附加电元素,标记属性，有这个id表示攻击要额外计算电属性公式,迷宫关卡内加成属性,10,2,0
3080000,1,0,攻击附加毒元素,标记属性，有这个id表示攻击要额外计算毒属性公式,迷宫关卡内加成属性,10,2,0
5000100,1,0,冰弹,获得主动技能,迷宫关卡内加成属性,10,1,0
5000101,1,0,冰弹,释放主动技能,迷宫关卡内加成属性,10,1,0
5000200,1,0,获得技能冰弹,逻辑id,迷宫关卡内加成属性,10,1,0
5000300,1,0,冰弹数量,被动技能,迷宫关卡内加成属性,10,1,0
5000400,1,0,冰弹数量,逻辑id,迷宫关卡内加成属性,10,1,0
5000301,1,0,冰弹数量,参数-参数1,迷宫关卡内加成属性,10,1,0
5000500,1,0,冰弹伤害,被动技能,迷宫关卡内加成属性,10,1,0
5000600,1,0,冰弹伤害,逻辑id,迷宫关卡内加成属性,10,1,0
5000501,1,0,冰弹伤害,参数-参数1,迷宫关卡内加成属性,10,2,0
5000700,1,0,冰弹范围,被动技能,迷宫关卡内加成属性,10,1,0
5000800,1,0,冰弹范围,逻辑id,迷宫关卡内加成属性,10,1,0
5000701,1,0,冰弹范围,参数-参数1,迷宫关卡内加成属性,10,1,0
5000900,1,0,追加冰弹次数,被动技能,迷宫关卡内加成属性,10,1,0
5001000,1,0,追加冰弹次数,逻辑id,迷宫关卡内加成属性,10,1,0
5000901,1,0,追加冰弹次数,参数-参数1,迷宫关卡内加成属性,10,1,0
5000903,1,0,追加冰弹延迟时间毫秒,参数-参数3,迷宫关卡内加成属性,10,1,0
5001200,1,0,追加冰弹伤害,逻辑id,迷宫关卡内加成属性,10,1,0
5001101,1,0,追加冰弹伤害调整系数,参数-参数2,迷宫关卡内加成属性,10,2,0
5001300,1,0,冰弹命中后产生冰爆,被动技能,迷宫关卡内加成属性,10,1,0
5001400,1,0,冰弹命中后产生冰爆,逻辑id,迷宫关卡内加成属性,10,1,0
5001301,1,0,冰弹命中后产生冰爆伤害调整系数,参数-参数2,迷宫关卡内加成属性,10,2,0
5001500,1,0,冰弹概率附加冰冻,被动技能,迷宫关卡内加成属性,10,1,0
5020300,1,0,冰弹CD,被动技能,迷宫关卡内加成属性,10,1,0
5020400,1,0,冰弹CD,逻辑id,迷宫关卡内加成属性,10,1,0
5020301,1,0,冰弹CD,参数-参数1,迷宫关卡内加成属性,10,2,0
5100100,1,0,陨石,获得主动技能,迷宫关卡内加成属性,10,1,0
5100101,1,0,陨石,释放主动技能,迷宫关卡内加成属性,10,1,0
5100200,1,0,获得技能陨石,逻辑id,迷宫关卡内加成属性,10,1,0
5100300,1,0,陨石额外范围,被动技能,迷宫关卡内加成属性,10,1,0
5100400,1,0,陨石额外范围,逻辑id,迷宫关卡内加成属性,10,1,0
5100301,1,0,陨石额外范围,参数-参数1,迷宫关卡内加成属性,10,1,0
5100302,1,0,陨石额外范围-特效放大比例,参数-参数2,迷宫关卡内加成属性,10,1,0
5100500,1,0,陨石伤害,被动技能,迷宫关卡内加成属性,10,1,0
5100600,1,0,陨石伤害,逻辑id,迷宫关卡内加成属性,10,1,0
5100501,1,0,陨石伤害,参数-参数1,迷宫关卡内加成属性,10,2,0
5100700,1,0,陨石数量,被动技能,迷宫关卡内加成属性,10,1,0
5100800,1,0,陨石数量,逻辑id,迷宫关卡内加成属性,10,1,0
5100701,1,0,陨石数量,参数-参数1,迷宫关卡内加成属性,10,1,0
5100900,1,0,陨石落地后产生冲击波,被动技能,迷宫关卡内加成属性,10,1,0
5101000,1,0,陨石落地后产生冲击波,逻辑id,迷宫关卡内加成属性,10,1,0
5100901,1,0,陨石落地后产生冲击波额外范围,参数-参数1,迷宫关卡内加成属性,10,1,0
5100902,1,0,陨石落地后产生冲击波伤害调整系数,参数-参数2,迷宫关卡内加成属性,10,1,0
5101100,1,0,陨石概率触发燃烧,被动技能,迷宫关卡内加成属性,10,1,0
5101200,1,0,燃烧状态,逻辑id,迷宫关卡内加成属性,10,1,0
5101201,1,0,燃烧伤害系数万分比,参数-参数1,迷宫关卡内加成属性,10,2,0
5101202,1,0,燃烧伤害系数固定值,参数-参数2,迷宫关卡内加成属性,10,1,0
5101205,1,0,燃烧持续时间,参数-参数5-持续时间,迷宫关卡内加成属性,10,1,0
5101206,1,0,燃烧的命中率,参数-参数6-命中率,迷宫关卡内加成属性,10,2,0
5101208,1,0,伤害结算间隔,参数-参数3,迷宫关卡内加成属性,10,1,0
5120300,1,0,陨石CD,被动技能,迷宫关卡内加成属性,10,1,0
5120400,1,0,陨石CD,逻辑id,迷宫关卡内加成属性,10,1,0
5120301,1,0,陨石CD,参数-参数1,迷宫关卡内加成属性,10,2,0
5200100,1,0,雷电,获得主动技能,迷宫关卡内加成属性,10,1,0
5200101,1,0,雷电,释放主动技能,迷宫关卡内加成属性,10,1,0
5200200,1,0,获得技能雷电,逻辑id,迷宫关卡内加成属性,10,1,0
5200300,1,0,雷击目标数量,被动技能,迷宫关卡内加成属性,10,1,0
5200400,1,0,雷击目标数量,逻辑id,迷宫关卡内加成属性,10,1,0
5200301,1,0,雷击目标数量,参数-参数1,迷宫关卡内加成属性,10,1,0
5200500,1,0,雷击伤害,被动技能,迷宫关卡内加成属性,10,1,0
5200600,1,0,雷击伤害,逻辑id,迷宫关卡内加成属性,10,1,0
5200501,1,0,雷击伤害,参数-参数1,迷宫关卡内加成属性,10,2,0
5200700,1,0,雷击概率附加麻痹,被动技能,迷宫关卡内加成属性,10,1,0
5220300,1,0,雷击CD,被动技能,迷宫关卡内加成属性,10,1,0
5220400,1,0,雷击CD,逻辑id,迷宫关卡内加成属性,10,1,0
5220301,1,0,雷击CD,参数-参数1,迷宫关卡内加成属性,10,2,0
7000100,1,0,普攻伤害,被动技能-整体提高普攻伤害，含附加的元素属性伤害,迷宫关卡内加成属性,10,1,0
7000200,1,0,普攻伤害,逻辑id,迷宫关卡内加成属性,10,1,0
7000101,1,0,普攻伤害,参数-参数1,迷宫关卡内加成属性,10,2,0
7000501,1,0,普攻概率附加冰冻,被动技能id,迷宫关卡内加成属性,10,2,0
7000502,1,0,普攻概率附加燃烧,被动技能id,迷宫关卡内加成属性,10,2,0
7000504,1,0,普攻概率附加麻痹,被动技能id,迷宫关卡内加成属性,10,2,0
4010000,1,0,角色攻击,迷宫攻击属性公式id，最终值，战斗公式的角色攻击,迷宫属性,8,1,0
4010101,1,0,攻击,迷宫攻击，参数1，固定值,迷宫属性,8,1,0
4010201,1,0,攻击,迷宫攻击，参数8，万分比,迷宫属性,8,2,0
4010301,1,0,攻击,迷宫攻击，参数4，固定值,迷宫属性,8,1,0
4010401,1,0,攻击,迷宫攻击，参数9，万分比,迷宫属性,8,2,0
4010402,1,0,攻击,迷宫攻击，参数9，万分比,迷宫属性,8,2,0
4010403,1,0,攻击,迷宫攻击，参数9，万分比,迷宫属性,8,2,0
4010404,1,0,攻击,迷宫攻击，参数9，万分比,迷宫属性,8,2,0
4010405,1,0,攻击,迷宫攻击，参数9，万分比,迷宫属性,8,2,0
4010501,1,0,攻击,迷宫攻击，参数10，万分比,迷宫属性,8,2,0
4010601,1,0,攻击,迷宫攻击，参数11，万分比,迷宫属性,8,2,0
4010701,1,0,攻击,迷宫攻击，参数12，万分比,迷宫属性,8,2,0
4020000,1,0,角色防御,迷宫防御属性公式id，最终值，战斗公式的角色防御,迷宫属性,8,1,0
4020101,1,0,防御,迷宫防御，参数1，固定值,迷宫属性,8,1,0
4020201,1,0,防御,迷宫防御，参数8，万分比,迷宫属性,8,2,0
4020301,1,0,防御,迷宫防御，参数4，固定值,迷宫属性,8,1,0
4020401,1,0,防御,迷宫防御，参数9，万分比,迷宫属性,8,2,0
4020502,1,0,防御,迷宫防御，参数9，万分比,迷宫属性,8,2,0
4020603,1,0,防御,迷宫防御，参数9，万分比,迷宫属性,8,2,0
4020704,1,0,防御,迷宫防御，参数9，万分比,迷宫属性,8,2,0
4020805,1,0,防御,迷宫防御，参数9，万分比,迷宫属性,8,2,0
4020501,1,0,防御,迷宫防御，参数10，万分比,迷宫属性,8,2,0
4020601,1,0,防御,迷宫防御，参数11，万分比,迷宫属性,8,2,0
4020701,1,0,防御,迷宫防御，参数12，万分比,迷宫属性,8,2,0
4030000,1,0,角色生命,迷宫生命属性公式id，最终值，战斗公式的角色生命,迷宫属性,8,1,0
4030101,1,0,生命,迷宫生命，参数1，固定值,迷宫属性,8,1,0
4030201,1,0,生命,迷宫生命，参数8，万分比,迷宫属性,8,2,0
4030301,1,0,生命,迷宫生命，参数4，固定值,迷宫属性,8,1,0
4030401,1,0,生命,迷宫生命，参数9，万分比,迷宫属性,8,2,0
4030502,1,0,生命,迷宫生命，参数9，万分比,迷宫属性,8,2,0
4030603,1,0,生命,迷宫生命，参数9，万分比,迷宫属性,8,2,0
4030704,1,0,生命,迷宫生命，参数9，万分比,迷宫属性,8,2,0
4030805,1,0,生命,迷宫生命，参数9，万分比,迷宫属性,8,2,0
4030501,1,0,生命,迷宫生命，参数10，万分比,迷宫属性,8,2,0
4030601,1,0,生命,迷宫生命，参数11，万分比,迷宫属性,8,2,0
4030701,1,0,生命,迷宫生命，参数12，万分比,迷宫属性,8,2,0
4000101,1,0,韧性上限,玩家韧性上限,迷宫属性,8,2,0
4000201,1,0,攻击目标数量,,迷宫属性,8,1,0
4000301,1,0,击中怪物回血固定值,,迷宫属性,8,1,0
4000401,1,0,暴击几率,,迷宫属性,8,2,0
4000501,1,0,暴击伤害,,迷宫属性,8,2,0
4040101,1,0,攻击,攻击固定值和,迷宫关卡内加成属性,9,1,0
4040102,1,0,攻击,攻击提高和，万分比,迷宫关卡内加成属性,9,2,0
4040201,1,0,防御,防御固定值,迷宫关卡内加成属性,9,1,0
4040202,1,0,防御,防御提高和，万分比,迷宫关卡内加成属性,9,2,0
4040301,1,0,攻击伤害,伤害提高和，万分比,迷宫关卡内加成属性,9,2,0
4040401,1,0,受到伤害,目标受到伤害提高和，万分比,迷宫关卡内加成属性,9,2,0
4040501,1,0,额外伤害,额外伤害固定值和,迷宫关卡内加成属性,9,1,0
4040601,1,0,受到额外伤害,目标额外受伤固定值和,迷宫关卡内加成属性,9,1,0
4040701,1,0,伤害总加成,伤害总加成，万分比,迷宫关卡内加成属性,9,2,0
4040801,1,0,受到伤害总加成,目标受伤总加成，万分比,迷宫关卡内加成属性,9,2,0
4040901,1,0,攻击速度,攻击速度,迷宫关卡内加成属性,9,2,0
4041001,1,0,攻击范围,攻击距离，万分比,迷宫关卡内加成属性,9,2,0
4041101,1,0,击中怪物回血,击中怪物回血,迷宫关卡内加成属性,9,1,0
4041102,1,0,击中回血效果,击中回血效果提高%,迷宫关卡内加成属性,9,2,0
4041201,1,0,暴击几率,暴击几率和，万分比,迷宫关卡内加成属性,9,2,0
4041301,1,0,暴击伤害,暴击伤害和，万分比,迷宫关卡内加成属性,9,2,0
4041401,1,0,移动速度,移动速度，万分比,迷宫关卡内加成属性,9,2,0
4041501,1,0,攻击数量,攻击目标的个数,迷宫关卡内加成属性,9,1,0
4041601,1,0,持续伤害提高,无元素持续伤害提高，万分比,迷宫关卡内加成属性,9,2,0
4041701,1,0,受到持续伤害提高,受到无元素持续伤害提高，万分比,迷宫关卡内加成属性,9,2,0
4041801,1,0,额外持续伤害,额外无元素持续伤害，固定值,迷宫关卡内加成属性,9,1,0
4041901,1,0,受到额外持续伤害,受到额外无元素持续伤害，固定值,迷宫关卡内加成属性,9,1,0
4050000,1,0,攻击附加冰元素,标记属性，有这个id表示攻击要额外计算冰属性公式,迷宫关卡内加成属性,9,2,0
4050001,1,0,攻击附加冰元素系数,冰元素的转换系数，实现方式为：攻击附带额外冰元素攻击，附带的冰攻=角色攻击*冰元素系数,迷宫关卡内加成属性,9,2,0
4050101,1,0,冰元素攻击,冰攻击固定值和,迷宫关卡内加成属性,9,1,0
4050102,1,0,冰元素攻击,冰攻击提高和，万分比,迷宫关卡内加成属性,9,2,0
4050301,1,0,冰元素伤害,冰伤害提高和，万分比,迷宫关卡内加成属性,9,2,0
4050401,1,0,受到冰元素伤害,目标受到冰伤害提高和，万分比,迷宫关卡内加成属性,9,2,0
4050501,1,0,额外冰伤害,额外冰伤害固定值和,迷宫关卡内加成属性,9,1,0
4050601,1,0,受到额外冰伤害,目标额外受冰伤害固定值和,迷宫关卡内加成属性,9,1,0
4050701,1,0,冰持续伤害提高,冰元素持续伤害提高，万分比,迷宫关卡内加成属性,9,2,0
4050801,1,0,受到冰持续伤害提高,受到冰元素持续伤害提高，万分比,迷宫关卡内加成属性,9,2,0
4050901,1,0,额外冰持续伤害固定值,额外冰元素持续伤害，固定值,迷宫关卡内加成属性,9,1,0
4051001,1,0,受到额外冰持续伤害固定值,受到额外冰元素持续伤害，固定值,迷宫关卡内加成属性,9,1,0
4060000,1,0,攻击附加火元素,标记属性，有这个id表示攻击要额外计算火属性公式,迷宫关卡内加成属性,9,2,0
4060001,1,0,攻击附加火元素系数,火元素的转换系数，实现方式为：攻击附带额外火元素攻击，附带的火攻=角色攻击*火元素系数,迷宫关卡内加成属性,9,2,0
4060101,1,0,火元素攻击,火攻击固定值和,迷宫关卡内加成属性,9,1,0
4060102,1,0,火元素攻击,火攻击提高和，万分比,迷宫关卡内加成属性,9,2,0
4060301,1,0,火元素伤害,火伤害提高和，万分比,迷宫关卡内加成属性,9,2,0
4060401,1,0,受到火元素伤害,目标受到火伤害提高和，万分比,迷宫关卡内加成属性,9,2,0
4060501,1,0,额外火伤害,额外火伤害固定值和,迷宫关卡内加成属性,9,1,0
4060601,1,0,受到额外火伤害,目标额外受火伤害固定值和,迷宫关卡内加成属性,9,1,0
4060701,1,0,火持续伤害提高,火元素持续伤害提高，万分比,迷宫关卡内加成属性,9,2,0
4060801,1,0,受到火持续伤害提高,受到火元素持续伤害提高，万分比,迷宫关卡内加成属性,9,2,0
4060901,1,0,额外火持续伤害固定值,额外火元素持续伤害，固定值,迷宫关卡内加成属性,9,1,0
4061001,1,0,受到额外火持续伤害固定值,受到额外火元素持续伤害，固定值,迷宫关卡内加成属性,9,1,0
4070000,1,0,攻击附加电元素,标记属性，有这个id表示攻击要额外计算电属性公式,迷宫关卡内加成属性,9,2,0
4070001,1,0,攻击附加电元素系数,电元素的转换系数，实现方式为：攻击附带额外电元素攻击，附带的电攻=角色攻击*电元素系数,迷宫关卡内加成属性,9,2,0
4070101,1,0,电元素攻击,电攻击固定值和,迷宫关卡内加成属性,9,1,0
4070102,1,0,电元素攻击,电攻击提高和，万分比,迷宫关卡内加成属性,9,2,0
4070301,1,0,电元素伤害,电伤害提高和，万分比,迷宫关卡内加成属性,9,2,0
4070401,1,0,受到电元素伤害,目标受到电伤害提高和，万分比,迷宫关卡内加成属性,9,2,0
4070501,1,0,额外电伤害,额外电伤害固定值和,迷宫关卡内加成属性,9,1,0
4070601,1,0,受到额外电伤害,目标额外受电伤害固定值和,迷宫关卡内加成属性,9,1,0
4070701,1,0,电持续伤害提高,电元素持续伤害提高，万分比,迷宫关卡内加成属性,9,2,0
4070801,1,0,受到电持续伤害提高,受到电元素持续伤害提高，万分比,迷宫关卡内加成属性,9,2,0
4070901,1,0,额外电持续伤害固定值,额外电元素持续伤害，固定值,迷宫关卡内加成属性,9,1,0
4071001,1,0,受到额外电持续伤害固定值,受到额外电元素持续伤害，固定值,迷宫关卡内加成属性,9,1,0
4080000,1,0,攻击附加毒元素,标记属性，有这个id表示攻击要额外计算毒属性公式,迷宫关卡内加成属性,9,2,0
4080001,1,0,攻击附加毒元素系数,毒元素的转换系数，实现方式为：攻击附带额外毒元素攻击，附带的毒攻=角色攻击*毒元素系数,迷宫关卡内加成属性,9,2,0
4080101,1,0,毒元素攻击,毒攻击固定值和,迷宫关卡内加成属性,9,1,0
4080102,1,0,毒元素攻击,毒攻击提高和，万分比,迷宫关卡内加成属性,9,2,0
4080301,1,0,毒元素伤害,毒伤害提高和，万分比,迷宫关卡内加成属性,9,2,0
4080401,1,0,受到毒元素伤害,目标受到毒伤害提高和，万分比,迷宫关卡内加成属性,9,2,0
4080501,1,0,额外毒伤害,额外毒伤害固定值和,迷宫关卡内加成属性,9,1,0
4080601,1,0,受到额外毒伤害,目标额外受毒伤害固定值和,迷宫关卡内加成属性,9,1,0
4080701,1,0,毒持续伤害提高,毒元素持续伤害提高，万分比,迷宫关卡内加成属性,9,2,0
4080801,1,0,受到毒持续伤害提高,受到毒元素持续伤害提高，万分比,迷宫关卡内加成属性,9,2,0
4080901,1,0,额外毒持续伤害固定值,额外毒元素持续伤害，固定值,迷宫关卡内加成属性,9,1,0
4081001,1,0,受到额外毒持续伤害固定值,受到额外毒元素持续伤害，固定值,迷宫关卡内加成属性,9,1,0
4042101,1,0,生命上限,生命值上限提高%,迷宫关卡内加成属性,9,2,0
4042102,1,0,生命上限,生命值上限提高,迷宫关卡内加成属性,9,1,0
4042201,1,0,获取护盾,获取护盾提高%,迷宫关卡内加成属性,9,2,0
4042202,1,0,获取护盾,获取护盾,迷宫关卡内加成属性,9,1,0
4042301,1,0,百战不殆效果,百战不殆效果提高%,迷宫关卡内加成属性,9,2,0
4042401,1,0,旋风斩伤害,旋风斩伤害%,迷宫关卡内加成属性,9,2,0
4042501,1,0,多重打击触发几率,多重打击触发几率提高%,迷宫关卡内加成属性,9,2,0
4042601,1,0,每1%暴击率增加暴击伤害,每1%暴击率增加暴击伤害%,迷宫关卡内加成属性,9,2,0
4042701,1,0,致命暴击叠加层数,致命暴击叠加层数,迷宫关卡内加成属性,9,1,0
4042801,1,0,狂暴叠加层数,狂暴叠加层数,迷宫关卡内加成属性,9,1,0
4042901,1,0,复活时恢复血量提高,复活时恢复血量提高%,迷宫关卡内加成属性,9,2,0
4043001,1,0,对冰冻的敌人伤害提高,对冰冻的敌人伤害提高,迷宫关卡内加成属性,9,2,0
4043101,1,0,对燃烧的敌人伤害提高,对燃烧的敌人伤害提高,迷宫关卡内加成属性,9,2,0
4043201,1,0,对触电的敌人伤害提高,对触电的敌人伤害提高,迷宫关卡内加成属性,9,2,0
4043301,1,0,对中毒的敌人伤害提高,对中毒的敌人伤害提高,迷宫关卡内加成属性,9,2,0
4540100,1,0,攻击速度提高,被动技能,迷宫关卡内加成属性,9,1,0
4540200,1,0,攻击速度提高,逻辑id,迷宫关卡内加成属性,9,1,0
4540201,1,0,攻击速度提高万分比,参数-参数1,迷宫关卡内加成属性,9,2,0
4540205,1,0,攻击速度提高持续时间,参数-参数5持续时间,迷宫关卡内加成属性,9,1,0
4540207,1,0,效果可叠加最大层数,参数-参数7可叠加上限,迷宫关卡内加成属性,9,1,0
4540300,1,0,攻击提高,被动技能,迷宫关卡内加成属性,9,1,0
4540400,1,0,攻击提高,逻辑id,迷宫关卡内加成属性,9,1,0
4540401,1,0,攻击提高万分比,参数-参数1,迷宫关卡内加成属性,9,2,0
4540402,1,0,攻击提高固定值,参数-参数2,迷宫关卡内加成属性,9,1,0
4540405,1,0,攻击提高持续时间,参数-参数5持续时间,迷宫关卡内加成属性,9,1,0
4540407,1,0,效果可叠加最大层数,参数-参数7可叠加上限,迷宫关卡内加成属性,9,1,0
4540500,1,0,防御提高,被动技能,迷宫关卡内加成属性,9,1,0
4540600,1,0,防御提高,逻辑id,迷宫关卡内加成属性,9,1,0
4540601,1,0,防御提高万分比,参数-参数1,迷宫关卡内加成属性,9,2,0
4540602,1,0,防御提高固定值,参数-参数2,迷宫关卡内加成属性,9,1,0
4540605,1,0,防御提高持续时间,参数-参数5持续时间,迷宫关卡内加成属性,9,1,0
4540607,1,0,效果可叠加最大层数,参数-参数7可叠加上限,迷宫关卡内加成属性,9,1,0
4540700,1,0,生命提高,被动技能,迷宫关卡内加成属性,9,1,0
4540800,1,0,生命提高,逻辑id,迷宫关卡内加成属性,9,1,0
4540801,1,0,生命提高万分比,参数-参数1,迷宫关卡内加成属性,9,2,0
4540802,1,0,生命提高固定值,参数-参数2,迷宫关卡内加成属性,9,1,0
4540805,1,0,生命提高持续时间,参数-参数5持续时间,迷宫关卡内加成属性,9,1,0
4540807,1,0,效果可叠加最大层数,参数-参数7可叠加上限,迷宫关卡内加成属性,9,1,0
4540900,1,0,击中回血效果提高,被动技能,迷宫关卡内加成属性,9,1,0
4541000,1,0,击中回血效果提高,逻辑id,迷宫关卡内加成属性,9,1,0
4541001,1,0,击中回血效果提高万分比,参数-参数1,迷宫关卡内加成属性,9,2,0
4541002,1,0,击中回血效果提高固定值,参数-参数2,迷宫关卡内加成属性,9,1,0
4541005,1,0,击中回血效果提高持续时间,参数-参数5持续时间,迷宫关卡内加成属性,9,1,0
4541007,1,0,效果可叠加最大层数,参数-参数7可叠加上限,迷宫关卡内加成属性,9,1,0
4541100,1,0,暴击几率提高,被动技能,迷宫关卡内加成属性,9,1,0
4541200,1,0,暴击几率提高,逻辑id,迷宫关卡内加成属性,9,1,0
4541201,1,0,暴击几率提高万分比,参数-参数1,迷宫关卡内加成属性,9,2,0
4541205,1,0,暴击几率提高持续时间,参数-参数5持续时间,迷宫关卡内加成属性,9,1,0
4541207,1,0,效果可叠加最大层数,参数-参数7可叠加上限,迷宫关卡内加成属性,9,1,0
4541300,1,0,暴击伤害提高,被动技能,迷宫关卡内加成属性,9,1,0
4541400,1,0,暴击伤害提高,逻辑id,迷宫关卡内加成属性,9,2,0
4541401,1,0,暴击伤害提高万分比,参数-参数1,迷宫关卡内加成属性,9,1,0
4541405,1,0,暴击伤害提高持续时间,参数-参数5持续时间,迷宫关卡内加成属性,9,1,0
4541407,1,0,效果可叠加最大层数,参数-参数7可叠加上限,迷宫关卡内加成属性,9,1,0
4541500,1,0,伤害提高,被动技能,迷宫关卡内加成属性,9,1,0
4541600,1,0,伤害提高,逻辑id,迷宫关卡内加成属性,9,1,0
4541601,1,0,伤害提高万分比,参数-参数1,迷宫关卡内加成属性,9,2,0
4541602,1,0,伤害提高固定值,参数-参数2,迷宫关卡内加成属性,9,1,0
4541605,1,0,伤害提高持续时间,参数-参数5持续时间,迷宫关卡内加成属性,9,1,0
4541607,1,0,效果可叠加最大层数,参数-参数7可叠加上限,迷宫关卡内加成属性,9,1,0
4541700,1,0,受到伤害提高,被动技能,迷宫关卡内加成属性,9,1,0
4541800,1,0,受到伤害提高,逻辑id,迷宫关卡内加成属性,9,1,0
4541801,1,0,受到伤害提高万分比,参数-参数1,迷宫关卡内加成属性,9,2,0
4541802,1,0,受到伤害提高固定值,参数-参数2,迷宫关卡内加成属性,9,1,0
4541805,1,0,受到伤害提高持续时间,参数-参数5持续时间,迷宫关卡内加成属性,9,1,0
4541807,1,0,效果可叠加最大层数,参数-参数7可叠加上限,迷宫关卡内加成属性,9,1,0
4541900,1,0,持续伤害提高,被动技能,迷宫关卡内加成属性,9,1,0
4542000,1,0,持续伤害提高,逻辑id,迷宫关卡内加成属性,9,1,0
4542001,1,0,持续伤害提高万分比,参数-参数1,迷宫关卡内加成属性,9,2,0
4542002,1,0,持续伤害提高固定值,参数-参数2,迷宫关卡内加成属性,9,1,0
4542005,1,0,持续伤害提高持续时间,参数-参数5持续时间,迷宫关卡内加成属性,9,1,0
4542007,1,0,效果可叠加最大层数,参数-参数7可叠加上限,迷宫关卡内加成属性,9,1,0
4542100,1,0,受到持续伤害提高,被动技能,迷宫关卡内加成属性,9,1,0
4542200,1,0,受到持续伤害提高,逻辑id,迷宫关卡内加成属性,9,1,0
4542201,1,0,受到持续伤害提高万分比,参数-参数1,迷宫关卡内加成属性,9,2,0
4542202,1,0,受到持续伤害提高固定值,参数-参数2,迷宫关卡内加成属性,9,1,0
4542205,1,0,受到持续伤害提高持续时间,参数-参数5持续时间,迷宫关卡内加成属性,9,1,0
4542207,1,0,效果可叠加最大层数,参数-参数7可叠加上限,迷宫关卡内加成属性,9,1,0
4542300,1,0,移动速度提高,被动技能,迷宫关卡内加成属性,9,1,0
4542400,1,0,移动速度提高,逻辑id,迷宫关卡内加成属性,9,1,0
4542401,1,0,移动速度提高万分比,参数-参数1,迷宫关卡内加成属性,9,2,0
4542405,1,0,移动速度提高持续时间,参数-参数5持续时间,迷宫关卡内加成属性,9,1,0
4542407,1,0,效果可叠加最大层数,参数-参数7可叠加上限,迷宫关卡内加成属性,9,1,0
4542500,1,0,获取护盾提高,被动技能,迷宫关卡内加成属性,9,1,0
4542600,1,0,获取护盾提高,逻辑id,迷宫关卡内加成属性,9,1,0
4542601,1,0,获取护盾提高万分比,参数-参数1,迷宫关卡内加成属性,9,1,0
4542605,1,0,获取护盾提高持续时间,参数-参数5持续时间,迷宫关卡内加成属性,9,1,0
4542607,1,0,触发的效果最大层数,参数-参数7可叠加上限,迷宫关卡内加成属性,9,1,0
4550100,0,0,攻击使目标冰冻,被动技能,迷宫关卡内加成属性,9,1,0
4550200,0,0,冰冻状态,逻辑id,迷宫关卡内加成属性,9,1,0
4550205,0,0,冰冻持续时间,参数-参数5持续时间,迷宫关卡内加成属性,9,1,0
4550206,0,0,冰冻状态的命中几率,参数-参数6命中率,迷宫关卡内加成属性,9,2,0
4550300,0,0,冰霜新星,主动技能,迷宫关卡内加成属性,9,1,0
4550400,0,0,攻击次数触发释放冰霜新星,被动技能,迷宫关卡内加成属性,9,1,0
4550500,0,0,攻击次数触发释放冰霜新星,逻辑id,迷宫关卡内加成属性,9,1,0
4550501,0,0,需要攻击次数,参数-参数1,迷宫关卡内加成属性,9,1,0
4550502,0,0,释放几率,参数-参数2,迷宫关卡内加成属性,9,2,0
4550503,0,0,释放次数,参数-参数3,迷宫关卡内加成属性,9,1,0
4550600,0,0,冰霜新星额外释放冰霜新星,被动技能,迷宫关卡内加成属性,9,1,0
4550700,0,0,冰霜新星额外释放冰霜新星,逻辑id,迷宫关卡内加成属性,9,1,0
4550701,0,0,额外触发冰霜新星时间间隔,参数-参数1,迷宫关卡内加成属性,9,1,0
4550702,0,0,额外触发冰霜新星几率,参数-参数2,迷宫关卡内加成属性,9,2,0
4550703,0,0,额外触发冰霜新星次数,参数-参数3,迷宫关卡内加成属性,9,1,0
4550800,0,0,双重冰冻额外伤害,被动技能,迷宫关卡内加成属性,9,1,0
4550900,0,0,使冰冻目标再次冰冻造成额外伤害,逻辑id,迷宫关卡内加成属性,9,1,0
4550901,0,0,最终冰元素伤害万分比,参数-参数1,迷宫关卡内加成属性,9,2,0
4550902,0,0,额外冰元素伤害固定值,参数-参数2,迷宫关卡内加成属性,9,1,0
4551000,0,0,冰冻时额外造成伤害,被动技能,迷宫关卡内加成属性,9,1,0
4551100,0,0,冰冻时额外造成伤害,逻辑id,迷宫关卡内加成属性,9,1,0
4551101,0,0,冰冻时额外伤害目标最大生命系数,参数-参数1,迷宫关卡内加成属性,9,3,0
4551102,0,0,冰冻时额外伤害固定值,参数-参数2,迷宫关卡内加成属性,9,1,0
4551103,0,0,冰冻时额外伤害触发间隔,参数-参数3,迷宫关卡内加成属性,9,1,0
4551200,0,0,攻击冰冻目标触发额外伤害,被动技能,迷宫关卡内加成属性,9,1,0
4551300,0,0,攻击冰冻目标触发额外伤害,逻辑id,迷宫关卡内加成属性,9,1,0
4551301,0,0,最终冰元素伤害万分比,参数-参数1,迷宫关卡内加成属性,9,2,0
4551302,0,0,最终冰元素伤害固定值,参数-参数2,迷宫关卡内加成属性,9,1,0
4551400,0,0,冰霜新星造成冰冻几率增加,被动技能,迷宫关卡内加成属性,9,1,0
4551500,0,0,冰霜新星造成冰冻几率增加,逻辑id,迷宫关卡内加成属性,9,1,0
4551501,0,0,冰霜新星额外增加冰冻几率,参数-参数1,迷宫关卡内加成属性,9,2,0
4560100,1,0,攻击使目标燃烧,被动技能,迷宫关卡内加成属性,9,1,0
4560200,1,0,燃烧状态,逻辑id,迷宫关卡内加成属性,9,1,0
4560201,1,0,燃烧伤害系数万分比,参数-参数1,迷宫关卡内加成属性,9,2,0
4560202,1,0,燃烧伤害系数固定值,参数-参数2,迷宫关卡内加成属性,9,1,0
4560205,1,0,燃烧持续时间,参数-参数5-持续时间,迷宫关卡内加成属性,9,1,0
4560206,1,0,燃烧的命中率,参数-参数6-命中率,迷宫关卡内加成属性,9,2,0
4560208,1,0,伤害结算间隔,参数-参数3,迷宫关卡内加成属性,9,1,0
4560300,1,0,陨石,主动技能,迷宫关卡内加成属性,9,1,0
4560400,1,0,自动释放陨石,被动技能,迷宫关卡内加成属性,9,1,0
4560500,1,0,自动释放陨石,逻辑id,迷宫关卡内加成属性,9,1,0
4560501,1,0,自动释放陨石需要攻击次数,参数-参数1,迷宫关卡内加成属性,9,1,0
4560502,1,0,自动释放陨石几率,参数-参数2,迷宫关卡内加成属性,9,2,0
4560503,1,0,自动释放陨石次数,参数-参数3,迷宫关卡内加成属性,9,1,0
4560600,1,0,燃烧状态受到伤害提高,被动技能,迷宫关卡内加成属性,9,1,0
4560700,1,0,燃烧状态受到伤害提高,逻辑id,迷宫关卡内加成属性,9,1,0
4560701,1,0,受到伤害提高万分比,参数-参数1,迷宫关卡内加成属性,9,2,0
4560800,1,0,陨石造成燃烧命中率增加,被动技能,迷宫关卡内加成属性,9,1,0
4560900,1,0,陨石造成燃烧命中率增加,逻辑id,迷宫关卡内加成属性,9,1,0
4560901,1,0,陨石额外增加燃烧命中率,参数-参数1,迷宫关卡内加成属性,9,2,0
4561000,1,0,燃烧时死亡触发死亡爆炸,被动技能,迷宫关卡内加成属性,9,1,0
4561100,1,0,燃烧时死亡触发死亡爆炸,逻辑id,迷宫关卡内加成属性,9,1,0
4561102,1,0,释放闪电链的几率,参数-参数2,迷宫关卡内加成属性,9,2,0
4561103,1,0,释放闪电链的次数,参数-参数3,迷宫关卡内加成属性,9,1,0
4561200,1,0,死亡爆炸,主动技能,迷宫关卡内加成属性,9,1,0
4561300,1,0,燃烧时被攻击受到额外伤害,被动技能,迷宫关卡内加成属性,9,1,0
4561400,1,0,燃烧时被攻击受到额外伤害,逻辑id,迷宫关卡内加成属性,9,1,0
4561401,1,0,额外伤害万分比,参数-参数1,迷宫关卡内加成属性,9,1,0
4561402,1,0,额外伤害固定值,参数-参数2,迷宫关卡内加成属性,9,1,0
4561407,1,0,效果触发间隔,参数-参数8,迷宫关卡内加成属性,9,1,0
4570100,1,0,攻击使目标触电,被动技能,迷宫关卡内加成属性,9,1,0
4570200,1,0,触电状态,逻辑id,迷宫关卡内加成属性,9,1,0
4570201,1,0,触电额外受最终伤害万分比,参数-参数1,迷宫关卡内加成属性,9,1,0
4570202,1,0,触电额外伤害固定值,参数-参数2,迷宫关卡内加成属性,9,2,0
4570205,1,0,持续时间,参数-参数5-持续时间,迷宫关卡内加成属性,9,1,0
4570206,1,0,命中几率,参数-参数6-命中率,迷宫关卡内加成属性,9,1,0
4570300,1,0,闪电链,主动技能,迷宫关卡内加成属性,9,2,0
4570400,1,0,闪电链弹射效果,被动技能,迷宫关卡内加成属性,9,1,0
4570500,1,0,闪电链弹射效果,逻辑id,迷宫关卡内加成属性,9,1,0
4570501,1,0,最大可弹射次数,参数-参数1,迷宫关卡内加成属性,9,1,0
4570502,1,0,同目标可弹射次数,参数-参数2,迷宫关卡内加成属性,9,1,0
4570503,1,0,每次弹射伤害降低,参数-参数3,迷宫关卡内加成属性,9,2,0
4570600,1,0,攻击触发释放闪电链,被动技能,迷宫关卡内加成属性,9,1,0
4570700,1,0,攻击触发释放闪电链,逻辑id,迷宫关卡内加成属性,9,1,0
4570701,1,0,需要的攻击次数,参数-参数1,迷宫关卡内加成属性,9,1,0
4570702,1,0,释放闪电链的几率,参数-参数2,迷宫关卡内加成属性,9,2,0
4570703,1,0,释放闪电链的次数,参数-参数3,迷宫关卡内加成属性,9,1,0
4570800,1,0,触电时被攻击受到伤害提高,被动技能,迷宫关卡内加成属性,9,1,0
4570900,1,0,触电时被攻击受到伤害提高,逻辑id,迷宫关卡内加成属性,9,1,0
4570901,1,0,受伤提高万分比,参数-参数1,迷宫关卡内加成属性,9,2,0
4570902,1,0,额外伤害固定值,参数-参数2,迷宫关卡内加成属性,9,1,0
4571000,1,0,造成触电时触发触电伤害,被动技能,迷宫关卡内加成属性,9,1,0
4571100,1,0,造成触电时触发触电伤害,逻辑id,迷宫关卡内加成属性,9,1,0
4571101,1,0,立即造成触电伤害万分比,参数-参数1,迷宫关卡内加成属性,9,2,0
4571102,1,0,触发次数,参数-参数2,迷宫关卡内加成属性,9,1,0
4571103,1,0,触发间隔,参数-参数3,迷宫关卡内加成属性,9,1,0
4571200,1,0,触发触电伤害时释放电磁爆炸,被动技能,迷宫关卡内加成属性,9,1,0
4571300,1,0,触发触电伤害时释放电磁爆炸,逻辑id,迷宫关卡内加成属性,9,1,0
4571302,1,0,释放闪电链的几率,参数-参数2,迷宫关卡内加成属性,9,2,0
4571303,1,0,释放闪电链的次数,参数-参数3,迷宫关卡内加成属性,9,1,0
4571400,1,0,电磁爆炸,主动技能,迷宫关卡内加成属性,9,1,0
4580100,1,0,攻击使目标中毒,被动技能,迷宫关卡内加成属性,9,1,0
4580200,1,0,中毒状态,逻辑id,迷宫关卡内加成属性,9,1,0
4580201,1,0,中毒持续伤害万分比,参数-参数1,迷宫关卡内加成属性,9,2,0
4580202,1,0,中毒持续伤害固定值,参数-参数2,迷宫关卡内加成属性,9,1,0
4580205,1,0,持续时间,参数-参数5-持续时间,迷宫关卡内加成属性,9,1,0
4580206,1,0,命中几率,参数-参数6-命中率,迷宫关卡内加成属性,9,2,0
4580207,1,0,可叠加最大层数,参数-参数7-最大层数,迷宫关卡内加成属性,9,1,0
4580208,1,0,中毒结算间隔,参数-参数3,迷宫关卡内加成属性,9,1,0
4580300,1,0,中毒传染,主动技能,迷宫关卡内加成属性,9,1,0
4580400,1,0,攻击触发释放中毒传染,被动技能,迷宫关卡内加成属性,9,1,0
4580500,1,0,攻击触发释放中毒传染,逻辑id,迷宫关卡内加成属性,9,1,0
4580501,1,0,释放传染需要的攻击次数,参数-参数1,迷宫关卡内加成属性,9,2,0
4580502,1,0,释放传染的几率,参数-参数2,迷宫关卡内加成属性,9,1,0
4580503,1,0,释放传染的次数,参数-参数3,迷宫关卡内加成属性,9,1,0
4580505,1,0,传染的技能id,参数-参数5-持续时间,迷宫关卡内加成属性,9,1,0
4580600,1,0,中毒目标再次中毒受到额外中毒伤害,被动技能,迷宫关卡内加成属性,9,1,0
4580700,1,0,中毒目标再次中毒受到额外中毒伤害,逻辑id,迷宫关卡内加成属性,9,1,0
4580701,1,0,触发中毒伤害次数,参数-参数1,迷宫关卡内加成属性,9,2,0
4580702,1,0,每次中毒造成的伤害万分比,参数-参数2,迷宫关卡内加成属性,9,2,0
4580800,1,0,中毒死亡释放瘟疫,被动技能,迷宫关卡内加成属性,9,1,0
4580900,1,0,中毒死亡释放瘟疫,逻辑id,迷宫关卡内加成属性,9,1,0
4580902,1,0,释放瘟疫的几率,参数-参数2,迷宫关卡内加成属性,9,2,0
4580903,1,0,释放瘟疫的次数,参数-参数3,迷宫关卡内加成属性,9,1,0
4581000,1,0,瘟疫传染,主动技能,迷宫关卡内加成属性,9,1,0
4581100,1,0,瘟疫状态,被动技能,迷宫关卡内加成属性,9,1,0
4581200,1,0,瘟疫状态,逻辑id,迷宫关卡内加成属性,9,1,0
4581201,1,0,瘟疫持续伤害万分比,参数-参数1,迷宫关卡内加成属性,9,2,0
4581202,1,0,瘟疫持续伤害固定值,参数-参数2,迷宫关卡内加成属性,9,1,0
4581205,1,0,持续时间,参数-参数5-持续时间,迷宫关卡内加成属性,9,1,0
4581206,1,0,命中几率,参数-参数6-命中率,迷宫关卡内加成属性,9,2,0
4581207,1,0,可叠加最大层数,参数-参数7-最大层数,迷宫关卡内加成属性,9,1,0
4581208,1,0,瘟疫结算间隔,参数-参数3,迷宫关卡内加成属性,9,1,0
4590100,1,0,损失指定血量时触发技能,被动技能,迷宫关卡内加成属性,9,1,0
4590200,1,0,损失指定血量时触发技能,逻辑id,迷宫关卡内加成属性,9,1,0
4590201,1,0,损失指定血量大于等于自身百万分比,参数-参数1,迷宫关卡内加成属性,9,3,0
4590202,1,0,触发几率,参数-参数2,迷宫关卡内加成属性,9,2,0
4590203,1,0,触发次数,参数-参数3,迷宫关卡内加成属性,9,1,0
4590300,1,0,获得护盾,被动技能,迷宫关卡内加成属性,9,1,0
4590400,1,0,获得护盾,逻辑id,迷宫关卡内加成属性,9,1,0
4590401,1,0,护盾量等于最大生命值百万分比,参数-参数1,迷宫关卡内加成属性,9,3,0
4590405,1,0,护盾持续时间,参数-参数5-持续时间,迷宫关卡内加成属性,9,1,0
4590500,1,0,有护盾时触发技能,被动技能,迷宫关卡内加成属性,9,1,0
4590600,1,0,有护盾时触发技能,逻辑id,迷宫关卡内加成属性,9,1,0
4590602,1,0,触发几率,参数-参数2,迷宫关卡内加成属性,9,2,0
4590603,1,0,触发次数,参数-参数3,迷宫关卡内加成属性,9,1,0
4590700,1,0,击杀触发技能效果,被动技能,迷宫关卡内加成属性,9,1,0
4590800,1,0,击杀触发技能效果,逻辑id,迷宫关卡内加成属性,9,1,0
4590802,1,0,触发几率,参数-参数2,迷宫关卡内加成属性,9,2,0
4590803,1,0,触发次数,参数-参数3,迷宫关卡内加成属性,9,1,0
4590900,1,0,额外回血效果,被动技能,迷宫关卡内加成属性,9,1,0
4591000,1,0,额外回血效果,逻辑id,迷宫关卡内加成属性,9,1,0
4591001,1,0,回复击中回血效果系数万分比,参数-参数1,迷宫关卡内加成属性,9,2,0
4591002,1,0,回复生命固定值,参数-参数2,迷宫关卡内加成属性,9,1,0
4591003,1,0,击杀回血,参数-参数3,迷宫关卡内加成属性,9,3,0
4591100,1,0,生命值高于百万分比时触发技能,被动技能,迷宫关卡内加成属性,9,1,0
4591200,1,0,生命值高于百万分比时触发技能,逻辑id,迷宫关卡内加成属性,9,1,0
4591201,1,0,指定百万分比,参数-参数1,迷宫关卡内加成属性,9,3,0
4591202,1,0,触发几率,参数-参数2,迷宫关卡内加成属性,9,2,0
4591203,1,0,触发次数,参数-参数3,迷宫关卡内加成属性,9,1,0
4591300,1,0,生命值低于百万分比时触发技能,被动技能,迷宫关卡内加成属性,9,1,0
4591400,1,0,生命值低于百万分比时触发技能,逻辑id,迷宫关卡内加成属性,9,1,0
4591401,1,0,指定百万分比,参数-参数1,迷宫关卡内加成属性,9,3,0
4591402,1,0,触发几率,参数-参数2,迷宫关卡内加成属性,9,2,0
4591403,1,0,触发次数,参数-参数3,迷宫关卡内加成属性,9,1,0
4591500,1,0,死亡时触发技能,被动技能,迷宫关卡内加成属性,9,1,0
4591600,1,0,死亡时触发技能,逻辑id,迷宫关卡内加成属性,9,1,0
4591602,1,0,触发几率,参数-参数2,迷宫关卡内加成属性,9,2,0
4591603,1,0,触发次数,参数-参数3,迷宫关卡内加成属性,9,1,0
4591700,1,0,复活,主动技能,迷宫关卡内加成属性,9,1,0
4591800,1,0,复活,被动技能,迷宫关卡内加成属性,9,1,0
4591900,1,0,复活,逻辑id,迷宫关卡内加成属性,9,1,0
4591902,1,0,每次挑战最大触发次数,参数-参数2,迷宫关卡内加成属性,9,1,0
4591908,1,0,复活触发冷却时间,参数-参数8,迷宫关卡内加成属性,9,1,0
4592000,1,0,击杀回血效果提高,被动技能,迷宫关卡内加成属性,9,1,0
4592100,1,0,击杀回血效果提高,逻辑id,迷宫关卡内加成属性,9,1,0
4592101,1,0,击杀回血效果提高,参数-参数1,迷宫关卡内加成属性,9,2,0
4592200,1,0,攻击击中回血,被动技能,迷宫关卡内加成属性,9,1,0
4592201,1,0,攻击击中回血,参数-参数2,迷宫关卡内加成属性,9,1,0
4592202,1,0,普攻击中回复最大生命值百万分比,参数-参数3,迷宫关卡内加成属性,9,1,0
4592300,1,0,普攻击中回血效果提高,被动技能,迷宫关卡内加成属性,9,1,0
4592400,1,0,普攻击中回血效果提高,逻辑id,迷宫关卡内加成属性,9,1,0
4592401,1,0,普攻击中回血效果提高万分比,参数-参数1,迷宫关卡内加成属性,9,1,0
4600100,1,0,攻击触发释放技能,被动技能,迷宫关卡内加成属性,9,1,0
4600200,1,0,攻击触发释放技能,逻辑id,迷宫关卡内加成属性,9,1,0
4600201,1,0,攻击释放多重打击需要的攻击次数,参数-参数1,迷宫关卡内加成属性,9,1,0
4600202,1,0,攻击释放多重打击的几率,参数-参数2,迷宫关卡内加成属性,9,2,0
4600203,1,0,攻击释放多重打击的次数,参数-参数3,迷宫关卡内加成属性,9,1,0
4600300,1,0,多重打击效果,被动技能,迷宫关卡内加成属性,9,1,0
4600400,1,0,多重打击效果,逻辑id,迷宫关卡内加成属性,9,1,0
4600401,1,0,触发多重打击额外攻击次数,参数-参数1,迷宫关卡内加成属性,9,1,0
4600402,1,0,触发多重打击伤害系数,参数-参数2,迷宫关卡内加成属性,9,2,0
4600500,1,0,旋风斩,被动技能,迷宫关卡内加成属性,9,1,0
4600600,1,0,攻击触发释放旋风斩,被动技能,迷宫关卡内加成属性,9,1,0
4600700,1,0,攻击触发释放旋风斩,逻辑id,迷宫关卡内加成属性,9,1,0
4600701,1,0,释放旋风斩需要的攻击次数,参数-参数1,迷宫关卡内加成属性,9,1,0
4600702,1,0,释放旋风斩的几率,参数-参数2,迷宫关卡内加成属性,9,2,0
4600703,1,0,释放旋风斩的次数,参数-参数3,迷宫关卡内加成属性,9,1,0
4600800,1,0,半月斩,主动技能,迷宫关卡内加成属性,9,1,0
4600900,1,0,旋风斩触发释放半月斩,被动技能,迷宫关卡内加成属性,9,1,0
4601000,1,0,旋风斩触发释放半月斩,逻辑id,迷宫关卡内加成属性,9,1,0
4601002,1,0,释放半月斩的几率,参数-参数2,迷宫关卡内加成属性,9,2,0
4601003,1,0,释放半月斩的次数,参数-参数3,迷宫关卡内加成属性,9,1,0
4601100,1,0,光环技能,光环技能,迷宫关卡内加成属性,9,1,0
4601200,1,0,光环效果影响范围变化,被动技能,迷宫关卡内加成属性,9,1,0
4601300,1,0,光环效果影响范围变化,逻辑id,迷宫关卡内加成属性,9,1,0
4601301,1,0,影响半径增加自身攻击半径万分比,参数-参数1,迷宫关卡内加成属性,9,2,0
4601302,1,0,影响半径直接增加万分比,参数-参数2,迷宫关卡内加成属性,9,2,0
4601303,1,0,影响半径直接增加固定值,参数-参数3,迷宫关卡内加成属性,9,1,0
4610100,1,0,重击,主动技能,迷宫关卡内加成属性,9,1,0
4610200,1,0,攻击次数触发技能,被动技能,迷宫关卡内加成属性,9,1,0
4610300,1,0,攻击次数触发技能,逻辑id,迷宫关卡内加成属性,9,1,0
4610301,1,0,需要的攻击次数,参数-参数1,迷宫关卡内加成属性,9,1,0
4610302,1,0,触发的几率,参数-参数2,迷宫关卡内加成属性,9,2,0
4610303,1,0,触发技能次数,参数-参数3,迷宫关卡内加成属性,9,1,0
4610400,1,0,重击技能暴击率,被动技能,迷宫关卡内加成属性,9,1,0
4610500,1,0,重击技能暴击率,逻辑id,迷宫关卡内加成属性,9,1,0
4610501,1,0,重击的暴击几率提高,参数-参数1,迷宫关卡内加成属性,9,2,0
4610600,1,0,暴击触发技能,被动技能,迷宫关卡内加成属性,9,1,0
4610700,1,0,暴击触发技能,逻辑id,迷宫关卡内加成属性,9,1,0
4610702,1,0,触发的几率,参数-参数2,迷宫关卡内加成属性,9,2,0
4610703,1,0,触发技能次数,参数-参数3,迷宫关卡内加成属性,9,1,0
4610800,1,0,技能攻击累计额外次数,被动技能,迷宫关卡内加成属性,9,1,0
4610900,1,0,技能攻击累计额外次数,逻辑id,迷宫关卡内加成属性,9,1,0
4610901,1,0,额外增加的攻击次数,参数-参数1,迷宫关卡内加成属性,9,1,0
4611000,1,0,致命暴击状态,被动技能,迷宫关卡内加成属性,9,1,0
4611100,1,0,致命暴击状态,逻辑id,迷宫关卡内加成属性,9,1,0
4611101,1,0,攻击速度提高万分比,参数-参数1,迷宫关卡内加成属性,9,2,0
4611105,1,0,持续时间,参数-参数5-持续时间,迷宫关卡内加成属性,9,1,0
4611106,1,0,命中几率,参数-参数6-命中率,迷宫关卡内加成属性,9,2,0
4611107,1,0,最大可叠加层数,参数-参数7-最大层数,迷宫关卡内加成属性,9,1,0
4611200,1,0,斩杀,被动技能,迷宫关卡内加成属性,9,1,0
4611300,1,0,斩杀,逻辑id,迷宫关卡内加成属性,9,1,0
4611301,1,0,斩杀线要求的血量最大百万分比,参数-参数1,迷宫关卡内加成属性,9,3,0
4611303,1,0,触发冷却时间,参数-参数3,迷宫关卡内加成属性,9,1,0
4611400,1,0,斩杀暴击时触发技能,被动技能,迷宫关卡内加成属性,9,1,0
4611500,1,0,斩杀暴击时触发技能,逻辑id,迷宫关卡内加成属性,9,1,0
4611502,1,0,触发几率,参数-参数2,迷宫关卡内加成属性,9,2,0
4611503,1,0,触发次数,参数-参数3,迷宫关卡内加成属性,9,1,0
4611600,1,0,斩杀血线变化技能,被动技能,迷宫关卡内加成属性,9,1,0
4611700,1,0,斩杀血线变化技能,逻辑id,迷宫关卡内加成属性,9,1,0
4611701,1,0,斩杀血线百万分比增加值,参数-参数1,迷宫关卡内加成属性,9,3,0
5500100,1,0,每X秒获得自身生命上限x%的护盾值，持续x秒,被动技能,迷宫关卡内加成属性,9,1,0
90010101,1,0,技能10101_获得,,,10,1,1
90010102,1,0,技能10102_获得,,,10,1,1
90010201,1,0,技能10201_获得,,,10,1,1
90010202,1,0,技能10202_获得,,,10,1,1
90010301,1,0,技能10301_获得,,,10,1,1
90010302,1,0,技能10302_获得,,,10,1,1
95000101,1,0,冰弹_获得,,,10,1,0
95100101,1,0,陨石_获得,,,10,1,0
95200101,1,0,雷击_获得,,,10,1,0
190010101,1,0,技能10101_冷却,,,10,1,0
190010102,1,0,技能10102_冷却,,,10,1,0
190010201,1,0,技能10201_冷却,,,10,1,0
190010202,1,0,技能10202_冷却,,,10,1,0
190010301,1,0,技能10301_冷却,,,10,1,0
190010302,1,0,技能10302_冷却,,,10,1,0
195000101,1,0,冰弹_冷却,,,10,1,7000
195100101,1,0,陨石_冷却,,,10,1,7000
195200101,1,0,雷击_冷却,,,10,1,6000
290010101,1,0,技能10101_最近释放距离,,,10,1,0
290010102,1,0,技能10102_最近释放距离,,,10,1,0
290010201,1,0,技能10201_最近释放距离,,,10,1,0
290010202,1,0,技能10202_最近释放距离,,,10,1,0
290010301,1,0,技能10301_最近释放距离,,,10,1,0
290010302,1,0,技能10302_最近释放距离,,,10,1,0
295000101,1,0,冰弹_最近释放距离,,,10,1,0
295100101,1,0,陨石_最近释放距离,,,10,1,0
295200101,1,0,雷击_最近释放距离,,,10,1,0
390010101,1,0,技能10101_最远释放距离,,,10,1,4500
390010102,1,0,技能10102_最远释放距离,,,10,1,4500
390010201,1,0,技能10201_最远释放距离,,,10,1,4500
390010202,1,0,技能10202_最远释放距离,,,10,1,4500
390010301,1,0,技能10301_最远释放距离,,,10,1,4500
390010302,1,0,技能10302_最远释放距离,,,10,1,4500
395000101,1,0,冰弹_最远释放距离,,,10,1,7500
395100101,1,0,陨石_最远释放距离,,,10,1,7500
395200101,1,0,雷击_最远释放距离,,,10,1,7500
490010101,1,0,技能10101_技能效果半径,,,10,1,0
490010102,1,0,技能10102_技能效果半径,,,10,1,0
490010201,1,0,技能10201_技能效果半径,,,10,1,0
490010202,1,0,技能10202_技能效果半径,,,10,1,0
490010301,1,0,技能10301_技能效果半径,,,10,1,0
490010302,1,0,技能10302_技能效果半径,,,10,1,0
495000101,1,0,冰弹_技能效果半径,,,10,1,0
495100101,1,0,陨石_技能效果半径,,,10,1,3200
495200101,1,0,雷击_技能效果半径,,,10,1,8000
590010101,1,0,技能10101_目标数量,,,10,1,1
590010102,1,0,技能10102_目标数量,,,10,1,1
590010201,1,0,技能10201_目标数量,,,10,1,1
590010202,1,0,技能10202_目标数量,,,10,1,1
590010301,1,0,技能10301_目标数量,,,10,1,1
590010302,1,0,技能10302_目标数量,,,10,1,1
595000101,1,0,冰弹_目标数量,,,10,1,0
595100101,1,0,陨石_目标数量,,,10,1,0
595200101,1,0,雷击_目标数量,,,10,1,4
690010101,1,0,技能10101_主目标直接伤害固定值,,,10,1,0
690010102,1,0,技能10102_主目标直接伤害固定值,,,10,1,0
690010201,1,0,技能10201_主目标直接伤害固定值,,,10,1,0
690010202,1,0,技能10202_主目标直接伤害固定值,,,10,1,0
690010301,1,0,技能10301_主目标直接伤害固定值,,,10,1,0
690010302,1,0,技能10302_主目标直接伤害固定值,,,10,1,0
695000101,1,0,冰弹_主目标直接伤害固定值,,,10,1,0
695100101,1,0,陨石_主目标直接伤害固定值,,,10,1,0
695200101,1,0,雷击_主目标直接伤害固定值,,,10,1,0
790010101,1,0,技能10101_主目标直接伤害系数,,,10,2,10000
790010102,1,0,技能10102_主目标直接伤害系数,,,10,2,10000
790010201,1,0,技能10201_主目标直接伤害系数,,,10,2,10000
790010202,1,0,技能10202_主目标直接伤害系数,,,10,2,10000
790010301,1,0,技能10301_主目标直接伤害系数,,,10,2,10000
790010302,1,0,技能10302_主目标直接伤害系数,,,10,2,10000
795000101,1,0,冰弹_主目标直接伤害系数,,,10,2,27000
795100101,1,0,陨石_主目标直接伤害系数,,,10,2,20000
795200101,1,0,雷击_主目标直接伤害系数,,,10,2,24000
890010101,1,0,技能10101_非主目标直接伤害固定值,,,10,1,0
890010102,1,0,技能10102_非主目标直接伤害固定值,,,10,1,0
890010201,1,0,技能10201_非主目标直接伤害固定值,,,10,1,0
890010202,1,0,技能10202_非主目标直接伤害固定值,,,10,1,0
890010301,1,0,技能10301_非主目标直接伤害固定值,,,10,1,0
890010302,1,0,技能10302_非主目标直接伤害固定值,,,10,1,0
895000101,1,0,冰弹_非主目标直接伤害固定值,,,10,1,0
895100101,1,0,陨石_非主目标直接伤害固定值,,,10,1,0
895200101,1,0,雷击_非主目标直接伤害固定值,,,10,1,0
990010101,1,0,技能10101_非主目标直接伤害系数,,,10,2,10000
990010102,1,0,技能10102_非主目标直接伤害系数,,,10,2,10000
990010201,1,0,技能10201_非主目标直接伤害系数,,,10,2,10000
990010202,1,0,技能10202_非主目标直接伤害系数,,,10,2,10000
990010301,1,0,技能10301_非主目标直接伤害系数,,,10,2,10000
990010302,1,0,技能10302_非主目标直接伤害系数,,,10,2,10000
995000101,1,0,冰弹_非主目标直接伤害系数,,,10,2,27000
995100101,1,0,陨石_非主目标直接伤害系数,,,10,2,20000
995200101,1,0,雷击_非主目标直接伤害系数,,,10,2,24000
920001,1,0,炎域_获得,,,10,1,0
1920001,1,0,炎域_冷却,,,10,1,10000
2920001,1,0,炎域_最近释放距离,,,10,1,0
3920001,1,0,炎域_最远释放距离,,,10,1,0
4920001,1,0,炎域_技能效果半径,,,10,1,6000
5920001,1,0,炎域_目标数量,,,10,1,0
6920001,1,0,炎域_主目标直接伤害固定值,,,10,1,0
7920001,1,0,炎域_主目标直接伤害系数,,,10,2,0
8920001,1,0,炎域_非主目标直接伤害固定值,,,10,1,0
9920001,1,0,炎域_非主目标直接伤害系数,,,10,2,0
10920001,1,0,炎域_技能持续时间,,,10,1,6000
11920001,1,0,炎域_技能伤害或效果生效间隔,,,10,1,1000
820001,1,0,炎域-燃烧-逻辑id,,,10,1,0
8200011,1,0,炎域-燃烧-火元素伤害万分比系数,,,10,2,0
8200012,1,0,炎域-燃烧-火元素伤害固定值系数,,,10,1,0
8200015,1,0,炎域-燃烧-持续时长毫秒,,,10,1,0
8200018,1,0,炎域-燃烧-伤害间隔毫秒,,,10,1,0
3592200,1,0,击中回血_获得,,,10,1,0
159260001,1,0,击中回血_冷却,,,10,1,0
259260001,1,0,击中回血_最近释放距离,,,10,1,0
359260001,1,0,击中回血_最远释放距离,,,10,1,0
459260001,1,0,击中回血_技能效果半径,,,10,1,0
559260001,1,0,击中回血_目标数量,,,10,1,0
659260001,1,0,击中回血_主目标直接伤害固定值,,,10,1,0
759260001,1,0,击中回血_主目标直接伤害系数,,,10,2,0
859260001,1,0,击中回血_非主目标直接伤害固定值,,,10,1,0
959260001,1,0,击中回血_非主目标直接伤害系数,,,10,2,0
920011,1,0,普攻附加毒爆_获得,,,10,1,0
1920011,1,0,普攻附加毒爆_冷却,,,10,1,10000
2920011,1,0,普攻附加毒爆_最近释放距离,,,10,1,0
3920011,1,0,普攻附加毒爆_最远释放距离,,,10,1,0
4920011,1,0,普攻附加毒爆_技能效果半径,,,10,1,0
5920011,1,0,普攻附加毒爆_目标数量,,,10,1,0
6920011,1,0,普攻附加毒爆_主目标直接伤害固定值,,,10,1,0
7920011,1,0,普攻附加毒爆_主目标直接伤害系数,,,10,2,0
8920011,1,0,普攻附加毒爆_非主目标直接伤害固定值,,,10,1,0
9920011,1,0,普攻附加毒爆_非主目标直接伤害系数,,,10,2,0
920012,1,0,毒爆_获得,,,10,1,0
1920012,1,0,毒爆_冷却,,,10,1,0
2920012,1,0,毒爆_最近释放距离,,,10,1,0
3920012,1,0,毒爆_最远释放距离,,,10,1,0
4920012,1,0,毒爆_技能效果半径,,,10,1,3000
5920012,1,0,毒爆_目标数量,,,10,1,0
6920012,1,0,毒爆_主目标直接伤害固定值,,,10,1,0
7920012,1,0,毒爆_主目标直接伤害系数,,,10,2,10000
8920012,1,0,毒爆_非主目标直接伤害固定值,,,10,1,0
9920012,1,0,毒爆_非主目标直接伤害系数,,,10,2,10000
820011,1,0,毒爆-逻辑id,,,10,1,0
8200111,1,0,毒爆-毒元素伤害万分比系数,,,10,2,0
8200112,1,0,毒爆-毒元素伤害固定值系数,,,10,1,0
8200115,1,0,毒爆-持续时长毫秒,,,10,1,0
8200118,1,0,毒爆-伤害间隔毫秒,,,10,1,0
920021,1,0,爆炎冲刺_获得,,,10,1,0
1920021,1,0,爆炎冲刺_冷却,,,10,1,7000
2920021,1,0,爆炎冲刺_最近释放距离,,,10,1,0
3920021,1,0,爆炎冲刺_最远释放距离,,,10,1,8000
4920021,1,0,爆炎冲刺_技能效果半径,,,10,1,0
5920021,1,0,爆炎冲刺_目标数量,,,10,1,0
6920021,1,0,爆炎冲刺_主目标直接伤害固定值,,,10,1,0
7920021,1,0,爆炎冲刺_主目标直接伤害系数,,,10,2,25000
8920021,1,0,爆炎冲刺_非主目标直接伤害固定值,,,10,1,0
9920021,1,0,爆炎冲刺_非主目标直接伤害系数,,,10,2,25000
920022,1,0,升龙击_获得,,,10,1,0
1920022,1,0,升龙击_冷却,,,10,1,0
2920022,1,0,升龙击_最近释放距离,,,10,1,0
3920022,1,0,升龙击_最远释放距离,,,10,1,0
4920022,1,0,升龙击_技能效果半径,,,10,1,0
5920022,1,0,升龙击_目标数量,,,10,1,0
6920022,1,0,升龙击_主目标直接伤害固定值,,,10,1,0
7920022,1,0,升龙击_主目标直接伤害系数,,,10,2,50000
8920022,1,0,升龙击_非主目标直接伤害固定值,,,10,1,0
9920022,1,0,升龙击_非主目标直接伤害系数,,,10,2,50000
920023,1,0,爆炎砸地_获得,,,10,1,0
1920023,1,0,爆炎砸地_冷却,,,10,1,0
2920023,1,0,爆炎砸地_最近释放距离,,,10,1,0
3920023,1,0,爆炎砸地_最远释放距离,,,10,1,0
4920023,1,0,爆炎砸地_技能效果半径,,,10,1,4000
5920023,1,0,爆炎砸地_目标数量,,,10,1,0
6920023,1,0,爆炎砸地_主目标直接伤害固定值,,,10,1,0
7920023,1,0,爆炎砸地_主目标直接伤害系数,,,10,2,45000
8920023,1,0,爆炎砸地_非主目标直接伤害固定值,,,10,1,0
9920023,1,0,爆炎砸地_非主目标直接伤害系数,,,10,2,45000
920041,1,0,召唤守卫_获得,,,10,1,0
1920041,1,0,召唤守卫_冷却,,,10,1,8000
2920041,1,0,召唤守卫_最近释放距离,,,10,1,0
3920041,1,0,召唤守卫_最远释放距离,,,10,1,5000
4920041,1,0,召唤守卫_技能效果半径,,,10,1,0
5920041,1,0,召唤守卫_目标数量,,,10,1,0
6920041,1,0,召唤守卫_主目标直接伤害固定值,,,10,1,0
7920041,1,0,召唤守卫_主目标直接伤害系数,,,10,2,0
8920041,1,0,召唤守卫_非主目标直接伤害固定值,,,10,1,0
9920041,1,0,召唤守卫_非主目标直接伤害系数,,,10,2,0
920031,1,0,闪电链_获得,正式技能,,10,1,0
1920031,1,0,闪电链_冷却,正式技能-属性,,10,1,4000
2920031,1,0,闪电链_最近释放距离,正式技能-属性,,10,1,0
3920031,1,0,闪电链_最远释放距离,正式技能-属性,,10,1,10000
4920031,1,0,闪电链_技能效果半径,正式技能-属性,,10,1,5000
5920031,1,0,闪电链_目标数量,正式技能-属性,,10,1,4
6920031,1,0,闪电链_主目标直接伤害固定值,正式技能-属性,,10,1,0
7920031,1,0,闪电链_主目标直接伤害系数,正式技能-属性,,10,2,12000
8920031,1,0,闪电链_非主目标直接伤害固定值,正式技能-属性,,10,1,0
9920031,1,0,闪电链_非主目标直接伤害系数,正式技能-属性,,10,2,12000
12920031,1,0,闪电链_每次造成伤害后的伤害调整系数,正式技能-属性,,10,2,0
13920031,1,0,闪电链_技能等级,正式技能-属性,,10,1,1
920032,1,0,电环_获得,正式技能,,10,1,0
1920032,1,0,电环_冷却,正式技能-属性,,10,1,7000
2920032,1,0,电环_最近释放距离,正式技能-属性,,10,1,0
3920032,1,0,电环_最远释放距离,正式技能-属性,,10,1,4200
4920032,1,0,电环_技能效果半径,正式技能-属性,,10,1,4200
5920032,1,0,电环_目标数量,正式技能-属性,,10,1,0
6920032,1,0,电环_主目标直接伤害固定值,正式技能-属性,,10,1,0
7920032,1,0,电环_主目标直接伤害系数,正式技能-属性,,10,2,8500
8920032,1,0,电环_非主目标直接伤害固定值,正式技能-属性,,10,1,0
9920032,1,0,电环_非主目标直接伤害系数,正式技能-属性,,10,2,8500
13920032,1,0,电环_技能等级,正式技能-属性,,10,1,1
920033,1,0,雷暴云_获得,正式技能,,10,1,0
1920033,1,0,雷暴云_冷却,正式技能-属性,,10,1,10000
2920033,1,0,雷暴云_最近释放距离,正式技能-属性,,10,1,0
3920033,1,0,雷暴云_最远释放距离,正式技能-属性,,10,1,6000
4920033,1,0,雷暴云_技能效果半径,正式技能-属性,,10,1,1600
5920033,1,0,雷暴云_目标数量,正式技能-属性,,10,1,8
6920033,1,0,雷暴云_主目标直接伤害固定值,正式技能-属性,,10,1,0
7920033,1,0,雷暴云_主目标直接伤害系数,正式技能-属性,,10,2,8500
8920033,1,0,雷暴云_非主目标直接伤害固定值,正式技能-属性,,10,1,0
9920033,1,0,雷暴云_非主目标直接伤害系数,正式技能-属性,,10,2,8500
10920033,1,0,雷暴云_技能持续时间,正式技能-属性,,10,1,2700
11920033,1,0,雷暴云_技能伤害或效果生效间隔,正式技能-属性,,10,1,0
5200800,1,0,概率附加麻痹,逻辑id,,10,1,0
5200701,1,0,闪电链附加麻痹概率,参数-参数6-命中率,,10,2,0
5200702,1,0,闪电链附加麻痹时长,参数-参数5-持续时间,,10,1,0
5200711,1,0,电刃附加麻痹概率,参数-参数6-命中率,,10,2,0
5200712,1,0,电刃附加麻痹时长,参数-参数5-持续时间,,10,1,0
920034,1,0,连环闪电_获得,正式技能,,10,1,0
820034,1,0,连环闪电-逻辑id,连环闪电-逻辑id,,10,1,0
920053,1,0,超强电刃_获得,正式技能,,10,1,0
1920053,1,0,超强电刃_冷却,正式技能-属性,,10,1,0
2920053,1,0,超强电刃_最近释放距离,正式技能-属性,,10,1,0
3920053,1,0,超强电刃_最远释放距离,正式技能-属性,,10,1,0
4920053,1,0,超强电刃_技能效果半径,正式技能-属性,,10,1,6000
5920053,1,0,超强电刃_目标数量,正式技能-属性,,10,1,6
6920053,1,0,超强电刃_主目标直接伤害固定值,正式技能-属性,,10,1,0
7920053,1,0,超强电刃_主目标直接伤害系数,正式技能-属性,,10,2,6000
8920053,1,0,超强电刃_非主目标直接伤害固定值,正式技能-属性,,10,1,0
9920053,1,0,超强电刃_非主目标直接伤害系数,正式技能-属性,,10,2,6000
13920053,1,0,超强电刃_技能等级,正式技能-属性,,10,1,1
14920053,1,0,超强电刃_弹道数量,正式技能-属性,,10,1,1
920054,1,0,天罚_获得,正式技能,,10,1,0
820054,1,0,天罚-逻辑id,天罚-逻辑id,,10,1,0
920051,1,0,电弧_获得,正式技能,,10,1,0
1920051,1,0,电弧_冷却,正式技能-属性,,10,1,100
2920051,1,0,电弧_最近释放距离,正式技能-属性,,10,1,0
3920051,1,0,电弧_最远释放距离,正式技能-属性,,10,1,3500
4920051,1,0,电弧_技能效果半径,正式技能-属性,,10,1,3500
5920051,1,0,电弧_目标数量,正式技能-属性,,10,1,0
6920051,1,0,电弧_主目标直接伤害固定值,正式技能-属性,,10,1,0
7920051,1,0,电弧_主目标直接伤害系数,正式技能-属性,,10,2,0
8920051,1,0,电弧_非主目标直接伤害固定值,正式技能-属性,,10,1,0
9920051,1,0,电弧_非主目标直接伤害系数,正式技能-属性,,10,2,0
16920051,1,0,电弧_释放角度,正式技能-属性,,10,1,180
920052,1,0,电波_获得,正式技能,,10,1,0
1920052,1,0,电波_冷却,正式技能-属性,,10,1,500
2920052,1,0,电波_最近释放距离,正式技能-属性,,10,1,0
3920052,1,0,电波_最远释放距离,正式技能-属性,,10,1,0
4920052,1,0,电波_技能效果半径,正式技能-属性,,10,1,0
5920052,1,0,电波_目标数量,正式技能-属性,,10,1,12
6920052,1,0,电波_主目标直接伤害固定值,正式技能-属性,,10,1,0
7920052,1,0,电波_主目标直接伤害系数,正式技能-属性,,10,2,6500
8920052,1,0,电波_非主目标直接伤害固定值,正式技能-属性,,10,1,0
9920052,1,0,电波_非主目标直接伤害系数,正式技能-属性,,10,2,6500
14920052,1,0,电波_弹道数量,正式技能-属性,,10,1,12
15920052,1,0,电波_弹道穿透数量,正式技能-属性,,10,1,10
16920052,1,0,电波_释放角度,正式技能-属性,,10,1,60
72005201,1,0,电波_普攻触发电波概率,正式技能-属性,,10,2,2500
7000301,1,0,普攻附带冰元素伤害系数,参数-调整伤害系数,,10,2,0
7000302,1,0,普攻附带火元素伤害系数,参数-调整伤害系数,,10,2,0
7000303,1,0,普攻附带毒元素伤害系数,参数-调整伤害系数,,10,2,0
7000304,1,0,普攻附带电元素伤害系数,参数-调整伤害系数,,10,2,0
7000305,1,0,普攻附带物理伤害系数,参数-调整伤害系数,,10,2,10000
7000311,1,0,普攻附带冰元素溅射标记,参数-元素类型标记,,10,1,0
7000312,1,0,普攻附带火元素溅射标记,参数-元素类型标记,,10,1,0
7000313,1,0,普攻附带毒元素溅射标记,参数-元素类型标记,,10,1,0
7000314,1,0,普攻附带电元素溅射标记,参数-元素类型标记,,10,1,0
920061,1,0,暴风雪_获得,正式技能,,10,1,0
1920061,1,0,暴风雪_冷却,正式技能-属性,,10,1,10000
2920061,1,0,暴风雪_最近释放距离,正式技能-属性,,10,1,0
3920061,1,0,暴风雪_最远释放距离,正式技能-属性,,10,1,7500
4920061,1,0,暴风雪_技能效果半径,正式技能-属性,,10,1,2500
5920061,1,0,暴风雪_目标数量,正式技能-属性,,10,1,0
6920061,1,0,暴风雪_主目标直接伤害固定值,正式技能-属性,,10,1,0
7920061,1,0,暴风雪_主目标直接伤害系数,正式技能-属性,,10,2,8000
8920061,1,0,暴风雪_非主目标直接伤害固定值,正式技能-属性,,10,1,0
9920061,1,0,暴风雪_非主目标直接伤害系数,正式技能-属性,,10,2,8000
10920061,1,0,暴风雪_技能持续时间,正式技能-属性,,10,1,4000
11920061,1,0,暴风雪_技能伤害或效果生效间隔,正式技能-属性,,10,1,500
16920061,1,0,暴风雪_极寒领域获得,正式技能-属性,,10,1,0
17920061,1,0,暴风雪_极寒领域技能持续时间,正式技能-属性,,10,1,6000
18920061,1,0,暴风雪_极寒领域能伤害或效果生效间隔,正式技能-属性,,10,1,1000
19920061,1,0,暴风雪_极寒领域伤害系数,正式技能-属性,,10,2,15000
5001600,1,0,概率附加冰冻,逻辑id,,10,1,0
5001501,1,0,暴风雪概率附加冰冻,参数-参数6-命中率,,10,2,0
5001502,1,0,暴风雪概率附加冰冻,参数-参数5-持续时间,,10,1,0
5001800,1,0,概率附加减速,逻辑id,,10,1,0
5001701,1,0,概率附加减速,参数-参数1-降低移速万分比,,10,2,0
5001702,1,0,概率附加减速,参数-参数2-降低攻速万分比,,10,2,0
5001705,1,0,概率附加减速,参数-参数5-持续时间,,10,1,0
5001706,1,0,概率附加减速,参数-参数6-命中率,,10,2,0
920071,1,0,冰爆_获得,正式技能,,10,1,1
1920071,1,0,冰爆_冷却,正式技能-属性,,10,1,0
2920071,1,0,冰爆_最近释放距离,正式技能-属性,,10,1,0
3920071,1,0,冰爆_最远释放距离,正式技能-属性,,10,1,20000
4920071,1,0,冰爆_技能效果半径,正式技能-属性,,10,1,2000
5920071,1,0,冰爆_目标数量,正式技能-属性,,10,1,0
6920071,1,0,冰爆_主目标直接伤害固定值,正式技能-属性,,10,1,0
7920071,1,0,冰爆_主目标直接伤害系数,正式技能-属性,,10,2,12000
8920071,1,0,冰爆_非主目标直接伤害固定值,正式技能-属性,,10,1,0
9920071,1,0,冰爆_非主目标直接伤害系数,正式技能-属性,,10,2,12000
920072,1,0,冰爆被动_获得,正式技能,,10,1,0
820072,1,0,冰爆被动-逻辑id,冰爆被动-逻辑id,,10,1,0
