paipaiworld_config,Unnamed: 1,42781000,42682000,42683000,42684000,42685000,42686000,42687000,42688000
INT_K,LIST<INT>_S,STRING,STRING,STRING,STRING,STRING,STRING,STRING,STRING
order,equip_id,desc1,desc2,desc3,desc4,desc5,desc6,desc7,desc8
队列id,装备id,备注,备注,备注,备注,备注,备注,备注,备注
101,"42781001,42682001,42683001,42684001,42685001,42686001,42687001,42688001",42781001,42682001,42683001,42684001,42685001,42686001,42687001,42688001
102,"42683001,42685001,42687001,42781001,42682001,42684001,42686001,42688001",42683001,42685001,42687001,42781001,42682001,42684001,42686001,42688001
103,"42687001,42682001,42686001,42683001,42685001,42781001,42684001,42688001",42687001,42682001,42686001,42683001,42685001,42781001,42684001,42688001
201,"42781002,42682002,42683002,42684002,42685002,42686002,42687002,42688002",42781002,42682002,42683002,42684002,42685002,42686002,42687002,42688002
202,"42683002,42685002,42687002,42781002,42682002,42684002,42686002,42688002",42683002,42685002,42687002,42781002,42682002,42684002,42686002,42688002
203,"42687002,42682002,42686002,42683002,42685002,42781002,42684002,42688002",42687002,42682002,42686002,42683002,42685002,42781002,42684002,42688002
301,"42781003,42682003,42683003,42684003,42685003,42686003,42687003,42688003",42781003,42682003,42683003,42684003,42685003,42686003,42687003,42688003
302,"42683003,42685003,42687003,42781003,42682003,42684003,42686003,42688003",42683003,42685003,42687003,42781003,42682003,42684003,42686003,42688003
303,"42687003,42682003,42686003,42683003,42685003,42781003,42684003,42688003",42687003,42682003,42686003,42683003,42685003,42781003,42684003,42688003
401,"42781004,42682004,42683004,42684004,42685004,42686004,42687004,42688004",42781004,42682004,42683004,42684004,42685004,42686004,42687004,42688004
402,"42683004,42685004,42687004,42781004,42682004,42684004,42686004,42688004",42683004,42685004,42687004,42781004,42682004,42684004,42686004,42688004
403,"42687004,42682004,42686004,42683004,42685004,42781004,42684004,42688004",42687004,42682004,42686004,42683004,42685004,42781004,42684004,42688004
501,"42781005,42682005,42683005,42684005,42685005,42686005,42687005,42688005",42781005,42682005,42683005,42684005,42685005,42686005,42687005,42688005
502,"42683005,42685005,42687005,42781005,42682005,42684005,42686005,42688005",42683005,42685005,42687005,42781005,42682005,42684005,42686005,42688005
503,"42687005,42682005,42686005,42683005,42685005,42781005,42684005,42688005",42687005,42682005,42686005,42683005,42685005,42781005,42684005,42688005
601,"42781006,42682006,42683006,42684006,42685006,42686006,42687006,42688006",42781006,42682006,42683006,42684006,42685006,42686006,42687006,42688006
602,"42683006,42685006,42687006,42781006,42682006,42684006,42686006,42688006",42683006,42685006,42687006,42781006,42682006,42684006,42686006,42688006
603,"42687006,42682006,42686006,42683006,42685006,42781006,42684006,42688006",42687006,42682006,42686006,42683006,42685006,42781006,42684006,42688006
701,"42781007,42682007,42683007,42684007,42685007,42686007,42687007,42688007",42781007,42682007,42683007,42684007,42685007,42686007,42687007,42688007
702,"42683007,42685007,42687007,42781007,42682007,42684007,42686007,42688007",42683007,42685007,42687007,42781007,42682007,42684007,42686007,42688007
703,"42687007,42682007,42686007,42683007,42685007,42781007,42684007,42688007",42687007,42682007,42686007,42683007,42685007,42781007,42684007,42688007
801,"42781008,42682008,42683008,42684008,42685008,42686008,42687008,42688008",42781008,42682008,42683008,42684008,42685008,42686008,42687008,42688008
802,"42683008,42685008,42687008,42781008,42682008,42684008,42686008,42688008",42683008,42685008,42687008,42781008,42682008,42684008,42686008,42688008
803,"42687008,42682008,42686008,42683008,42685008,42781008,42684008,42688008",42687008,42682008,42686008,42683008,42685008,42781008,42684008,42688008
901,"42781009,42682009,42683009,42684009,42685009,42686009,42687009,42688009",42781009,42682009,42683009,42684009,42685009,42686009,42687009,42688009
902,"42683009,42685009,42687009,42781009,42682009,42684009,42686009,42688009",42683009,42685009,42687009,42781009,42682009,42684009,42686009,42688009
903,"42687009,42682009,42686009,42683009,42685009,42781009,42684009,42688009",42687009,42682009,42686009,42683009,42685009,42781009,42684009,42688009
1001,"42781010,42682010,42683010,42684010,42685010,42686010,42687010,42688010",42781010,42682010,42683010,42684010,42685010,42686010,42687010,42688010
1002,"42683010,42685010,42687010,42781010,42682010,42684010,42686010,42688010",42683010,42685010,42687010,42781010,42682010,42684010,42686010,42688010
1003,"42687010,42682010,42686010,42683010,42685010,42781010,42684010,42688010",42687010,42682010,42686010,42683010,42685010,42781010,42684010,42688010
1101,"42781011,42682011,42683011,42684011,42685011,42686011,42687011,42688011",42781011,42682011,42683011,42684011,42685011,42686011,42687011,42688011
1102,"42683011,42685011,42687011,42781011,42682011,42684011,42686011,42688011",42683011,42685011,42687011,42781011,42682011,42684011,42686011,42688011
1103,"42687011,42682011,42686011,42683011,42685011,42781011,42684011,42688011",42687011,42682011,42686011,42683011,42685011,42781011,42684011,42688011
1201,"42781012,42682012,42683012,42684012,42685012,42686012,42687012,42688012",42781012,42682012,42683012,42684012,42685012,42686012,42687012,42688012
1202,"42683012,42685012,42687012,42781012,42682012,42684012,42686012,42688012",42683012,42685012,42687012,42781012,42682012,42684012,42686012,42688012
1203,"42687012,42682012,42686012,42683012,42685012,42781012,42684012,42688012",42687012,42682012,42686012,42683012,42685012,42781012,42684012,42688012
1301,"42781013,42682013,42683013,42684013,42685013,42686013,42687013,42688013",42781013,42682013,42683013,42684013,42685013,42686013,42687013,42688013
1302,"42683013,42685013,42687013,42781013,42682013,42684013,42686013,42688013",42683013,42685013,42687013,42781013,42682013,42684013,42686013,42688013
1303,"42687013,42682013,42686013,42683013,42685013,42781013,42684013,42688013",42687013,42682013,42686013,42683013,42685013,42781013,42684013,42688013
1401,"42781014,42682014,42683014,42684014,42685014,42686014,42687014,42688014",42781014,42682014,42683014,42684014,42685014,42686014,42687014,42688014
1402,"42683014,42685014,42687014,42781014,42682014,42684014,42686014,42688014",42683014,42685014,42687014,42781014,42682014,42684014,42686014,42688014
1403,"42687014,42682014,42686014,42683014,42685014,42781014,42684014,42688014",42687014,42682014,42686014,42683014,42685014,42781014,42684014,42688014
1501,"42781015,42682015,42683015,42684015,42685015,42686015,42687015,42688015",42781015,42682015,42683015,42684015,42685015,42686015,42687015,42688015
1502,"42683015,42685015,42687015,42781015,42682015,42684015,42686015,42688015",42683015,42685015,42687015,42781015,42682015,42684015,42686015,42688015
1503,"42687015,42682015,42686015,42683015,42685015,42781015,42684015,42688015",42687015,42682015,42686015,42683015,42685015,42781015,42684015,42688015
1601,"42781016,42682016,42683016,42684016,42685016,42686016,42687016,42688016",42781016,42682016,42683016,42684016,42685016,42686016,42687016,42688016
1602,"42683016,42685016,42687016,42781016,42682016,42684016,42686016,42688016",42683016,42685016,42687016,42781016,42682016,42684016,42686016,42688016
1603,"42687016,42682016,42686016,42683016,42685016,42781016,42684016,42688016",42687016,42682016,42686016,42683016,42685016,42781016,42684016,42688016
1701,"42781017,42682017,42683017,42684017,42685017,42686017,42687017,42688017",42781017,42682017,42683017,42684017,42685017,42686017,42687017,42688017
1702,"42683017,42685017,42687017,42781017,42682017,42684017,42686017,42688017",42683017,42685017,42687017,42781017,42682017,42684017,42686017,42688017
1703,"42687017,42682017,42686017,42683017,42685017,42781017,42684017,42688017",42687017,42682017,42686017,42683017,42685017,42781017,42684017,42688017
1801,"42781018,42682018,42683018,42684018,42685018,42686018,42687018,42688018",42781018,42682018,42683018,42684018,42685018,42686018,42687018,42688018
1802,"42683018,42685018,42687018,42781018,42682018,42684018,42686018,42688018",42683018,42685018,42687018,42781018,42682018,42684018,42686018,42688018
1803,"42687018,42682018,42686018,42683018,42685018,42781018,42684018,42688018",42687018,42682018,42686018,42683018,42685018,42781018,42684018,42688018
1901,"42781019,42682019,42683019,42684019,42685019,42686019,42687019,42688019",42781019,42682019,42683019,42684019,42685019,42686019,42687019,42688019
1902,"42683019,42685019,42687019,42781019,42682019,42684019,42686019,42688019",42683019,42685019,42687019,42781019,42682019,42684019,42686019,42688019
1903,"42687019,42682019,42686019,42683019,42685019,42781019,42684019,42688019",42687019,42682019,42686019,42683019,42685019,42781019,42684019,42688019
2001,"42781020,42682020,42683020,42684020,42685020,42686020,42687020,42688020",42781020,42682020,42683020,42684020,42685020,42686020,42687020,42688020
2002,"42683020,42685020,42687020,42781020,42682020,42684020,42686020,42688020",42683020,42685020,42687020,42781020,42682020,42684020,42686020,42688020
2003,"42687020,42682020,42686020,42683020,42685020,42781020,42684020,42688020",42687020,42682020,42686020,42683020,42685020,42781020,42684020,42688020
2101,"42781021,42682021,42683021,42684021,42685021,42686021,42687021,42688021",42781021,42682021,42683021,42684021,42685021,42686021,42687021,42688021
2102,"42683021,42685021,42687021,42781021,42682021,42684021,42686021,42688021",42683021,42685021,42687021,42781021,42682021,42684021,42686021,42688021
2103,"42687021,42682021,42686021,42683021,42685021,42781021,42684021,42688021",42687021,42682021,42686021,42683021,42685021,42781021,42684021,42688021
2201,"42781022,42682022,42683022,42684022,42685022,42686022,42687022,42688022",42781022,42682022,42683022,42684022,42685022,42686022,42687022,42688022
2202,"42683022,42685022,42687022,42781022,42682022,42684022,42686022,42688022",42683022,42685022,42687022,42781022,42682022,42684022,42686022,42688022
2203,"42687022,42682022,42686022,42683022,42685022,42781022,42684022,42688022",42687022,42682022,42686022,42683022,42685022,42781022,42684022,42688022
2301,"42781023,42682023,42683023,42684023,42685023,42686023,42687023,42688023",42781023,42682023,42683023,42684023,42685023,42686023,42687023,42688023
2302,"42683023,42685023,42687023,42781023,42682023,42684023,42686023,42688023",42683023,42685023,42687023,42781023,42682023,42684023,42686023,42688023
2303,"42687023,42682023,42686023,42683023,42685023,42781023,42684023,42688023",42687023,42682023,42686023,42683023,42685023,42781023,42684023,42688023
2401,"42781024,42682024,42683024,42684024,42685024,42686024,42687024,42688024",42781024,42682024,42683024,42684024,42685024,42686024,42687024,42688024
2402,"42683024,42685024,42687024,42781024,42682024,42684024,42686024,42688024",42683024,42685024,42687024,42781024,42682024,42684024,42686024,42688024
2403,"42687024,42682024,42686024,42683024,42685024,42781024,42684024,42688024",42687024,42682024,42686024,42683024,42685024,42781024,42684024,42688024
2501,"42781025,42682025,42683025,42684025,42685025,42686025,42687025,42688025",42781025,42682025,42683025,42684025,42685025,42686025,42687025,42688025
2502,"42683025,42685025,42687025,42781025,42682025,42684025,42686025,42688025",42683025,42685025,42687025,42781025,42682025,42684025,42686025,42688025
2503,"42687025,42682025,42686025,42683025,42685025,42781025,42684025,42688025",42687025,42682025,42686025,42683025,42685025,42781025,42684025,42688025
2601,"42781026,42682026,42683026,42684026,42685026,42686026,42687026,42688026",42781026,42682026,42683026,42684026,42685026,42686026,42687026,42688026
2602,"42683026,42685026,42687026,42781026,42682026,42684026,42686026,42688026",42683026,42685026,42687026,42781026,42682026,42684026,42686026,42688026
2603,"42687026,42682026,42686026,42683026,42685026,42781026,42684026,42688026",42687026,42682026,42686026,42683026,42685026,42781026,42684026,42688026
2701,"42781027,42682027,42683027,42684027,42685027,42686027,42687027,42688027",42781027,42682027,42683027,42684027,42685027,42686027,42687027,42688027
2702,"42683027,42685027,42687027,42781027,42682027,42684027,42686027,42688027",42683027,42685027,42687027,42781027,42682027,42684027,42686027,42688027
2703,"42687027,42682027,42686027,42683027,42685027,42781027,42684027,42688027",42687027,42682027,42686027,42683027,42685027,42781027,42684027,42688027
2801,"42781028,42682028,42683028,42684028,42685028,42686028,42687028,42688028",42781028,42682028,42683028,42684028,42685028,42686028,42687028,42688028
2802,"42683028,42685028,42687028,42781028,42682028,42684028,42686028,42688028",42683028,42685028,42687028,42781028,42682028,42684028,42686028,42688028
2803,"42687028,42682028,42686028,42683028,42685028,42781028,42684028,42688028",42687028,42682028,42686028,42683028,42685028,42781028,42684028,42688028
2901,"42781029,42682029,42683029,42684029,42685029,42686029,42687029,42688029",42781029,42682029,42683029,42684029,42685029,42686029,42687029,42688029
2902,"42683029,42685029,42687029,42781029,42682029,42684029,42686029,42688029",42683029,42685029,42687029,42781029,42682029,42684029,42686029,42688029
2903,"42687029,42682029,42686029,42683029,42685029,42781029,42684029,42688029",42687029,42682029,42686029,42683029,42685029,42781029,42684029,42688029
3001,"42781030,42682030,42683030,42684030,42685030,42686030,42687030,42688030",42781030,42682030,42683030,42684030,42685030,42686030,42687030,42688030
3002,"42683030,42685030,42687030,42781030,42682030,42684030,42686030,42688030",42683030,42685030,42687030,42781030,42682030,42684030,42686030,42688030
3003,"42687030,42682030,42686030,42683030,42685030,42781030,42684030,42688030",42687030,42682030,42686030,42683030,42685030,42781030,42684030,42688030
3101,"42781031,42682031,42683031,42684031,42685031,42686031,42687031,42688031",42781031,42682031,42683031,42684031,42685031,42686031,42687031,42688031
3102,"42683031,42685031,42687031,42781031,42682031,42684031,42686031,42688031",42683031,42685031,42687031,42781031,42682031,42684031,42686031,42688031
3103,"42687031,42682031,42686031,42683031,42685031,42781031,42684031,42688031",42687031,42682031,42686031,42683031,42685031,42781031,42684031,42688031
3201,"42781032,42682032,42683032,42684032,42685032,42686032,42687032,42688032",42781032,42682032,42683032,42684032,42685032,42686032,42687032,42688032
3202,"42683032,42685032,42687032,42781032,42682032,42684032,42686032,42688032",42683032,42685032,42687032,42781032,42682032,42684032,42686032,42688032
3203,"42687032,42682032,42686032,42683032,42685032,42781032,42684032,42688032",42687032,42682032,42686032,42683032,42685032,42781032,42684032,42688032
3301,"42781033,42682033,42683033,42684033,42685033,42686033,42687033,42688033",42781033,42682033,42683033,42684033,42685033,42686033,42687033,42688033
3302,"42683033,42685033,42687033,42781033,42682033,42684033,42686033,42688033",42683033,42685033,42687033,42781033,42682033,42684033,42686033,42688033
3303,"42687033,42682033,42686033,42683033,42685033,42781033,42684033,42688033",42687033,42682033,42686033,42683033,42685033,42781033,42684033,42688033
3401,"42781034,42682034,42683034,42684034,42685034,42686034,42687034,42688034",42781034,42682034,42683034,42684034,42685034,42686034,42687034,42688034
3402,"42683034,42685034,42687034,42781034,42682034,42684034,42686034,42688034",42683034,42685034,42687034,42781034,42682034,42684034,42686034,42688034
3403,"42687034,42682034,42686034,42683034,42685034,42781034,42684034,42688034",42687034,42682034,42686034,42683034,42685034,42781034,42684034,42688034
3501,"42781035,42682035,42683035,42684035,42685035,42686035,42687035,42688035",42781035,42682035,42683035,42684035,42685035,42686035,42687035,42688035
3502,"42683035,42685035,42687035,42781035,42682035,42684035,42686035,42688035",42683035,42685035,42687035,42781035,42682035,42684035,42686035,42688035
3503,"42687035,42682035,42686035,42683035,42685035,42781035,42684035,42688035",42687035,42682035,42686035,42683035,42685035,42781035,42684035,42688035
3601,"42781036,42682036,42683036,42684036,42685036,42686036,42687036,42688036",42781036,42682036,42683036,42684036,42685036,42686036,42687036,42688036
3602,"42683036,42685036,42687036,42781036,42682036,42684036,42686036,42688036",42683036,42685036,42687036,42781036,42682036,42684036,42686036,42688036
3603,"42687036,42682036,42686036,42683036,42685036,42781036,42684036,42688036",42687036,42682036,42686036,42683036,42685036,42781036,42684036,42688036
3701,"42781037,42682037,42683037,42684037,42685037,42686037,42687037,42688037",42781037,42682037,42683037,42684037,42685037,42686037,42687037,42688037
3702,"42683037,42685037,42687037,42781037,42682037,42684037,42686037,42688037",42683037,42685037,42687037,42781037,42682037,42684037,42686037,42688037
3703,"42687037,42682037,42686037,42683037,42685037,42781037,42684037,42688037",42687037,42682037,42686037,42683037,42685037,42781037,42684037,42688037
3801,"42781038,42682038,42683038,42684038,42685038,42686038,42687038,42688038",42781038,42682038,42683038,42684038,42685038,42686038,42687038,42688038
3802,"42683038,42685038,42687038,42781038,42682038,42684038,42686038,42688038",42683038,42685038,42687038,42781038,42682038,42684038,42686038,42688038
3803,"42687038,42682038,42686038,42683038,42685038,42781038,42684038,42688038",42687038,42682038,42686038,42683038,42685038,42781038,42684038,42688038
3901,"42781039,42682039,42683039,42684039,42685039,42686039,42687039,42688039",42781039,42682039,42683039,42684039,42685039,42686039,42687039,42688039
3902,"42683039,42685039,42687039,42781039,42682039,42684039,42686039,42688039",42683039,42685039,42687039,42781039,42682039,42684039,42686039,42688039
3903,"42687039,42682039,42686039,42683039,42685039,42781039,42684039,42688039",42687039,42682039,42686039,42683039,42685039,42781039,42684039,42688039
4001,"42781040,42682040,42683040,42684040,42685040,42686040,42687040,42688040",42781040,42682040,42683040,42684040,42685040,42686040,42687040,42688040
4002,"42683040,42685040,42687040,42781040,42682040,42684040,42686040,42688040",42683040,42685040,42687040,42781040,42682040,42684040,42686040,42688040
4003,"42687040,42682040,42686040,42683040,42685040,42781040,42684040,42688040",42687040,42682040,42686040,42683040,42685040,42781040,42684040,42688040
4101,"42781041,42682041,42683041,42684041,42685041,42686041,42687041,42688041",42781041,42682041,42683041,42684041,42685041,42686041,42687041,42688041
4102,"42683041,42685041,42687041,42781041,42682041,42684041,42686041,42688041",42683041,42685041,42687041,42781041,42682041,42684041,42686041,42688041
4103,"42687041,42682041,42686041,42683041,42685041,42781041,42684041,42688041",42687041,42682041,42686041,42683041,42685041,42781041,42684041,42688041
4201,"42781042,42682042,42683042,42684042,42685042,42686042,42687042,42688042",42781042,42682042,42683042,42684042,42685042,42686042,42687042,42688042
4202,"42683042,42685042,42687042,42781042,42682042,42684042,42686042,42688042",42683042,42685042,42687042,42781042,42682042,42684042,42686042,42688042
4203,"42687042,42682042,42686042,42683042,42685042,42781042,42684042,42688042",42687042,42682042,42686042,42683042,42685042,42781042,42684042,42688042
4301,"42781043,42682043,42683043,42684043,42685043,42686043,42687043,42688043",42781043,42682043,42683043,42684043,42685043,42686043,42687043,42688043
4302,"42683043,42685043,42687043,42781043,42682043,42684043,42686043,42688043",42683043,42685043,42687043,42781043,42682043,42684043,42686043,42688043
4303,"42687043,42682043,42686043,42683043,42685043,42781043,42684043,42688043",42687043,42682043,42686043,42683043,42685043,42781043,42684043,42688043
4401,"42781044,42682044,42683044,42684044,42685044,42686044,42687044,42688044",42781044,42682044,42683044,42684044,42685044,42686044,42687044,42688044
4402,"42683044,42685044,42687044,42781044,42682044,42684044,42686044,42688044",42683044,42685044,42687044,42781044,42682044,42684044,42686044,42688044
4403,"42687044,42682044,42686044,42683044,42685044,42781044,42684044,42688044",42687044,42682044,42686044,42683044,42685044,42781044,42684044,42688044
4501,"42781045,42682045,42683045,42684045,42685045,42686045,42687045,42688045",42781045,42682045,42683045,42684045,42685045,42686045,42687045,42688045
4502,"42683045,42685045,42687045,42781045,42682045,42684045,42686045,42688045",42683045,42685045,42687045,42781045,42682045,42684045,42686045,42688045
4503,"42687045,42682045,42686045,42683045,42685045,42781045,42684045,42688045",42687045,42682045,42686045,42683045,42685045,42781045,42684045,42688045
4601,"42781046,42682046,42683046,42684046,42685046,42686046,42687046,42688046",42781046,42682046,42683046,42684046,42685046,42686046,42687046,42688046
4602,"42683046,42685046,42687046,42781046,42682046,42684046,42686046,42688046",42683046,42685046,42687046,42781046,42682046,42684046,42686046,42688046
4603,"42687046,42682046,42686046,42683046,42685046,42781046,42684046,42688046",42687046,42682046,42686046,42683046,42685046,42781046,42684046,42688046
4701,"42781047,42682047,42683047,42684047,42685047,42686047,42687047,42688047",42781047,42682047,42683047,42684047,42685047,42686047,42687047,42688047
4702,"42683047,42685047,42687047,42781047,42682047,42684047,42686047,42688047",42683047,42685047,42687047,42781047,42682047,42684047,42686047,42688047
4703,"42687047,42682047,42686047,42683047,42685047,42781047,42684047,42688047",42687047,42682047,42686047,42683047,42685047,42781047,42684047,42688047
4801,"42781048,42682048,42683048,42684048,42685048,42686048,42687048,42688048",42781048,42682048,42683048,42684048,42685048,42686048,42687048,42688048
4802,"42683048,42685048,42687048,42781048,42682048,42684048,42686048,42688048",42683048,42685048,42687048,42781048,42682048,42684048,42686048,42688048
4803,"42687048,42682048,42686048,42683048,42685048,42781048,42684048,42688048",42687048,42682048,42686048,42683048,42685048,42781048,42684048,42688048
4901,"42781049,42682049,42683049,42684049,42685049,42686049,42687049,42688049",42781049,42682049,42683049,42684049,42685049,42686049,42687049,42688049
4902,"42683049,42685049,42687049,42781049,42682049,42684049,42686049,42688049",42683049,42685049,42687049,42781049,42682049,42684049,42686049,42688049
4903,"42687049,42682049,42686049,42683049,42685049,42781049,42684049,42688049",42687049,42682049,42686049,42683049,42685049,42781049,42684049,42688049
5001,"42781050,42682050,42683050,42684050,42685050,42686050,42687050,42688050",42781050,42682050,42683050,42684050,42685050,42686050,42687050,42688050
5002,"42683050,42685050,42687050,42781050,42682050,42684050,42686050,42688050",42683050,42685050,42687050,42781050,42682050,42684050,42686050,42688050
5003,"42687050,42682050,42686050,42683050,42685050,42781050,42684050,42688050",42687050,42682050,42686050,42683050,42685050,42781050,42684050,42688050
5101,"42781051,42682051,42683051,42684051,42685051,42686051,42687051,42688051",42781051,42682051,42683051,42684051,42685051,42686051,42687051,42688051
5102,"42683051,42685051,42687051,42781051,42682051,42684051,42686051,42688051",42683051,42685051,42687051,42781051,42682051,42684051,42686051,42688051
5103,"42687051,42682051,42686051,42683051,42685051,42781051,42684051,42688051",42687051,42682051,42686051,42683051,42685051,42781051,42684051,42688051
5201,"42781052,42682052,42683052,42684052,42685052,42686052,42687052,42688052",42781052,42682052,42683052,42684052,42685052,42686052,42687052,42688052
5202,"42683052,42685052,42687052,42781052,42682052,42684052,42686052,42688052",42683052,42685052,42687052,42781052,42682052,42684052,42686052,42688052
5203,"42687052,42682052,42686052,42683052,42685052,42781052,42684052,42688052",42687052,42682052,42686052,42683052,42685052,42781052,42684052,42688052
5301,"42781053,42682053,42683053,42684053,42685053,42686053,42687053,42688053",42781053,42682053,42683053,42684053,42685053,42686053,42687053,42688053
5302,"42683053,42685053,42687053,42781053,42682053,42684053,42686053,42688053",42683053,42685053,42687053,42781053,42682053,42684053,42686053,42688053
5303,"42687053,42682053,42686053,42683053,42685053,42781053,42684053,42688053",42687053,42682053,42686053,42683053,42685053,42781053,42684053,42688053
5401,"42781054,42682054,42683054,42684054,42685054,42686054,42687054,42688054",42781054,42682054,42683054,42684054,42685054,42686054,42687054,42688054
5402,"42683054,42685054,42687054,42781054,42682054,42684054,42686054,42688054",42683054,42685054,42687054,42781054,42682054,42684054,42686054,42688054
5403,"42687054,42682054,42686054,42683054,42685054,42781054,42684054,42688054",42687054,42682054,42686054,42683054,42685054,42781054,42684054,42688054
5501,"42781055,42682055,42683055,42684055,42685055,42686055,42687055,42688055",42781055,42682055,42683055,42684055,42685055,42686055,42687055,42688055
5502,"42683055,42685055,42687055,42781055,42682055,42684055,42686055,42688055",42683055,42685055,42687055,42781055,42682055,42684055,42686055,42688055
5503,"42687055,42682055,42686055,42683055,42685055,42781055,42684055,42688055",42687055,42682055,42686055,42683055,42685055,42781055,42684055,42688055
5601,"42781056,42682056,42683056,42684056,42685056,42686056,42687056,42688056",42781056,42682056,42683056,42684056,42685056,42686056,42687056,42688056
5602,"42683056,42685056,42687056,42781056,42682056,42684056,42686056,42688056",42683056,42685056,42687056,42781056,42682056,42684056,42686056,42688056
5603,"42687056,42682056,42686056,42683056,42685056,42781056,42684056,42688056",42687056,42682056,42686056,42683056,42685056,42781056,42684056,42688056
5701,"42781057,42682057,42683057,42684057,42685057,42686057,42687057,42688057",42781057,42682057,42683057,42684057,42685057,42686057,42687057,42688057
5702,"42683057,42685057,42687057,42781057,42682057,42684057,42686057,42688057",42683057,42685057,42687057,42781057,42682057,42684057,42686057,42688057
5703,"42687057,42682057,42686057,42683057,42685057,42781057,42684057,42688057",42687057,42682057,42686057,42683057,42685057,42781057,42684057,42688057
5801,"42781058,42682058,42683058,42684058,42685058,42686058,42687058,42688058",42781058,42682058,42683058,42684058,42685058,42686058,42687058,42688058
5802,"42683058,42685058,42687058,42781058,42682058,42684058,42686058,42688058",42683058,42685058,42687058,42781058,42682058,42684058,42686058,42688058
5803,"42687058,42682058,42686058,42683058,42685058,42781058,42684058,42688058",42687058,42682058,42686058,42683058,42685058,42781058,42684058,42688058
5901,"42781059,42682059,42683059,42684059,42685059,42686059,42687059,42688059",42781059,42682059,42683059,42684059,42685059,42686059,42687059,42688059
5902,"42683059,42685059,42687059,42781059,42682059,42684059,42686059,42688059",42683059,42685059,42687059,42781059,42682059,42684059,42686059,42688059
5903,"42687059,42682059,42686059,42683059,42685059,42781059,42684059,42688059",42687059,42682059,42686059,42683059,42685059,42781059,42684059,42688059
6001,"42781060,42682060,42683060,42684060,42685060,42686060,42687060,42688060",42781060,42682060,42683060,42684060,42685060,42686060,42687060,42688060
6002,"42683060,42685060,42687060,42781060,42682060,42684060,42686060,42688060",42683060,42685060,42687060,42781060,42682060,42684060,42686060,42688060
6003,"42687060,42682060,42686060,42683060,42685060,42781060,42684060,42688060",42687060,42682060,42686060,42683060,42685060,42781060,42684060,42688060
6101,"42781061,42682061,42683061,42684061,42685061,42686061,42687061,42688061",42781061,42682061,42683061,42684061,42685061,42686061,42687061,42688061
6102,"42683061,42685061,42687061,42781061,42682061,42684061,42686061,42688061",42683061,42685061,42687061,42781061,42682061,42684061,42686061,42688061
6103,"42687061,42682061,42686061,42683061,42685061,42781061,42684061,42688061",42687061,42682061,42686061,42683061,42685061,42781061,42684061,42688061
6201,"42781062,42682062,42683062,42684062,42685062,42686062,42687062,42688062",42781062,42682062,42683062,42684062,42685062,42686062,42687062,42688062
6202,"42683062,42685062,42687062,42781062,42682062,42684062,42686062,42688062",42683062,42685062,42687062,42781062,42682062,42684062,42686062,42688062
6203,"42687062,42682062,42686062,42683062,42685062,42781062,42684062,42688062",42687062,42682062,42686062,42683062,42685062,42781062,42684062,42688062
6301,"42781063,42682063,42683063,42684063,42685063,42686063,42687063,42688063",42781063,42682063,42683063,42684063,42685063,42686063,42687063,42688063
6302,"42683063,42685063,42687063,42781063,42682063,42684063,42686063,42688063",42683063,42685063,42687063,42781063,42682063,42684063,42686063,42688063
6303,"42687063,42682063,42686063,42683063,42685063,42781063,42684063,42688063",42687063,42682063,42686063,42683063,42685063,42781063,42684063,42688063
6401,"42781064,42682064,42683064,42684064,42685064,42686064,42687064,42688064",42781064,42682064,42683064,42684064,42685064,42686064,42687064,42688064
6402,"42683064,42685064,42687064,42781064,42682064,42684064,42686064,42688064",42683064,42685064,42687064,42781064,42682064,42684064,42686064,42688064
6403,"42687064,42682064,42686064,42683064,42685064,42781064,42684064,42688064",42687064,42682064,42686064,42683064,42685064,42781064,42684064,42688064
6501,"42781065,42682065,42683065,42684065,42685065,42686065,42687065,42688065",42781065,42682065,42683065,42684065,42685065,42686065,42687065,42688065
6502,"42683065,42685065,42687065,42781065,42682065,42684065,42686065,42688065",42683065,42685065,42687065,42781065,42682065,42684065,42686065,42688065
6503,"42687065,42682065,42686065,42683065,42685065,42781065,42684065,42688065",42687065,42682065,42686065,42683065,42685065,42781065,42684065,42688065
6601,"42781066,42682066,42683066,42684066,42685066,42686066,42687066,42688066",42781066,42682066,42683066,42684066,42685066,42686066,42687066,42688066
6602,"42683066,42685066,42687066,42781066,42682066,42684066,42686066,42688066",42683066,42685066,42687066,42781066,42682066,42684066,42686066,42688066
6603,"42687066,42682066,42686066,42683066,42685066,42781066,42684066,42688066",42687066,42682066,42686066,42683066,42685066,42781066,42684066,42688066
6701,"42781067,42682067,42683067,42684067,42685067,42686067,42687067,42688067",42781067,42682067,42683067,42684067,42685067,42686067,42687067,42688067
6702,"42683067,42685067,42687067,42781067,42682067,42684067,42686067,42688067",42683067,42685067,42687067,42781067,42682067,42684067,42686067,42688067
6703,"42687067,42682067,42686067,42683067,42685067,42781067,42684067,42688067",42687067,42682067,42686067,42683067,42685067,42781067,42684067,42688067
6801,"42781068,42682068,42683068,42684068,42685068,42686068,42687068,42688068",42781068,42682068,42683068,42684068,42685068,42686068,42687068,42688068
6802,"42683068,42685068,42687068,42781068,42682068,42684068,42686068,42688068",42683068,42685068,42687068,42781068,42682068,42684068,42686068,42688068
6803,"42687068,42682068,42686068,42683068,42685068,42781068,42684068,42688068",42687068,42682068,42686068,42683068,42685068,42781068,42684068,42688068
6901,"42781069,42682069,42683069,42684069,42685069,42686069,42687069,42688069",42781069,42682069,42683069,42684069,42685069,42686069,42687069,42688069
6902,"42683069,42685069,42687069,42781069,42682069,42684069,42686069,42688069",42683069,42685069,42687069,42781069,42682069,42684069,42686069,42688069
6903,"42687069,42682069,42686069,42683069,42685069,42781069,42684069,42688069",42687069,42682069,42686069,42683069,42685069,42781069,42684069,42688069
7001,"42781070,42682070,42683070,42684070,42685070,42686070,42687070,42688070",42781070,42682070,42683070,42684070,42685070,42686070,42687070,42688070
7002,"42683070,42685070,42687070,42781070,42682070,42684070,42686070,42688070",42683070,42685070,42687070,42781070,42682070,42684070,42686070,42688070
7003,"42687070,42682070,42686070,42683070,42685070,42781070,42684070,42688070",42687070,42682070,42686070,42683070,42685070,42781070,42684070,42688070
7101,"42781071,42682071,42683071,42684071,42685071,42686071,42687071,42688071",42781071,42682071,42683071,42684071,42685071,42686071,42687071,42688071
7102,"42683071,42685071,42687071,42781071,42682071,42684071,42686071,42688071",42683071,42685071,42687071,42781071,42682071,42684071,42686071,42688071
7103,"42687071,42682071,42686071,42683071,42685071,42781071,42684071,42688071",42687071,42682071,42686071,42683071,42685071,42781071,42684071,42688071
7201,"42781072,42682072,42683072,42684072,42685072,42686072,42687072,42688072",42781072,42682072,42683072,42684072,42685072,42686072,42687072,42688072
7202,"42683072,42685072,42687072,42781072,42682072,42684072,42686072,42688072",42683072,42685072,42687072,42781072,42682072,42684072,42686072,42688072
7203,"42687072,42682072,42686072,42683072,42685072,42781072,42684072,42688072",42687072,42682072,42686072,42683072,42685072,42781072,42684072,42688072
7301,"42781073,42682073,42683073,42684073,42685073,42686073,42687073,42688073",42781073,42682073,42683073,42684073,42685073,42686073,42687073,42688073
7302,"42683073,42685073,42687073,42781073,42682073,42684073,42686073,42688073",42683073,42685073,42687073,42781073,42682073,42684073,42686073,42688073
7303,"42687073,42682073,42686073,42683073,42685073,42781073,42684073,42688073",42687073,42682073,42686073,42683073,42685073,42781073,42684073,42688073
7401,"42781074,42682074,42683074,42684074,42685074,42686074,42687074,42688074",42781074,42682074,42683074,42684074,42685074,42686074,42687074,42688074
7402,"42683074,42685074,42687074,42781074,42682074,42684074,42686074,42688074",42683074,42685074,42687074,42781074,42682074,42684074,42686074,42688074
7403,"42687074,42682074,42686074,42683074,42685074,42781074,42684074,42688074",42687074,42682074,42686074,42683074,42685074,42781074,42684074,42688074
7501,"42781075,42682075,42683075,42684075,42685075,42686075,42687075,42688075",42781075,42682075,42683075,42684075,42685075,42686075,42687075,42688075
7502,"42683075,42685075,42687075,42781075,42682075,42684075,42686075,42688075",42683075,42685075,42687075,42781075,42682075,42684075,42686075,42688075
7503,"42687075,42682075,42686075,42683075,42685075,42781075,42684075,42688075",42687075,42682075,42686075,42683075,42685075,42781075,42684075,42688075
7601,"42781076,42682076,42683076,42684076,42685076,42686076,42687076,42688076",42781076,42682076,42683076,42684076,42685076,42686076,42687076,42688076
7602,"42683076,42685076,42687076,42781076,42682076,42684076,42686076,42688076",42683076,42685076,42687076,42781076,42682076,42684076,42686076,42688076
7603,"42687076,42682076,42686076,42683076,42685076,42781076,42684076,42688076",42687076,42682076,42686076,42683076,42685076,42781076,42684076,42688076
7701,"42781077,42682077,42683077,42684077,42685077,42686077,42687077,42688077",42781077,42682077,42683077,42684077,42685077,42686077,42687077,42688077
7702,"42683077,42685077,42687077,42781077,42682077,42684077,42686077,42688077",42683077,42685077,42687077,42781077,42682077,42684077,42686077,42688077
7703,"42687077,42682077,42686077,42683077,42685077,42781077,42684077,42688077",42687077,42682077,42686077,42683077,42685077,42781077,42684077,42688077
7801,"42781078,42682078,42683078,42684078,42685078,42686078,42687078,42688078",42781078,42682078,42683078,42684078,42685078,42686078,42687078,42688078
7802,"42683078,42685078,42687078,42781078,42682078,42684078,42686078,42688078",42683078,42685078,42687078,42781078,42682078,42684078,42686078,42688078
7803,"42687078,42682078,42686078,42683078,42685078,42781078,42684078,42688078",42687078,42682078,42686078,42683078,42685078,42781078,42684078,42688078
7901,"42781079,42682079,42683079,42684079,42685079,42686079,42687079,42688079",42781079,42682079,42683079,42684079,42685079,42686079,42687079,42688079
7902,"42683079,42685079,42687079,42781079,42682079,42684079,42686079,42688079",42683079,42685079,42687079,42781079,42682079,42684079,42686079,42688079
7903,"42687079,42682079,42686079,42683079,42685079,42781079,42684079,42688079",42687079,42682079,42686079,42683079,42685079,42781079,42684079,42688079
8001,"42781080,42682080,42683080,42684080,42685080,42686080,42687080,42688080",42781080,42682080,42683080,42684080,42685080,42686080,42687080,42688080
8002,"42683080,42685080,42687080,42781080,42682080,42684080,42686080,42688080",42683080,42685080,42687080,42781080,42682080,42684080,42686080,42688080
8003,"42687080,42682080,42686080,42683080,42685080,42781080,42684080,42688080",42687080,42682080,42686080,42683080,42685080,42781080,42684080,42688080
8101,"42781081,42682081,42683081,42684081,42685081,42686081,42687081,42688081",42781081,42682081,42683081,42684081,42685081,42686081,42687081,42688081
8102,"42683081,42685081,42687081,42781081,42682081,42684081,42686081,42688081",42683081,42685081,42687081,42781081,42682081,42684081,42686081,42688081
8103,"42687081,42682081,42686081,42683081,42685081,42781081,42684081,42688081",42687081,42682081,42686081,42683081,42685081,42781081,42684081,42688081
8201,"42781082,42682082,42683082,42684082,42685082,42686082,42687082,42688082",42781082,42682082,42683082,42684082,42685082,42686082,42687082,42688082
8202,"42683082,42685082,42687082,42781082,42682082,42684082,42686082,42688082",42683082,42685082,42687082,42781082,42682082,42684082,42686082,42688082
8203,"42687082,42682082,42686082,42683082,42685082,42781082,42684082,42688082",42687082,42682082,42686082,42683082,42685082,42781082,42684082,42688082
8301,"42781083,42682083,42683083,42684083,42685083,42686083,42687083,42688083",42781083,42682083,42683083,42684083,42685083,42686083,42687083,42688083
8302,"42683083,42685083,42687083,42781083,42682083,42684083,42686083,42688083",42683083,42685083,42687083,42781083,42682083,42684083,42686083,42688083
8303,"42687083,42682083,42686083,42683083,42685083,42781083,42684083,42688083",42687083,42682083,42686083,42683083,42685083,42781083,42684083,42688083
8401,"42781084,42682084,42683084,42684084,42685084,42686084,42687084,42688084",42781084,42682084,42683084,42684084,42685084,42686084,42687084,42688084
8402,"42683084,42685084,42687084,42781084,42682084,42684084,42686084,42688084",42683084,42685084,42687084,42781084,42682084,42684084,42686084,42688084
8403,"42687084,42682084,42686084,42683084,42685084,42781084,42684084,42688084",42687084,42682084,42686084,42683084,42685084,42781084,42684084,42688084
8501,"42781085,42682085,42683085,42684085,42685085,42686085,42687085,42688085",42781085,42682085,42683085,42684085,42685085,42686085,42687085,42688085
8502,"42683085,42685085,42687085,42781085,42682085,42684085,42686085,42688085",42683085,42685085,42687085,42781085,42682085,42684085,42686085,42688085
8503,"42687085,42682085,42686085,42683085,42685085,42781085,42684085,42688085",42687085,42682085,42686085,42683085,42685085,42781085,42684085,42688085
8601,"42781086,42682086,42683086,42684086,42685086,42686086,42687086,42688086",42781086,42682086,42683086,42684086,42685086,42686086,42687086,42688086
8602,"42683086,42685086,42687086,42781086,42682086,42684086,42686086,42688086",42683086,42685086,42687086,42781086,42682086,42684086,42686086,42688086
8603,"42687086,42682086,42686086,42683086,42685086,42781086,42684086,42688086",42687086,42682086,42686086,42683086,42685086,42781086,42684086,42688086
8701,"42781087,42682087,42683087,42684087,42685087,42686087,42687087,42688087",42781087,42682087,42683087,42684087,42685087,42686087,42687087,42688087
8702,"42683087,42685087,42687087,42781087,42682087,42684087,42686087,42688087",42683087,42685087,42687087,42781087,42682087,42684087,42686087,42688087
8703,"42687087,42682087,42686087,42683087,42685087,42781087,42684087,42688087",42687087,42682087,42686087,42683087,42685087,42781087,42684087,42688087
8801,"42781088,42682088,42683088,42684088,42685088,42686088,42687088,42688088",42781088,42682088,42683088,42684088,42685088,42686088,42687088,42688088
8802,"42683088,42685088,42687088,42781088,42682088,42684088,42686088,42688088",42683088,42685088,42687088,42781088,42682088,42684088,42686088,42688088
8803,"42687088,42682088,42686088,42683088,42685088,42781088,42684088,42688088",42687088,42682088,42686088,42683088,42685088,42781088,42684088,42688088
8901,"42781089,42682089,42683089,42684089,42685089,42686089,42687089,42688089",42781089,42682089,42683089,42684089,42685089,42686089,42687089,42688089
8902,"42683089,42685089,42687089,42781089,42682089,42684089,42686089,42688089",42683089,42685089,42687089,42781089,42682089,42684089,42686089,42688089
8903,"42687089,42682089,42686089,42683089,42685089,42781089,42684089,42688089",42687089,42682089,42686089,42683089,42685089,42781089,42684089,42688089
9001,"42781090,42682090,42683090,42684090,42685090,42686090,42687090,42688090",42781090,42682090,42683090,42684090,42685090,42686090,42687090,42688090
9002,"42683090,42685090,42687090,42781090,42682090,42684090,42686090,42688090",42683090,42685090,42687090,42781090,42682090,42684090,42686090,42688090
9003,"42687090,42682090,42686090,42683090,42685090,42781090,42684090,42688090",42687090,42682090,42686090,42683090,42685090,42781090,42684090,42688090
9101,"42781091,42682091,42683091,42684091,42685091,42686091,42687091,42688091",42781091,42682091,42683091,42684091,42685091,42686091,42687091,42688091
9102,"42683091,42685091,42687091,42781091,42682091,42684091,42686091,42688091",42683091,42685091,42687091,42781091,42682091,42684091,42686091,42688091
9103,"42687091,42682091,42686091,42683091,42685091,42781091,42684091,42688091",42687091,42682091,42686091,42683091,42685091,42781091,42684091,42688091
9201,"42781092,42682092,42683092,42684092,42685092,42686092,42687092,42688092",42781092,42682092,42683092,42684092,42685092,42686092,42687092,42688092
9202,"42683092,42685092,42687092,42781092,42682092,42684092,42686092,42688092",42683092,42685092,42687092,42781092,42682092,42684092,42686092,42688092
9203,"42687092,42682092,42686092,42683092,42685092,42781092,42684092,42688092",42687092,42682092,42686092,42683092,42685092,42781092,42684092,42688092
9301,"42781093,42682093,42683093,42684093,42685093,42686093,42687093,42688093",42781093,42682093,42683093,42684093,42685093,42686093,42687093,42688093
9302,"42683093,42685093,42687093,42781093,42682093,42684093,42686093,42688093",42683093,42685093,42687093,42781093,42682093,42684093,42686093,42688093
9303,"42687093,42682093,42686093,42683093,42685093,42781093,42684093,42688093",42687093,42682093,42686093,42683093,42685093,42781093,42684093,42688093
9401,"42781094,42682094,42683094,42684094,42685094,42686094,42687094,42688094",42781094,42682094,42683094,42684094,42685094,42686094,42687094,42688094
9402,"42683094,42685094,42687094,42781094,42682094,42684094,42686094,42688094",42683094,42685094,42687094,42781094,42682094,42684094,42686094,42688094
9403,"42687094,42682094,42686094,42683094,42685094,42781094,42684094,42688094",42687094,42682094,42686094,42683094,42685094,42781094,42684094,42688094
9501,"42781095,42682095,42683095,42684095,42685095,42686095,42687095,42688095",42781095,42682095,42683095,42684095,42685095,42686095,42687095,42688095
9502,"42683095,42685095,42687095,42781095,42682095,42684095,42686095,42688095",42683095,42685095,42687095,42781095,42682095,42684095,42686095,42688095
9503,"42687095,42682095,42686095,42683095,42685095,42781095,42684095,42688095",42687095,42682095,42686095,42683095,42685095,42781095,42684095,42688095
9601,"42781096,42682096,42683096,42684096,42685096,42686096,42687096,42688096",42781096,42682096,42683096,42684096,42685096,42686096,42687096,42688096
9602,"42683096,42685096,42687096,42781096,42682096,42684096,42686096,42688096",42683096,42685096,42687096,42781096,42682096,42684096,42686096,42688096
9603,"42687096,42682096,42686096,42683096,42685096,42781096,42684096,42688096",42687096,42682096,42686096,42683096,42685096,42781096,42684096,42688096
9701,"42781097,42682097,42683097,42684097,42685097,42686097,42687097,42688097",42781097,42682097,42683097,42684097,42685097,42686097,42687097,42688097
9702,"42683097,42685097,42687097,42781097,42682097,42684097,42686097,42688097",42683097,42685097,42687097,42781097,42682097,42684097,42686097,42688097
9703,"42687097,42682097,42686097,42683097,42685097,42781097,42684097,42688097",42687097,42682097,42686097,42683097,42685097,42781097,42684097,42688097
9801,"42781098,42682098,42683098,42684098,42685098,42686098,42687098,42688098",42781098,42682098,42683098,42684098,42685098,42686098,42687098,42688098
9802,"42683098,42685098,42687098,42781098,42682098,42684098,42686098,42688098",42683098,42685098,42687098,42781098,42682098,42684098,42686098,42688098
9803,"42687098,42682098,42686098,42683098,42685098,42781098,42684098,42688098",42687098,42682098,42686098,42683098,42685098,42781098,42684098,42688098
9901,"42781099,42682099,42683099,42684099,42685099,42686099,42687099,42688099",42781099,42682099,42683099,42684099,42685099,42686099,42687099,42688099
9902,"42683099,42685099,42687099,42781099,42682099,42684099,42686099,42688099",42683099,42685099,42687099,42781099,42682099,42684099,42686099,42688099
9903,"42687099,42682099,42686099,42683099,42685099,42781099,42684099,42688099",42687099,42682099,42686099,42683099,42685099,42781099,42684099,42688099
10001,"42781100,42682100,42683100,42684100,42685100,42686100,42687100,42688100",42781100,42682100,42683100,42684100,42685100,42686100,42687100,42688100
10002,"42683100,42685100,42687100,42781100,42682100,42684100,42686100,42688100",42683100,42685100,42687100,42781100,42682100,42684100,42686100,42688100
10003,"42687100,42682100,42686100,42683100,42685100,42781100,42684100,42688100",42687100,42682100,42686100,42683100,42685100,42781100,42684100,42688100
10101,"42781101,42682101,42683101,42684101,42685101,42686101,42687101,42688101",42781101,42682101,42683101,42684101,42685101,42686101,42687101,42688101
10102,"42683101,42685101,42687101,42781101,42682101,42684101,42686101,42688101",42683101,42685101,42687101,42781101,42682101,42684101,42686101,42688101
10103,"42687101,42682101,42686101,42683101,42685101,42781101,42684101,42688101",42687101,42682101,42686101,42683101,42685101,42781101,42684101,42688101
10201,"42781102,42682102,42683102,42684102,42685102,42686102,42687102,42688102",42781102,42682102,42683102,42684102,42685102,42686102,42687102,42688102
10202,"42683102,42685102,42687102,42781102,42682102,42684102,42686102,42688102",42683102,42685102,42687102,42781102,42682102,42684102,42686102,42688102
10203,"42687102,42682102,42686102,42683102,42685102,42781102,42684102,42688102",42687102,42682102,42686102,42683102,42685102,42781102,42684102,42688102
10301,"42781103,42682103,42683103,42684103,42685103,42686103,42687103,42688103",42781103,42682103,42683103,42684103,42685103,42686103,42687103,42688103
10302,"42683103,42685103,42687103,42781103,42682103,42684103,42686103,42688103",42683103,42685103,42687103,42781103,42682103,42684103,42686103,42688103
10303,"42687103,42682103,42686103,42683103,42685103,42781103,42684103,42688103",42687103,42682103,42686103,42683103,42685103,42781103,42684103,42688103
10401,"42781104,42682104,42683104,42684104,42685104,42686104,42687104,42688104",42781104,42682104,42683104,42684104,42685104,42686104,42687104,42688104
10402,"42683104,42685104,42687104,42781104,42682104,42684104,42686104,42688104",42683104,42685104,42687104,42781104,42682104,42684104,42686104,42688104
10403,"42687104,42682104,42686104,42683104,42685104,42781104,42684104,42688104",42687104,42682104,42686104,42683104,42685104,42781104,42684104,42688104
10501,"42781105,42682105,42683105,42684105,42685105,42686105,42687105,42688105",42781105,42682105,42683105,42684105,42685105,42686105,42687105,42688105
10502,"42683105,42685105,42687105,42781105,42682105,42684105,42686105,42688105",42683105,42685105,42687105,42781105,42682105,42684105,42686105,42688105
10503,"42687105,42682105,42686105,42683105,42685105,42781105,42684105,42688105",42687105,42682105,42686105,42683105,42685105,42781105,42684105,42688105
10601,"42781106,42682106,42683106,42684106,42685106,42686106,42687106,42688106",42781106,42682106,42683106,42684106,42685106,42686106,42687106,42688106
10602,"42683106,42685106,42687106,42781106,42682106,42684106,42686106,42688106",42683106,42685106,42687106,42781106,42682106,42684106,42686106,42688106
10603,"42687106,42682106,42686106,42683106,42685106,42781106,42684106,42688106",42687106,42682106,42686106,42683106,42685106,42781106,42684106,42688106
10701,"42781107,42682107,42683107,42684107,42685107,42686107,42687107,42688107",42781107,42682107,42683107,42684107,42685107,42686107,42687107,42688107
10702,"42683107,42685107,42687107,42781107,42682107,42684107,42686107,42688107",42683107,42685107,42687107,42781107,42682107,42684107,42686107,42688107
10703,"42687107,42682107,42686107,42683107,42685107,42781107,42684107,42688107",42687107,42682107,42686107,42683107,42685107,42781107,42684107,42688107
10801,"42781108,42682108,42683108,42684108,42685108,42686108,42687108,42688108",42781108,42682108,42683108,42684108,42685108,42686108,42687108,42688108
10802,"42683108,42685108,42687108,42781108,42682108,42684108,42686108,42688108",42683108,42685108,42687108,42781108,42682108,42684108,42686108,42688108
10803,"42687108,42682108,42686108,42683108,42685108,42781108,42684108,42688108",42687108,42682108,42686108,42683108,42685108,42781108,42684108,42688108
10901,"42781109,42682109,42683109,42684109,42685109,42686109,42687109,42688109",42781109,42682109,42683109,42684109,42685109,42686109,42687109,42688109
10902,"42683109,42685109,42687109,42781109,42682109,42684109,42686109,42688109",42683109,42685109,42687109,42781109,42682109,42684109,42686109,42688109
10903,"42687109,42682109,42686109,42683109,42685109,42781109,42684109,42688109",42687109,42682109,42686109,42683109,42685109,42781109,42684109,42688109
11001,"42781110,42682110,42683110,42684110,42685110,42686110,42687110,42688110",42781110,42682110,42683110,42684110,42685110,42686110,42687110,42688110
11002,"42683110,42685110,42687110,42781110,42682110,42684110,42686110,42688110",42683110,42685110,42687110,42781110,42682110,42684110,42686110,42688110
11003,"42687110,42682110,42686110,42683110,42685110,42781110,42684110,42688110",42687110,42682110,42686110,42683110,42685110,42781110,42684110,42688110
11101,"42781111,42682111,42683111,42684111,42685111,42686111,42687111,42688111",42781111,42682111,42683111,42684111,42685111,42686111,42687111,42688111
11102,"42683111,42685111,42687111,42781111,42682111,42684111,42686111,42688111",42683111,42685111,42687111,42781111,42682111,42684111,42686111,42688111
11103,"42687111,42682111,42686111,42683111,42685111,42781111,42684111,42688111",42687111,42682111,42686111,42683111,42685111,42781111,42684111,42688111
11201,"42781112,42682112,42683112,42684112,42685112,42686112,42687112,42688112",42781112,42682112,42683112,42684112,42685112,42686112,42687112,42688112
11202,"42683112,42685112,42687112,42781112,42682112,42684112,42686112,42688112",42683112,42685112,42687112,42781112,42682112,42684112,42686112,42688112
11203,"42687112,42682112,42686112,42683112,42685112,42781112,42684112,42688112",42687112,42682112,42686112,42683112,42685112,42781112,42684112,42688112
11301,"42781113,42682113,42683113,42684113,42685113,42686113,42687113,42688113",42781113,42682113,42683113,42684113,42685113,42686113,42687113,42688113
11302,"42683113,42685113,42687113,42781113,42682113,42684113,42686113,42688113",42683113,42685113,42687113,42781113,42682113,42684113,42686113,42688113
11303,"42687113,42682113,42686113,42683113,42685113,42781113,42684113,42688113",42687113,42682113,42686113,42683113,42685113,42781113,42684113,42688113
11401,"42781114,42682114,42683114,42684114,42685114,42686114,42687114,42688114",42781114,42682114,42683114,42684114,42685114,42686114,42687114,42688114
11402,"42683114,42685114,42687114,42781114,42682114,42684114,42686114,42688114",42683114,42685114,42687114,42781114,42682114,42684114,42686114,42688114
11403,"42687114,42682114,42686114,42683114,42685114,42781114,42684114,42688114",42687114,42682114,42686114,42683114,42685114,42781114,42684114,42688114
11501,"42781115,42682115,42683115,42684115,42685115,42686115,42687115,42688115",42781115,42682115,42683115,42684115,42685115,42686115,42687115,42688115
11502,"42683115,42685115,42687115,42781115,42682115,42684115,42686115,42688115",42683115,42685115,42687115,42781115,42682115,42684115,42686115,42688115
11503,"42687115,42682115,42686115,42683115,42685115,42781115,42684115,42688115",42687115,42682115,42686115,42683115,42685115,42781115,42684115,42688115
11601,"42781116,42682116,42683116,42684116,42685116,42686116,42687116,42688116",42781116,42682116,42683116,42684116,42685116,42686116,42687116,42688116
11602,"42683116,42685116,42687116,42781116,42682116,42684116,42686116,42688116",42683116,42685116,42687116,42781116,42682116,42684116,42686116,42688116
11603,"42687116,42682116,42686116,42683116,42685116,42781116,42684116,42688116",42687116,42682116,42686116,42683116,42685116,42781116,42684116,42688116
11701,"42781117,42682117,42683117,42684117,42685117,42686117,42687117,42688117",42781117,42682117,42683117,42684117,42685117,42686117,42687117,42688117
11702,"42683117,42685117,42687117,42781117,42682117,42684117,42686117,42688117",42683117,42685117,42687117,42781117,42682117,42684117,42686117,42688117
11703,"42687117,42682117,42686117,42683117,42685117,42781117,42684117,42688117",42687117,42682117,42686117,42683117,42685117,42781117,42684117,42688117
11801,"42781118,42682118,42683118,42684118,42685118,42686118,42687118,42688118",42781118,42682118,42683118,42684118,42685118,42686118,42687118,42688118
11802,"42683118,42685118,42687118,42781118,42682118,42684118,42686118,42688118",42683118,42685118,42687118,42781118,42682118,42684118,42686118,42688118
11803,"42687118,42682118,42686118,42683118,42685118,42781118,42684118,42688118",42687118,42682118,42686118,42683118,42685118,42781118,42684118,42688118
11901,"42781119,42682119,42683119,42684119,42685119,42686119,42687119,42688119",42781119,42682119,42683119,42684119,42685119,42686119,42687119,42688119
11902,"42683119,42685119,42687119,42781119,42682119,42684119,42686119,42688119",42683119,42685119,42687119,42781119,42682119,42684119,42686119,42688119
11903,"42687119,42682119,42686119,42683119,42685119,42781119,42684119,42688119",42687119,42682119,42686119,42683119,42685119,42781119,42684119,42688119
12001,"42781120,42682120,42683120,42684120,42685120,42686120,42687120,42688120",42781120,42682120,42683120,42684120,42685120,42686120,42687120,42688120
12002,"42683120,42685120,42687120,42781120,42682120,42684120,42686120,42688120",42683120,42685120,42687120,42781120,42682120,42684120,42686120,42688120
12003,"42687120,42682120,42686120,42683120,42685120,42781120,42684120,42688120",42687120,42682120,42686120,42683120,42685120,42781120,42684120,42688120
12101,"42781121,42682121,42683121,42684121,42685121,42686121,42687121,42688121",42781121,42682121,42683121,42684121,42685121,42686121,42687121,42688121
12102,"42683121,42685121,42687121,42781121,42682121,42684121,42686121,42688121",42683121,42685121,42687121,42781121,42682121,42684121,42686121,42688121
12103,"42687121,42682121,42686121,42683121,42685121,42781121,42684121,42688121",42687121,42682121,42686121,42683121,42685121,42781121,42684121,42688121
12201,"42781122,42682122,42683122,42684122,42685122,42686122,42687122,42688122",42781122,42682122,42683122,42684122,42685122,42686122,42687122,42688122
12202,"42683122,42685122,42687122,42781122,42682122,42684122,42686122,42688122",42683122,42685122,42687122,42781122,42682122,42684122,42686122,42688122
12203,"42687122,42682122,42686122,42683122,42685122,42781122,42684122,42688122",42687122,42682122,42686122,42683122,42685122,42781122,42684122,42688122
12301,"42781123,42682123,42683123,42684123,42685123,42686123,42687123,42688123",42781123,42682123,42683123,42684123,42685123,42686123,42687123,42688123
12302,"42683123,42685123,42687123,42781123,42682123,42684123,42686123,42688123",42683123,42685123,42687123,42781123,42682123,42684123,42686123,42688123
12303,"42687123,42682123,42686123,42683123,42685123,42781123,42684123,42688123",42687123,42682123,42686123,42683123,42685123,42781123,42684123,42688123
12401,"42781124,42682124,42683124,42684124,42685124,42686124,42687124,42688124",42781124,42682124,42683124,42684124,42685124,42686124,42687124,42688124
12402,"42683124,42685124,42687124,42781124,42682124,42684124,42686124,42688124",42683124,42685124,42687124,42781124,42682124,42684124,42686124,42688124
12403,"42687124,42682124,42686124,42683124,42685124,42781124,42684124,42688124",42687124,42682124,42686124,42683124,42685124,42781124,42684124,42688124
12501,"42781125,42682125,42683125,42684125,42685125,42686125,42687125,42688125",42781125,42682125,42683125,42684125,42685125,42686125,42687125,42688125
12502,"42683125,42685125,42687125,42781125,42682125,42684125,42686125,42688125",42683125,42685125,42687125,42781125,42682125,42684125,42686125,42688125
12503,"42687125,42682125,42686125,42683125,42685125,42781125,42684125,42688125",42687125,42682125,42686125,42683125,42685125,42781125,42684125,42688125
12601,"42781126,42682126,42683126,42684126,42685126,42686126,42687126,42688126",42781126,42682126,42683126,42684126,42685126,42686126,42687126,42688126
12602,"42683126,42685126,42687126,42781126,42682126,42684126,42686126,42688126",42683126,42685126,42687126,42781126,42682126,42684126,42686126,42688126
12603,"42687126,42682126,42686126,42683126,42685126,42781126,42684126,42688126",42687126,42682126,42686126,42683126,42685126,42781126,42684126,42688126
12701,"42781127,42682127,42683127,42684127,42685127,42686127,42687127,42688127",42781127,42682127,42683127,42684127,42685127,42686127,42687127,42688127
12702,"42683127,42685127,42687127,42781127,42682127,42684127,42686127,42688127",42683127,42685127,42687127,42781127,42682127,42684127,42686127,42688127
12703,"42687127,42682127,42686127,42683127,42685127,42781127,42684127,42688127",42687127,42682127,42686127,42683127,42685127,42781127,42684127,42688127
12801,"42781128,42682128,42683128,42684128,42685128,42686128,42687128,42688128",42781128,42682128,42683128,42684128,42685128,42686128,42687128,42688128
12802,"42683128,42685128,42687128,42781128,42682128,42684128,42686128,42688128",42683128,42685128,42687128,42781128,42682128,42684128,42686128,42688128
12803,"42687128,42682128,42686128,42683128,42685128,42781128,42684128,42688128",42687128,42682128,42686128,42683128,42685128,42781128,42684128,42688128
12901,"42781129,42682129,42683129,42684129,42685129,42686129,42687129,42688129",42781129,42682129,42683129,42684129,42685129,42686129,42687129,42688129
12902,"42683129,42685129,42687129,42781129,42682129,42684129,42686129,42688129",42683129,42685129,42687129,42781129,42682129,42684129,42686129,42688129
12903,"42687129,42682129,42686129,42683129,42685129,42781129,42684129,42688129",42687129,42682129,42686129,42683129,42685129,42781129,42684129,42688129
13001,"42781130,42682130,42683130,42684130,42685130,42686130,42687130,42688130",42781130,42682130,42683130,42684130,42685130,42686130,42687130,42688130
13002,"42683130,42685130,42687130,42781130,42682130,42684130,42686130,42688130",42683130,42685130,42687130,42781130,42682130,42684130,42686130,42688130
13003,"42687130,42682130,42686130,42683130,42685130,42781130,42684130,42688130",42687130,42682130,42686130,42683130,42685130,42781130,42684130,42688130
13101,"42781131,42682131,42683131,42684131,42685131,42686131,42687131,42688131",42781131,42682131,42683131,42684131,42685131,42686131,42687131,42688131
13102,"42683131,42685131,42687131,42781131,42682131,42684131,42686131,42688131",42683131,42685131,42687131,42781131,42682131,42684131,42686131,42688131
13103,"42687131,42682131,42686131,42683131,42685131,42781131,42684131,42688131",42687131,42682131,42686131,42683131,42685131,42781131,42684131,42688131
13201,"42781132,42682132,42683132,42684132,42685132,42686132,42687132,42688132",42781132,42682132,42683132,42684132,42685132,42686132,42687132,42688132
13202,"42683132,42685132,42687132,42781132,42682132,42684132,42686132,42688132",42683132,42685132,42687132,42781132,42682132,42684132,42686132,42688132
13203,"42687132,42682132,42686132,42683132,42685132,42781132,42684132,42688132",42687132,42682132,42686132,42683132,42685132,42781132,42684132,42688132
13301,"42781133,42682133,42683133,42684133,42685133,42686133,42687133,42688133",42781133,42682133,42683133,42684133,42685133,42686133,42687133,42688133
13302,"42683133,42685133,42687133,42781133,42682133,42684133,42686133,42688133",42683133,42685133,42687133,42781133,42682133,42684133,42686133,42688133
13303,"42687133,42682133,42686133,42683133,42685133,42781133,42684133,42688133",42687133,42682133,42686133,42683133,42685133,42781133,42684133,42688133
13401,"42781134,42682134,42683134,42684134,42685134,42686134,42687134,42688134",42781134,42682134,42683134,42684134,42685134,42686134,42687134,42688134
13402,"42683134,42685134,42687134,42781134,42682134,42684134,42686134,42688134",42683134,42685134,42687134,42781134,42682134,42684134,42686134,42688134
13403,"42687134,42682134,42686134,42683134,42685134,42781134,42684134,42688134",42687134,42682134,42686134,42683134,42685134,42781134,42684134,42688134
13501,"42781135,42682135,42683135,42684135,42685135,42686135,42687135,42688135",42781135,42682135,42683135,42684135,42685135,42686135,42687135,42688135
13502,"42683135,42685135,42687135,42781135,42682135,42684135,42686135,42688135",42683135,42685135,42687135,42781135,42682135,42684135,42686135,42688135
13503,"42687135,42682135,42686135,42683135,42685135,42781135,42684135,42688135",42687135,42682135,42686135,42683135,42685135,42781135,42684135,42688135
13601,"42781136,42682136,42683136,42684136,42685136,42686136,42687136,42688136",42781136,42682136,42683136,42684136,42685136,42686136,42687136,42688136
13602,"42683136,42685136,42687136,42781136,42682136,42684136,42686136,42688136",42683136,42685136,42687136,42781136,42682136,42684136,42686136,42688136
13603,"42687136,42682136,42686136,42683136,42685136,42781136,42684136,42688136",42687136,42682136,42686136,42683136,42685136,42781136,42684136,42688136
13701,"42781137,42682137,42683137,42684137,42685137,42686137,42687137,42688137",42781137,42682137,42683137,42684137,42685137,42686137,42687137,42688137
13702,"42683137,42685137,42687137,42781137,42682137,42684137,42686137,42688137",42683137,42685137,42687137,42781137,42682137,42684137,42686137,42688137
13703,"42687137,42682137,42686137,42683137,42685137,42781137,42684137,42688137",42687137,42682137,42686137,42683137,42685137,42781137,42684137,42688137
13801,"42781138,42682138,42683138,42684138,42685138,42686138,42687138,42688138",42781138,42682138,42683138,42684138,42685138,42686138,42687138,42688138
13802,"42683138,42685138,42687138,42781138,42682138,42684138,42686138,42688138",42683138,42685138,42687138,42781138,42682138,42684138,42686138,42688138
13803,"42687138,42682138,42686138,42683138,42685138,42781138,42684138,42688138",42687138,42682138,42686138,42683138,42685138,42781138,42684138,42688138
13901,"42781139,42682139,42683139,42684139,42685139,42686139,42687139,42688139",42781139,42682139,42683139,42684139,42685139,42686139,42687139,42688139
13902,"42683139,42685139,42687139,42781139,42682139,42684139,42686139,42688139",42683139,42685139,42687139,42781139,42682139,42684139,42686139,42688139
13903,"42687139,42682139,42686139,42683139,42685139,42781139,42684139,42688139",42687139,42682139,42686139,42683139,42685139,42781139,42684139,42688139
14001,"42781140,42682140,42683140,42684140,42685140,42686140,42687140,42688140",42781140,42682140,42683140,42684140,42685140,42686140,42687140,42688140
14002,"42683140,42685140,42687140,42781140,42682140,42684140,42686140,42688140",42683140,42685140,42687140,42781140,42682140,42684140,42686140,42688140
14003,"42687140,42682140,42686140,42683140,42685140,42781140,42684140,42688140",42687140,42682140,42686140,42683140,42685140,42781140,42684140,42688140
14101,"42781141,42682141,42683141,42684141,42685141,42686141,42687141,42688141",42781141,42682141,42683141,42684141,42685141,42686141,42687141,42688141
14102,"42683141,42685141,42687141,42781141,42682141,42684141,42686141,42688141",42683141,42685141,42687141,42781141,42682141,42684141,42686141,42688141
14103,"42687141,42682141,42686141,42683141,42685141,42781141,42684141,42688141",42687141,42682141,42686141,42683141,42685141,42781141,42684141,42688141
14201,"42781142,42682142,42683142,42684142,42685142,42686142,42687142,42688142",42781142,42682142,42683142,42684142,42685142,42686142,42687142,42688142
14202,"42683142,42685142,42687142,42781142,42682142,42684142,42686142,42688142",42683142,42685142,42687142,42781142,42682142,42684142,42686142,42688142
14203,"42687142,42682142,42686142,42683142,42685142,42781142,42684142,42688142",42687142,42682142,42686142,42683142,42685142,42781142,42684142,42688142
14301,"42781143,42682143,42683143,42684143,42685143,42686143,42687143,42688143",42781143,42682143,42683143,42684143,42685143,42686143,42687143,42688143
14302,"42683143,42685143,42687143,42781143,42682143,42684143,42686143,42688143",42683143,42685143,42687143,42781143,42682143,42684143,42686143,42688143
14303,"42687143,42682143,42686143,42683143,42685143,42781143,42684143,42688143",42687143,42682143,42686143,42683143,42685143,42781143,42684143,42688143
14401,"42781144,42682144,42683144,42684144,42685144,42686144,42687144,42688144",42781144,42682144,42683144,42684144,42685144,42686144,42687144,42688144
14402,"42683144,42685144,42687144,42781144,42682144,42684144,42686144,42688144",42683144,42685144,42687144,42781144,42682144,42684144,42686144,42688144
14403,"42687144,42682144,42686144,42683144,42685144,42781144,42684144,42688144",42687144,42682144,42686144,42683144,42685144,42781144,42684144,42688144
14501,"42781145,42682145,42683145,42684145,42685145,42686145,42687145,42688145",42781145,42682145,42683145,42684145,42685145,42686145,42687145,42688145
14502,"42683145,42685145,42687145,42781145,42682145,42684145,42686145,42688145",42683145,42685145,42687145,42781145,42682145,42684145,42686145,42688145
14503,"42687145,42682145,42686145,42683145,42685145,42781145,42684145,42688145",42687145,42682145,42686145,42683145,42685145,42781145,42684145,42688145
14601,"42781146,42682146,42683146,42684146,42685146,42686146,42687146,42688146",42781146,42682146,42683146,42684146,42685146,42686146,42687146,42688146
14602,"42683146,42685146,42687146,42781146,42682146,42684146,42686146,42688146",42683146,42685146,42687146,42781146,42682146,42684146,42686146,42688146
14603,"42687146,42682146,42686146,42683146,42685146,42781146,42684146,42688146",42687146,42682146,42686146,42683146,42685146,42781146,42684146,42688146
14701,"42781147,42682147,42683147,42684147,42685147,42686147,42687147,42688147",42781147,42682147,42683147,42684147,42685147,42686147,42687147,42688147
14702,"42683147,42685147,42687147,42781147,42682147,42684147,42686147,42688147",42683147,42685147,42687147,42781147,42682147,42684147,42686147,42688147
14703,"42687147,42682147,42686147,42683147,42685147,42781147,42684147,42688147",42687147,42682147,42686147,42683147,42685147,42781147,42684147,42688147
14801,"42781148,42682148,42683148,42684148,42685148,42686148,42687148,42688148",42781148,42682148,42683148,42684148,42685148,42686148,42687148,42688148
14802,"42683148,42685148,42687148,42781148,42682148,42684148,42686148,42688148",42683148,42685148,42687148,42781148,42682148,42684148,42686148,42688148
14803,"42687148,42682148,42686148,42683148,42685148,42781148,42684148,42688148",42687148,42682148,42686148,42683148,42685148,42781148,42684148,42688148
14901,"42781149,42682149,42683149,42684149,42685149,42686149,42687149,42688149",42781149,42682149,42683149,42684149,42685149,42686149,42687149,42688149
14902,"42683149,42685149,42687149,42781149,42682149,42684149,42686149,42688149",42683149,42685149,42687149,42781149,42682149,42684149,42686149,42688149
14903,"42687149,42682149,42686149,42683149,42685149,42781149,42684149,42688149",42687149,42682149,42686149,42683149,42685149,42781149,42684149,42688149
15001,"42781150,42682150,42683150,42684150,42685150,42686150,42687150,42688150",42781150,42682150,42683150,42684150,42685150,42686150,42687150,42688150
15002,"42683150,42685150,42687150,42781150,42682150,42684150,42686150,42688150",42683150,42685150,42687150,42781150,42682150,42684150,42686150,42688150
15003,"42687150,42682150,42686150,42683150,42685150,42781150,42684150,42688150",42687150,42682150,42686150,42683150,42685150,42781150,42684150,42688150
15101,"42781151,42682151,42683151,42684151,42685151,42686151,42687151,42688151",42781151,42682151,42683151,42684151,42685151,42686151,42687151,42688151
15102,"42683151,42685151,42687151,42781151,42682151,42684151,42686151,42688151",42683151,42685151,42687151,42781151,42682151,42684151,42686151,42688151
15103,"42687151,42682151,42686151,42683151,42685151,42781151,42684151,42688151",42687151,42682151,42686151,42683151,42685151,42781151,42684151,42688151
15201,"42781152,42682152,42683152,42684152,42685152,42686152,42687152,42688152",42781152,42682152,42683152,42684152,42685152,42686152,42687152,42688152
15202,"42683152,42685152,42687152,42781152,42682152,42684152,42686152,42688152",42683152,42685152,42687152,42781152,42682152,42684152,42686152,42688152
15203,"42687152,42682152,42686152,42683152,42685152,42781152,42684152,42688152",42687152,42682152,42686152,42683152,42685152,42781152,42684152,42688152
15301,"42781153,42682153,42683153,42684153,42685153,42686153,42687153,42688153",42781153,42682153,42683153,42684153,42685153,42686153,42687153,42688153
15302,"42683153,42685153,42687153,42781153,42682153,42684153,42686153,42688153",42683153,42685153,42687153,42781153,42682153,42684153,42686153,42688153
15303,"42687153,42682153,42686153,42683153,42685153,42781153,42684153,42688153",42687153,42682153,42686153,42683153,42685153,42781153,42684153,42688153
15401,"42781154,42682154,42683154,42684154,42685154,42686154,42687154,42688154",42781154,42682154,42683154,42684154,42685154,42686154,42687154,42688154
15402,"42683154,42685154,42687154,42781154,42682154,42684154,42686154,42688154",42683154,42685154,42687154,42781154,42682154,42684154,42686154,42688154
15403,"42687154,42682154,42686154,42683154,42685154,42781154,42684154,42688154",42687154,42682154,42686154,42683154,42685154,42781154,42684154,42688154
15501,"42781155,42682155,42683155,42684155,42685155,42686155,42687155,42688155",42781155,42682155,42683155,42684155,42685155,42686155,42687155,42688155
15502,"42683155,42685155,42687155,42781155,42682155,42684155,42686155,42688155",42683155,42685155,42687155,42781155,42682155,42684155,42686155,42688155
15503,"42687155,42682155,42686155,42683155,42685155,42781155,42684155,42688155",42687155,42682155,42686155,42683155,42685155,42781155,42684155,42688155
15601,"42781156,42682156,42683156,42684156,42685156,42686156,42687156,42688156",42781156,42682156,42683156,42684156,42685156,42686156,42687156,42688156
15602,"42683156,42685156,42687156,42781156,42682156,42684156,42686156,42688156",42683156,42685156,42687156,42781156,42682156,42684156,42686156,42688156
15603,"42687156,42682156,42686156,42683156,42685156,42781156,42684156,42688156",42687156,42682156,42686156,42683156,42685156,42781156,42684156,42688156
15701,"42781157,42682157,42683157,42684157,42685157,42686157,42687157,42688157",42781157,42682157,42683157,42684157,42685157,42686157,42687157,42688157
15702,"42683157,42685157,42687157,42781157,42682157,42684157,42686157,42688157",42683157,42685157,42687157,42781157,42682157,42684157,42686157,42688157
15703,"42687157,42682157,42686157,42683157,42685157,42781157,42684157,42688157",42687157,42682157,42686157,42683157,42685157,42781157,42684157,42688157
15801,"42781158,42682158,42683158,42684158,42685158,42686158,42687158,42688158",42781158,42682158,42683158,42684158,42685158,42686158,42687158,42688158
15802,"42683158,42685158,42687158,42781158,42682158,42684158,42686158,42688158",42683158,42685158,42687158,42781158,42682158,42684158,42686158,42688158
15803,"42687158,42682158,42686158,42683158,42685158,42781158,42684158,42688158",42687158,42682158,42686158,42683158,42685158,42781158,42684158,42688158
15901,"42781159,42682159,42683159,42684159,42685159,42686159,42687159,42688159",42781159,42682159,42683159,42684159,42685159,42686159,42687159,42688159
15902,"42683159,42685159,42687159,42781159,42682159,42684159,42686159,42688159",42683159,42685159,42687159,42781159,42682159,42684159,42686159,42688159
15903,"42687159,42682159,42686159,42683159,42685159,42781159,42684159,42688159",42687159,42682159,42686159,42683159,42685159,42781159,42684159,42688159
16001,"42781160,42682160,42683160,42684160,42685160,42686160,42687160,42688160",42781160,42682160,42683160,42684160,42685160,42686160,42687160,42688160
16002,"42683160,42685160,42687160,42781160,42682160,42684160,42686160,42688160",42683160,42685160,42687160,42781160,42682160,42684160,42686160,42688160
16003,"42687160,42682160,42686160,42683160,42685160,42781160,42684160,42688160",42687160,42682160,42686160,42683160,42685160,42781160,42684160,42688160
