paipaiworld_config,Unnamed: 1,Unnamed: 2,Unnamed: 3,Unnamed: 4,Unnamed: 5,Unnamed: 6,Unnamed: 7,Unnamed: 8,Unnamed: 9,Unnamed: 10,Unnamed: 11,Unnamed: 12,Unnamed: 13
INT_K,INT_S,STRING,INT_S,INT_S,LIST<INT>_S,INT_S,INT_S,INT_S,LIST<INT>_S,LIST<INT>_S,INT_S,INT_S,STRING
formula_id,type,desc,parameter_1,parameter_2,parameter_8,parameter_3,parameter_4,parameter_5,parameter_9,parameter_10,parameter_11,parameter_12,desc1
公式id,公式类型,公式备注,参数1属性id,参数2属性id,参数8属性id,参数3属性id,参数4属性id,参数5属性id,参数9属性id,参数10属性id,参数11属性id,参数12属性id,公式备注
9001,0,迷宫武力值,9101,0,9201,0,9301,0,"9401,9402,9403,9404",9501,9601,9701,最终展示武力值 = {[参数1 * （1+参数2/10000) * （1+参数8/10000） * （1+参数3/10000) + 参数4]* (1+参数5/10000)*(1+参数9/10000)*(1+参数10/10000) +参数11}*（1+参数12/10000）
10257,0,迷宫掉落钱币,10258,0,0,0,0,0,10259,0,0,0,
10260,0,迷宫掉落经验,10261,0,0,0,0,0,10262,0,0,0,
3010000,0,迷宫-攻击,3010101,0,3010201,0,3010301,0,"3010401,3010402,3010403,3010404,3010405",3010501,3010601,3010701,攻击、防御、生命值 = {[参数1 * （1+参数2/10000) * （1+参数8/10000） * （1+参数3/10000) + 参数4]* (1+参数5/10000)*(1+参数9/10000)*(1+参数10/10000) +参数11}*（1+参数12/10000）
3020000,0,迷宫-防御,3020101,0,3020201,0,3020301,0,"3020401,3020502,3020603,3020704,3020805",3020501,3020601,3020701,公式计算出结果后 + 武力值转化出的攻防血= 面板总值
3030000,0,迷宫-生命,3030101,0,3030201,0,3030301,0,"3030401,3030502,3030603,3030704,3030805",3030501,3030601,3030701,
